[16:44:53] [main/INFO] (net.neoforged.fml.startup.Entrypoint) JVM Uptime at startup: 2757ms
[16:44:53] [main/INFO] (net.neoforged.fml.loading.FMLLoader) Starting FancyModLoader version 10.0.36 (CLIENT in DEV)
[16:44:53] [main/INFO] (net.neoforged.fml.loading.FMLLoader) Game directory: F:\Minecraft modding\Projects\Fabric-Neoforge\Logistic Pipes 2\neoforge\run
[16:44:53] [main/DEBUG] (net.neoforged.fml.loading.FMLPaths) Path GAMEDIR is F:\Minecraft modding\Projects\Fabric-Neoforge\Logistic Pipes 2\neoforge\run
[16:44:53] [main/DEBUG] (net.neoforged.fml.loading.FMLPaths) Path JIJ_CACHEDIR is F:\Minecraft modding\Projects\Fabric-Neoforge\Logistic Pipes 2\neoforge\run\.cache\jij
[16:44:53] [main/DEBUG] (net.neoforged.fml.loading.FMLPaths) Path MODSDIR is F:\Minecraft modding\Projects\Fabric-Neoforge\Logistic Pipes 2\neoforge\run\mods
[16:44:53] [main/DEBUG] (net.neoforged.fml.loading.FMLPaths) Path CONFIGDIR is F:\Minecraft modding\Projects\Fabric-Neoforge\Logistic Pipes 2\neoforge\run\config
[16:44:53] [main/DEBUG] (net.neoforged.fml.loading.FMLPaths) Path FMLCONFIG is F:\Minecraft modding\Projects\Fabric-Neoforge\Logistic Pipes 2\neoforge\run\config\fml.toml
[16:44:53] [ForkJoinPool.commonPool-worker-2/DEBUG] (net.neoforged.fml.loading.EarlyServiceDiscovery) C:\Users\VoiceLessQ\.gradle\caches\fabric-loom\forge\transformed-dependencies-v1\net\neoforged\fancymodloader\9bfaf3a66241288326c9f88ae8b30b31e11f5709d3506be0d5175715a0fc5daf\loader\10.0.36\loader-10.0.36.jar contains early service net.neoforged.neoforgespi.locating.IDependencyLocator
[16:44:53] [ForkJoinPool.commonPool-worker-4/DEBUG] (net.neoforged.fml.loading.EarlyServiceDiscovery) C:\Users\VoiceLessQ\.gradle\caches\modules-2\files-2.1\net.neoforged.fancymodloader\earlydisplay\10.0.36\dbd0e11d545443f602addede111c39d9639708f9\earlydisplay-10.0.36.jar contains early service net.neoforged.neoforgespi.earlywindow.ImmediateWindowProvider
[16:44:53] [ForkJoinPool.commonPool-worker-2/DEBUG] (net.neoforged.fml.loading.moddiscovery.ModFile) Loading mod file C:\Users\VoiceLessQ\.gradle\caches\fabric-loom\forge\transformed-dependencies-v1\net\neoforged\fancymodloader\9bfaf3a66241288326c9f88ae8b30b31e11f5709d3506be0d5175715a0fc5daf\loader\10.0.36\loader-10.0.36.jar with languages []
[16:44:53] [ForkJoinPool.commonPool-worker-4/DEBUG] (net.neoforged.fml.loading.moddiscovery.ModFile) Loading mod file C:\Users\VoiceLessQ\.gradle\caches\modules-2\files-2.1\net.neoforged.fancymodloader\earlydisplay\10.0.36\dbd0e11d545443f602addede111c39d9639708f9\earlydisplay-10.0.36.jar with languages []
[16:44:53] [main/INFO] (net.neoforged.fml.loading.EarlyServiceDiscovery) Found 2 early service jars (out of 118) in 27ms
[16:44:53] [main/INFO] (net.neoforged.fml.loading.FMLLoader) Loading FML Early Services:
[16:44:53] [main/INFO] (net.neoforged.fml.loading.FMLLoader)  - C:/Users/VoiceLessQ/.gradle/caches/modules-2/files-2.1/net.neoforged.fancymodloader/earlydisplay/10.0.36/dbd0e11d545443f602addede111c39d9639708f9/earlydisplay-10.0.36.jar
[16:44:53] [main/INFO] (net.neoforged.fml.loading.FMLLoader)  - C:/Users/VoiceLessQ/.gradle/caches/fabric-loom/forge/transformed-dependencies-v1/net/neoforged/fancymodloader/9bfaf3a66241288326c9f88ae8b30b31e11f5709d3506be0d5175715a0fc5daf/loader/10.0.36/loader-10.0.36.jar
[16:44:53] [main/DEBUG] (net.neoforged.fml.util.ServiceLoaderUtil) Found 0 implementations of GraphicsBootstrapper:
[16:44:53] [main/INFO] (net.neoforged.fml.loading.ImmediateWindowHandler) Loading ImmediateWindowProvider fmlearlywindow
[16:44:53] [main/DEBUG] (net.neoforged.fml.util.ServiceLoaderUtil) Found 1 implementations of ImmediateWindowProvider:
[16:44:53] [main/DEBUG] (net.neoforged.fml.util.ServiceLoaderUtil) 	net.neoforged.fml.earlydisplay.DisplayWindow from C:/Users/VoiceLessQ/.gradle/caches/modules-2/files-2.1/net.neoforged.fancymodloader/earlydisplay/10.0.36/dbd0e11d545443f602addede111c39d9639708f9/earlydisplay-10.0.36.jar
[16:44:53] [main/DEBUG] (net.neoforged.fml.earlydisplay.theme.ThemeLoader) Loading built-in theme default
[16:44:54] [ForkJoinPool.commonPool-worker-13/DEBUG] (net.neoforged.fml.util.ServiceLoaderUtil) Found 4 implementations of IModFileCandidateLocator:
[16:44:54] [ForkJoinPool.commonPool-worker-13/DEBUG] (net.neoforged.fml.util.ServiceLoaderUtil) 	    1000 - [built-in] net.neoforged.fml.loading.moddiscovery.locators.GameLocator from C:/Users/VoiceLessQ/.gradle/caches/fabric-loom/forge/transformed-dependencies-v1/net/neoforged/fancymodloader/9bfaf3a66241288326c9f88ae8b30b31e11f5709d3506be0d5175715a0fc5daf/loader/10.0.36/loader-10.0.36.jar
[16:44:54] [ForkJoinPool.commonPool-worker-13/DEBUG] (net.neoforged.fml.util.ServiceLoaderUtil) 	    1000 - [built-in] net.neoforged.fml.loading.moddiscovery.locators.InDevFolderLocator from C:/Users/VoiceLessQ/.gradle/caches/fabric-loom/forge/transformed-dependencies-v1/net/neoforged/fancymodloader/9bfaf3a66241288326c9f88ae8b30b31e11f5709d3506be0d5175715a0fc5daf/loader/10.0.36/loader-10.0.36.jar
[16:44:54] [ForkJoinPool.commonPool-worker-13/DEBUG] (net.neoforged.fml.util.ServiceLoaderUtil) 	    1000 - [built-in] net.neoforged.fml.loading.moddiscovery.locators.InDevJarLocator from C:/Users/VoiceLessQ/.gradle/caches/fabric-loom/forge/transformed-dependencies-v1/net/neoforged/fancymodloader/9bfaf3a66241288326c9f88ae8b30b31e11f5709d3506be0d5175715a0fc5daf/loader/10.0.36/loader-10.0.36.jar
[16:44:54] [ForkJoinPool.commonPool-worker-13/DEBUG] (net.neoforged.fml.util.ServiceLoaderUtil) 	       0 - [built-in] net.neoforged.fml.loading.moddiscovery.locators.ModsFolderLocator from C:/Users/VoiceLessQ/.gradle/caches/fabric-loom/forge/transformed-dependencies-v1/net/neoforged/fancymodloader/9bfaf3a66241288326c9f88ae8b30b31e11f5709d3506be0d5175715a0fc5daf/loader/10.0.36/loader-10.0.36.jar
[16:44:54] [ForkJoinPool.commonPool-worker-13/DEBUG] (net.neoforged.fml.util.ServiceLoaderUtil) Found 2 implementations of IModFileReader:
[16:44:54] [ForkJoinPool.commonPool-worker-13/DEBUG] (net.neoforged.fml.util.ServiceLoaderUtil) 	       0 - net.neoforged.fml.loading.moddiscovery.readers.JarModsDotTomlModFileReader from C:/Users/VoiceLessQ/.gradle/caches/fabric-loom/forge/transformed-dependencies-v1/net/neoforged/fancymodloader/9bfaf3a66241288326c9f88ae8b30b31e11f5709d3506be0d5175715a0fc5daf/loader/10.0.36/loader-10.0.36.jar
[16:44:54] [ForkJoinPool.commonPool-worker-13/DEBUG] (net.neoforged.fml.util.ServiceLoaderUtil) 	   -1000 - net.neoforged.fml.loading.moddiscovery.readers.NestedLibraryModReader from C:/Users/VoiceLessQ/.gradle/caches/fabric-loom/forge/transformed-dependencies-v1/net/neoforged/fancymodloader/9bfaf3a66241288326c9f88ae8b30b31e11f5709d3506be0d5175715a0fc5daf/loader/10.0.36/loader-10.0.36.jar
[16:44:54] [ForkJoinPool.commonPool-worker-13/DEBUG] (net.neoforged.fml.util.ServiceLoaderUtil) Found 1 implementations of IDependencyLocator:
[16:44:54] [ForkJoinPool.commonPool-worker-13/DEBUG] (net.neoforged.fml.util.ServiceLoaderUtil) 	       0 - net.neoforged.fml.loading.moddiscovery.locators.JarInJarDependencyLocator from C:/Users/VoiceLessQ/.gradle/caches/fabric-loom/forge/transformed-dependencies-v1/net/neoforged/fancymodloader/9bfaf3a66241288326c9f88ae8b30b31e11f5709d3506be0d5175715a0fc5daf/loader/10.0.36/loader-10.0.36.jar
[16:44:54] [ForkJoinPool.commonPool-worker-13/DEBUG] (net.neoforged.fml.loading.moddiscovery.ModDiscoverer) Scanning for mods and other resources to load. We know 4 ways to find mods
[16:44:54] [ForkJoinPool.commonPool-worker-13/DEBUG] (net.neoforged.fml.loading.moddiscovery.ModDiscoverer) Trying locator game locator
[16:44:54] [ForkJoinPool.commonPool-worker-13/DEBUG] (net.neoforged.fml.loading.moddiscovery.locators.RequiredSystemFiles) Found NeoForge MANIFEST.MF in jar(C:/Users/VoiceLessQ/.gradle/caches/fabric-loom/minecraftMaven/net/minecraft/neoforge-21.11.38-beta-minecraft-merged/1.21.11-loom.mappings.1_21_11.layered+hash.40359-v2-neoforge-21.11.38-beta/neoforge-21.11.38-beta-minecraft-merged-1.21.11-loom.mappings.1_21_11.layered+hash.40359-v2-neoforge-21.11.38-beta.jar)
[16:44:54] [ForkJoinPool.commonPool-worker-13/INFO] (net.neoforged.fml.loading.moddiscovery.locators.GameLocator) Detected a joined NeoForge and Minecraft configuration. Applying filtering...
[16:44:54] [ForkJoinPool.commonPool-worker-13/DEBUG] (net.neoforged.fml.loading.moddiscovery.ModFileInfo) Found valid mod file client-extra.jar with {minecraft} mods - versions {1.21.11}
[16:44:54] [ForkJoinPool.commonPool-worker-13/DEBUG] (net.neoforged.fml.loading.moddiscovery.ModFile) Loading mod file C:\Users\VoiceLessQ\.gradle\caches\fabric-loom\1.21.11\neoforge\21.11.38-beta\client-extra.jar with languages [LanguageSpec[languageName=minecraft, acceptedVersions=1]]
[16:44:54] [ForkJoinPool.commonPool-worker-13/INFO] (net.neoforged.fml.loading.moddiscovery.ModDiscoverer) Found mod file "client-extra.jar" [locator: game locator]
[16:44:54] [ForkJoinPool.commonPool-worker-13/DEBUG] (net.neoforged.fml.loading.moddiscovery.readers.JarModsDotTomlModFileReader) Found META-INF/neoforge.mods.toml mod of type null: C:\Users\VoiceLessQ\.gradle\caches\fabric-loom\minecraftMaven\net\minecraft\neoforge-21.11.38-beta-minecraft-merged\1.21.11-loom.mappings.1_21_11.layered+hash.40359-v2-neoforge-21.11.38-beta\neoforge-21.11.38-beta-minecraft-merged-1.21.11-loom.mappings.1_21_11.layered+hash.40359-v2-neoforge-21.11.38-beta.jar
[16:44:54] [ForkJoinPool.commonPool-worker-13/DEBUG] (net.neoforged.fml.loading.moddiscovery.ModFileParser) Considering mod file candidate C:\Users\VoiceLessQ\.gradle\caches\fabric-loom\minecraftMaven\net\minecraft\neoforge-21.11.38-beta-minecraft-merged\1.21.11-loom.mappings.1_21_11.layered+hash.40359-v2-neoforge-21.11.38-beta\neoforge-21.11.38-beta-minecraft-merged-1.21.11-loom.mappings.1_21_11.layered+hash.40359-v2-neoforge-21.11.38-beta.jar
[16:44:54] [ForkJoinPool.commonPool-worker-13/DEBUG] (net.neoforged.fml.loading.moddiscovery.ModFileInfo) Found valid mod file neoforge-21.11.38-beta-minecraft-merged-1.21.11-loom.mappings.1_21_11.layered+hash.40359-v2-neoforge-21.11.38-beta.jar with {neoforge} mods - versions {21.11.38-beta}
[16:44:54] [ForkJoinPool.commonPool-worker-13/DEBUG] (net.neoforged.fml.loading.moddiscovery.ModFile) Loading mod file C:\Users\VoiceLessQ\.gradle\caches\fabric-loom\minecraftMaven\net\minecraft\neoforge-21.11.38-beta-minecraft-merged\1.21.11-loom.mappings.1_21_11.layered+hash.40359-v2-neoforge-21.11.38-beta\neoforge-21.11.38-beta-minecraft-merged-1.21.11-loom.mappings.1_21_11.layered+hash.40359-v2-neoforge-21.11.38-beta.jar with languages [LanguageSpec[languageName=javafml, acceptedVersions=[3,]]]
[16:44:54] [ForkJoinPool.commonPool-worker-13/DEBUG] (net.neoforged.fml.loading.moddiscovery.ModFile) Found mixin config MixinConfig[config=neoforge.mixins.json, requiredMods=[], behaviorVersion=null]
[16:44:54] [ForkJoinPool.commonPool-worker-13/INFO] (net.neoforged.fml.loading.moddiscovery.ModDiscoverer) Found mod file "neoforge-21.11.38-beta-minecraft-merged-1.21.11-loom.mappings.1_21_11.layered+hash.40359-v2-neoforge-21.11.38-beta.jar" [locator: game locator]
[16:44:54] [ForkJoinPool.commonPool-worker-13/DEBUG] (net.neoforged.fml.loading.moddiscovery.ModDiscoverer) Locator game locator found 2 mods, 0 warnings, 0 errors and skipped 0 candidates
[16:44:54] [ForkJoinPool.commonPool-worker-13/DEBUG] (net.neoforged.fml.loading.moddiscovery.ModDiscoverer) Trying locator indevfolder
[16:44:54] [ForkJoinPool.commonPool-worker-13/INFO] (net.neoforged.fml.loading.moddiscovery.locators.InDevFolderLocator) Got mod coordinates main%%F:\Minecraft modding\Projects\Fabric-Neoforge\Logistic Pipes 2\neoforge\build\resources\main;main%%F:\Minecraft modding\Projects\Fabric-Neoforge\Logistic Pipes 2\neoforge\build\classes\java\main from env
[16:44:54] [ForkJoinPool.commonPool-worker-13/DEBUG] (net.neoforged.fml.loading.moddiscovery.readers.JarModsDotTomlModFileReader) Found META-INF/neoforge.mods.toml mod of type null: F:\Minecraft modding\Projects\Fabric-Neoforge\Logistic Pipes 2\neoforge\build\resources\main
[16:44:54] [ForkJoinPool.commonPool-worker-13/DEBUG] (net.neoforged.fml.loading.moddiscovery.ModFileParser) Considering mod file candidate F:\Minecraft modding\Projects\Fabric-Neoforge\Logistic Pipes 2\neoforge\build\resources\main
[16:44:54] [ForkJoinPool.commonPool-worker-13/DEBUG] (net.neoforged.fml.loading.moddiscovery.ModFileInfo) Found valid mod file main with {morph} mods - versions {1.0.0}
[16:44:54] [ForkJoinPool.commonPool-worker-13/DEBUG] (net.neoforged.fml.loading.moddiscovery.ModFile) Loading mod file F:\Minecraft modding\Projects\Fabric-Neoforge\Logistic Pipes 2\neoforge\build\resources\main with languages [LanguageSpec[languageName=javafml, acceptedVersions=[10,)]]
[16:44:54] [ForkJoinPool.commonPool-worker-13/DEBUG] (net.neoforged.fml.loading.moddiscovery.ModFile) Found mixin config MixinConfig[config=morph.mixins.json, requiredMods=[], behaviorVersion=null]
[16:44:54] [ForkJoinPool.commonPool-worker-13/INFO] (net.neoforged.fml.loading.moddiscovery.ModDiscoverer) Found mod file "main" [locator: indevfolder, reader: mod manifest]
[16:44:54] [ForkJoinPool.commonPool-worker-13/DEBUG] (net.neoforged.fml.loading.moddiscovery.ModDiscoverer) Locator indevfolder found 1 mods, 0 warnings, 0 errors and skipped 0 candidates
[16:44:54] [ForkJoinPool.commonPool-worker-13/DEBUG] (net.neoforged.fml.loading.moddiscovery.ModDiscoverer) Trying locator indevjar
[16:44:54] [ForkJoinPool.commonPool-worker-13/DEBUG] (net.neoforged.fml.loading.moddiscovery.ModDiscoverer) Skipping C:\Users\VoiceLessQ\.gradle\caches\fabric-loom\minecraftMaven\net\minecraft\neoforge-21.11.38-beta-minecraft-merged\1.21.11-loom.mappings.1_21_11.layered+hash.40359-v2-neoforge-21.11.38-beta\neoforge-21.11.38-beta-minecraft-merged-1.21.11-loom.mappings.1_21_11.layered+hash.40359-v2-neoforge-21.11.38-beta.jar because it was already located earlier
[16:44:54] [ForkJoinPool.commonPool-worker-13/DEBUG] (net.neoforged.fml.loading.moddiscovery.readers.JarModsDotTomlModFileReader) Found META-INF/neoforge.mods.toml mod of type null: F:\Minecraft modding\Projects\Fabric-Neoforge\Logistic Pipes 2\.gradle\loom-cache\remapped_mods\remapped\dev\architectury\architectury-neoforge-d73eb3ca\19.0.1\architectury-neoforge-d73eb3ca-19.0.1.jar
[16:44:54] [ForkJoinPool.commonPool-worker-13/DEBUG] (net.neoforged.fml.loading.moddiscovery.ModFileParser) Considering mod file candidate F:\Minecraft modding\Projects\Fabric-Neoforge\Logistic Pipes 2\.gradle\loom-cache\remapped_mods\remapped\dev\architectury\architectury-neoforge-d73eb3ca\19.0.1\architectury-neoforge-d73eb3ca-19.0.1.jar
[16:44:54] [ForkJoinPool.commonPool-worker-13/DEBUG] (net.neoforged.fml.loading.moddiscovery.ModFileInfo) Found valid mod file architectury-neoforge-d73eb3ca-19.0.1.jar with {architectury} mods - versions {19.0.1}
[16:44:54] [ForkJoinPool.commonPool-worker-13/DEBUG] (net.neoforged.fml.loading.moddiscovery.ModFile) Loading mod file F:\Minecraft modding\Projects\Fabric-Neoforge\Logistic Pipes 2\.gradle\loom-cache\remapped_mods\remapped\dev\architectury\architectury-neoforge-d73eb3ca\19.0.1\architectury-neoforge-d73eb3ca-19.0.1.jar with languages [LanguageSpec[languageName=javafml, acceptedVersions=[1,)]]
[16:44:54] [ForkJoinPool.commonPool-worker-13/DEBUG] (net.neoforged.fml.loading.moddiscovery.ModFile) Found mixin config MixinConfig[config=architectury.mixins.json, requiredMods=[], behaviorVersion=null]
[16:44:54] [ForkJoinPool.commonPool-worker-13/DEBUG] (net.neoforged.fml.loading.moddiscovery.ModFile) Found mixin config MixinConfig[config=architectury-common.mixins.json, requiredMods=[], behaviorVersion=null]
[16:44:54] [ForkJoinPool.commonPool-worker-13/INFO] (net.neoforged.fml.loading.moddiscovery.ModDiscoverer) Found mod file "architectury-neoforge-d73eb3ca-19.0.1.jar" [locator: indevjar, reader: mod manifest]
[16:44:54] [ForkJoinPool.commonPool-worker-13/DEBUG] (net.neoforged.fml.loading.moddiscovery.readers.JarModsDotTomlModFileReader) Found META-INF/neoforge.mods.toml mod of type null: C:\Users\VoiceLessQ\AppData\Local\Temp\18073502988082505907.jar
[16:44:54] [ForkJoinPool.commonPool-worker-13/DEBUG] (net.neoforged.fml.loading.moddiscovery.ModFileParser) Considering mod file candidate C:\Users\VoiceLessQ\AppData\Local\Temp\18073502988082505907.jar
[16:44:54] [ForkJoinPool.commonPool-worker-13/DEBUG] (net.neoforged.fml.loading.moddiscovery.ModFileInfo) Found valid mod file 18073502988082505907.jar with {generated_8d6810b} mods - versions {1}
[16:44:54] [ForkJoinPool.commonPool-worker-13/DEBUG] (net.neoforged.fml.loading.moddiscovery.ModFile) Loading mod file C:\Users\VoiceLessQ\AppData\Local\Temp\18073502988082505907.jar with languages [LanguageSpec[languageName=javafml, acceptedVersions=[1,)]]
[16:44:54] [ForkJoinPool.commonPool-worker-13/INFO] (net.neoforged.fml.loading.moddiscovery.ModDiscoverer) Found mod file "18073502988082505907.jar" [locator: indevjar, reader: mod manifest]
[16:44:54] [ForkJoinPool.commonPool-worker-13/DEBUG] (net.neoforged.fml.loading.moddiscovery.readers.JarModsDotTomlModFileReader) Found META-INF/MANIFEST.MF mod of type GAMELIBRARY: C:\Users\VoiceLessQ\.gradle\caches\modules-2\files-2.1\io.github.llamalad7\mixinextras-neoforge\0.5.0\d734b83ce6542bb70ea31755c1595b88992dbe65\mixinextras-neoforge-0.5.0.jar
[16:44:54] [ForkJoinPool.commonPool-worker-13/DEBUG] (net.neoforged.fml.loading.moddiscovery.ModFile) Loading mod file C:\Users\VoiceLessQ\.gradle\caches\modules-2\files-2.1\io.github.llamalad7\mixinextras-neoforge\0.5.0\d734b83ce6542bb70ea31755c1595b88992dbe65\mixinextras-neoforge-0.5.0.jar with languages []
[16:44:54] [ForkJoinPool.commonPool-worker-13/INFO] (net.neoforged.fml.loading.moddiscovery.ModDiscoverer) Found gamelibrary file "mixinextras-neoforge-0.5.0.jar" [locator: indevjar, reader: mod manifest]
[16:44:54] [ForkJoinPool.commonPool-worker-13/DEBUG] (net.neoforged.fml.loading.moddiscovery.ModDiscoverer) Locator indevjar found 3 mods, 0 warnings, 0 errors and skipped 1 candidates
[16:44:54] [ForkJoinPool.commonPool-worker-13/DEBUG] (net.neoforged.fml.loading.moddiscovery.ModDiscoverer) Trying locator {mods folder locator at F:\Minecraft modding\Projects\Fabric-Neoforge\Logistic Pipes 2\neoforge\run\mods}
[16:44:54] [ForkJoinPool.commonPool-worker-13/DEBUG] (net.neoforged.fml.loading.moddiscovery.locators.ModsFolderLocator) Scanning mods dir F:\Minecraft modding\Projects\Fabric-Neoforge\Logistic Pipes 2\neoforge\run\mods for mods
[16:44:54] [ForkJoinPool.commonPool-worker-13/DEBUG] (net.neoforged.fml.loading.moddiscovery.ModDiscoverer) Locator {mods folder locator at F:\Minecraft modding\Projects\Fabric-Neoforge\Logistic Pipes 2\neoforge\run\mods} found 0 mods, 0 warnings, 0 errors and skipped 0 candidates
[16:44:54] [ForkJoinPool.commonPool-worker-13/DEBUG] (net.neoforged.fml.loading.moddiscovery.ModDiscoverer) Successfully Loaded 6 mods. Attempting to load dependencies...
[16:44:54] [ForkJoinPool.commonPool-worker-13/DEBUG] (net.neoforged.fml.loading.moddiscovery.ModDiscoverer) Trying locator jarinjar
[16:44:54] [fml-loadingscreen/INFO] (net.neoforged.fml.earlydisplay.render.LoadingScreenRenderer) GL info: NVIDIA GeForce RTX 4090/PCIe/SSE2 GL version 3.3.0 NVIDIA 591.86, NVIDIA Corporation
[16:44:54] [ForkJoinPool.commonPool-worker-13/DEBUG] (net.neoforged.fml.loading.moddiscovery.readers.JarModsDotTomlModFileReader) Found META-INF/MANIFEST.MF mod of type GAMELIBRARY: F:\Minecraft modding\Projects\Fabric-Neoforge\Logistic Pipes 2\neoforge\run\.cache\jij\9c617719248f8b89847348fc7ea5e705739c147ae5e172551264d225bc9f2507\mixinextras-neoforge-0.5.0.jar
[16:44:54] [ForkJoinPool.commonPool-worker-13/DEBUG] (net.neoforged.fml.loading.moddiscovery.ModFile) Loading mod file F:\Minecraft modding\Projects\Fabric-Neoforge\Logistic Pipes 2\neoforge\run\.cache\jij\9c617719248f8b89847348fc7ea5e705739c147ae5e172551264d225bc9f2507\mixinextras-neoforge-0.5.0.jar with languages []
[16:44:55] [ForkJoinPool.commonPool-worker-13/DEBUG] (net.neoforged.fml.loading.moddiscovery.readers.JarModsDotTomlModFileReader) Found META-INF/MANIFEST.MF mod of type LIBRARY: F:\Minecraft modding\Projects\Fabric-Neoforge\Logistic Pipes 2\neoforge\run\.cache\jij\54bb3c61f37ced77ba30dc02ca5b2f71ced259612101a8b1325855cff9d9755c\net.neoforged.neoforge-coremods-21.11.38-beta.jar
[16:44:55] [ForkJoinPool.commonPool-worker-13/DEBUG] (net.neoforged.fml.loading.moddiscovery.ModFile) Loading mod file F:\Minecraft modding\Projects\Fabric-Neoforge\Logistic Pipes 2\neoforge\run\.cache\jij\54bb3c61f37ced77ba30dc02ca5b2f71ced259612101a8b1325855cff9d9755c\net.neoforged.neoforge-coremods-21.11.38-beta.jar with languages []
[16:44:55] [ForkJoinPool.commonPool-worker-13/WARN] (net.neoforged.jarjar.selection.JarSelector) Attempted to select a dependency jar for JarJar which was passed in as source: library:mixinextras.neoforge. Using jar(C:/Users/VoiceLessQ/.gradle/caches/modules-2/files-2.1/io.github.llamalad7/mixinextras-neoforge/0.5.0/d734b83ce6542bb70ea31755c1595b88992dbe65/mixinextras-neoforge-0.5.0.jar)
[16:44:55] [ForkJoinPool.commonPool-worker-13/INFO] (net.neoforged.fml.loading.moddiscovery.locators.JarInJarDependencyLocator) Found 1 dependencies adding them to mods collection
[16:44:55] [ForkJoinPool.commonPool-worker-13/INFO] (net.neoforged.fml.loading.moddiscovery.ModDiscoverer) Found library file "net.neoforged.neoforge-coremods-21.11.38-beta.jar" [parent: neoforge-21.11.38-beta-minecraft-merged-1.21.11-loom.mappings.1_21_11.layered+hash.40359-v2-neoforge-21.11.38-beta.jar, locator: jarinjar, reader: mod manifest]
[16:44:55] [ForkJoinPool.commonPool-worker-13/INFO] (net.neoforged.fml.loading.moddiscovery.ModDiscoverer) 
     Mod List:
		Name Version (Mod Id)

		Architectury 19.0.1 (architectury)
		generated_8d6810b 1 (generated_8d6810b)
		Minecraft 1.21.11 (minecraft)
		Morph 1.0.0 (morph)
		NeoForge 21.11.38-beta (neoforge)
[16:44:55] [ForkJoinPool.commonPool-worker-13/DEBUG] (net.neoforged.fml.loading.ModSorter) Configured system mods: [minecraft, neoforge]
[16:44:55] [ForkJoinPool.commonPool-worker-13/DEBUG] (net.neoforged.fml.loading.ModSorter) Found system mod: minecraft
[16:44:55] [ForkJoinPool.commonPool-worker-13/DEBUG] (net.neoforged.fml.loading.ModSorter) Found system mod: neoforge
[16:44:55] [ForkJoinPool.commonPool-worker-13/DEBUG] (net.neoforged.fml.loading.ModSorter) Found 5 mod requirements (5 mandatory, 0 optional)
[16:44:55] [ForkJoinPool.commonPool-worker-13/DEBUG] (net.neoforged.fml.loading.ModSorter) Found 0 mod requirements missing (0 mandatory, 0 optional)
[16:44:55] [main/INFO] (mixin) SpongePowered MIXIN Subsystem Version=0.8.7 Source=file:/C:/Users/VoiceLessQ/.gradle/caches/modules-2/files-2.1/net.fabricmc/sponge-mixin/0.16.5+mixin.0.8.7/80fc3a9f592673cea87f4cd702f87991c6c9fe4d/sponge-mixin-0.16.5+mixin.0.8.7.jar Service=FML Env=CLIENT
[16:44:55] [main/DEBUG] (mixin) Initialising Mixin Platform Manager
[16:44:55] [main/DEBUG] (mixin) Adding mixin platform agents for container ContainerHandleVirtual(fml:18c85)
[16:44:55] [main/DEBUG] (mixin) Instancing new MixinPlatformAgentDefault for ContainerHandleVirtual(fml:18c85)
[16:44:55] [main/DEBUG] (mixin) MixinPlatformAgentDefault accepted container ContainerHandleVirtual(fml:18c85)
[16:44:55] [main/DEBUG] (mixin) Instancing new MixinPlatformAgentDefault for ContainerHandleVirtual(fml:18c85)
[16:44:55] [main/DEBUG] (mixin) MixinPlatformAgentDefault accepted container ContainerHandleVirtual(fml:18c85)
[16:44:55] [main/DEBUG] (mixin) Processing prepare() for PlatformAgent[MixinPlatformAgentDefault:ContainerHandleVirtual(fml:18c85)]
[16:44:55] [main/DEBUG] (mixin) Processing prepare() for PlatformAgent[MixinPlatformAgentDefault:ContainerHandleVirtual(fml:18c85)]
[16:44:55] [main/INFO] (net.neoforged.fml.loading.FMLLoader) Loading FML Plugins:
[16:44:55] [main/INFO] (net.neoforged.fml.loading.FMLLoader)  - C:/Users/VoiceLessQ/.gradle/caches/fabric-loom/minecraftMaven/net/minecraft/neoforge-21.11.38-beta-minecraft-merged/1.21.11-loom.mappings.1_21_11.layered+hash.40359-v2-neoforge-21.11.38-beta/neoforge-21.11.38-beta-minecraft-merged-1.21.11-loom.mappings.1_21_11.layered+hash.40359-v2-neoforge-21.11.38-beta.jar > net.neoforged.neoforge-coremods-21.11.38-beta.jar
[16:44:55] [main/DEBUG] (net.neoforged.fml.util.ServiceLoaderUtil) Found 2 implementations of IModLanguageLoader:
[16:44:55] [main/DEBUG] (net.neoforged.fml.util.ServiceLoaderUtil) 	net.neoforged.fml.javafmlmod.FMLJavaModLanguageProvider from C:/Users/VoiceLessQ/.gradle/caches/fabric-loom/forge/transformed-dependencies-v1/net/neoforged/fancymodloader/9bfaf3a66241288326c9f88ae8b30b31e11f5709d3506be0d5175715a0fc5daf/loader/10.0.36/loader-10.0.36.jar
[16:44:55] [main/DEBUG] (net.neoforged.fml.util.ServiceLoaderUtil) 	net.neoforged.fml.mclanguageprovider.MinecraftModLanguageProvider from C:/Users/VoiceLessQ/.gradle/caches/fabric-loom/forge/transformed-dependencies-v1/net/neoforged/fancymodloader/9bfaf3a66241288326c9f88ae8b30b31e11f5709d3506be0d5175715a0fc5daf/loader/10.0.36/loader-10.0.36.jar
[16:44:55] [main/DEBUG] (net.neoforged.fml.loading.LanguageProviderLoader) Found language provider javafml, version 10.0
[16:44:55] [main/DEBUG] (net.neoforged.fml.loading.LanguageProviderLoader) Found language provider minecraft, version 10.0
[16:44:55] [main/DEBUG] (net.neoforged.fml.loading.FMLLoader) Adding Access Transformer META-INF/accesstransformer.cfg in jar(F:/Minecraft modding/Projects/Fabric-Neoforge/Logistic Pipes 2/.gradle/loom-cache/remapped_mods/remapped/dev/architectury/architectury-neoforge-d73eb3ca/19.0.1/architectury-neoforge-d73eb3ca-19.0.1.jar)
[16:44:55] [main/DEBUG] (AXFORM) Loaded access transformer META-INF/accesstransformer.cfg
[16:44:55] [main/DEBUG] (net.neoforged.fml.loading.FMLLoader) Adding Access Transformer META-INF/accesstransformer.cfg in composite(filtered(jar(C:/Users/VoiceLessQ/.gradle/caches/fabric-loom/minecraftMaven/net/minecraft/neoforge-21.11.38-beta-minecraft-merged/1.21.11-loom.mappings.1_21_11.layered+hash.40359-v2-neoforge-21.11.38-beta/neoforge-21.11.38-beta-minecraft-merged-1.21.11-loom.mappings.1_21_11.layered+hash.40359-v2-neoforge-21.11.38-beta.jar)))
[16:44:55] [main/DEBUG] (AXFORM) Loaded access transformer META-INF/accesstransformer.cfg
[16:44:55] [main/DEBUG] (net.neoforged.fml.loading.FMLLoader) Adding Access Transformer META-INF/accesstransformergenerated.cfg in composite(filtered(jar(C:/Users/VoiceLessQ/.gradle/caches/fabric-loom/minecraftMaven/net/minecraft/neoforge-21.11.38-beta-minecraft-merged/1.21.11-loom.mappings.1_21_11.layered+hash.40359-v2-neoforge-21.11.38-beta/neoforge-21.11.38-beta-minecraft-merged-1.21.11-loom.mappings.1_21_11.layered+hash.40359-v2-neoforge-21.11.38-beta.jar)))
[16:44:55] [main/DEBUG] (AXFORM) Loaded access transformer META-INF/accesstransformergenerated.cfg
[16:44:55] [main/INFO] (unprotect) Initializing Unprotect using FancyModLoader backend, target: Minecraft and loader classes (minecraft+forge)
[16:44:55] [main/DEBUG] (net.neoforged.fml.util.ServiceLoaderUtil) Found 6 implementations of ClassProcessor:
[16:44:55] [main/DEBUG] (net.neoforged.fml.util.ServiceLoaderUtil) 	[built-in] net.neoforged.fml.common.asm.AccessTransformerService from C:/Users/VoiceLessQ/.gradle/caches/fabric-loom/forge/transformed-dependencies-v1/net/neoforged/fancymodloader/9bfaf3a66241288326c9f88ae8b30b31e11f5709d3506be0d5175715a0fc5daf/loader/10.0.36/loader-10.0.36.jar
[16:44:55] [main/DEBUG] (net.neoforged.fml.util.ServiceLoaderUtil) 	[built-in] net.neoforged.fml.common.asm.enumextension.RuntimeEnumExtender from C:/Users/VoiceLessQ/.gradle/caches/fabric-loom/forge/transformed-dependencies-v1/net/neoforged/fancymodloader/9bfaf3a66241288326c9f88ae8b30b31e11f5709d3506be0d5175715a0fc5daf/loader/10.0.36/loader-10.0.36.jar
[16:44:55] [main/DEBUG] (net.neoforged.fml.util.ServiceLoaderUtil) 	[built-in] net.neoforged.fml.common.asm.SimpleProcessorsGroup from C:/Users/VoiceLessQ/.gradle/caches/fabric-loom/forge/transformed-dependencies-v1/net/neoforged/fancymodloader/9bfaf3a66241288326c9f88ae8b30b31e11f5709d3506be0d5175715a0fc5daf/loader/10.0.36/loader-10.0.36.jar
[16:44:55] [main/DEBUG] (net.neoforged.fml.util.ServiceLoaderUtil) 	[built-in] net.neoforged.fml.loading.moddiscovery.locators.NeoForgeDevDistCleaner from C:/Users/VoiceLessQ/.gradle/caches/fabric-loom/forge/transformed-dependencies-v1/net/neoforged/fancymodloader/9bfaf3a66241288326c9f88ae8b30b31e11f5709d3506be0d5175715a0fc5daf/loader/10.0.36/loader-10.0.36.jar
[16:44:55] [main/DEBUG] (net.neoforged.fml.util.ServiceLoaderUtil) 	[built-in] net.neoforged.fml.loading.mixin.FMLMixinClassProcessor from C:/Users/VoiceLessQ/.gradle/caches/fabric-loom/forge/transformed-dependencies-v1/net/neoforged/fancymodloader/9bfaf3a66241288326c9f88ae8b30b31e11f5709d3506be0d5175715a0fc5daf/loader/10.0.36/loader-10.0.36.jar
[16:44:55] [main/DEBUG] (net.neoforged.fml.util.ServiceLoaderUtil) 	juuxel.unprotect.fancymodloader10.UnprotectClassProcessor from C:/Users/VoiceLessQ/.gradle/caches/modules-2/files-2.1/io.github.juuxel/unprotect-fancymodloader10/2.0.2/96f3771ea4502dd18d3e8e11d43e303dfe6df1d2/unprotect-fancymodloader10-2.0.2.jar
[16:44:55] [main/DEBUG] (net.neoforged.fml.util.ServiceLoaderUtil) Found 1 implementations of ClassProcessorProvider:
[16:44:55] [main/DEBUG] (net.neoforged.fml.util.ServiceLoaderUtil) 	net.neoforged.neoforge.coremods.NeoForgeCoreMod from C:/Users/VoiceLessQ/.gradle/caches/fabric-loom/minecraftMaven/net/minecraft/neoforge-21.11.38-beta-minecraft-merged/1.21.11-loom.mappings.1_21_11.layered+hash.40359-v2-neoforge-21.11.38-beta/neoforge-21.11.38-beta-minecraft-merged-1.21.11-loom.mappings.1_21_11.layered+hash.40359-v2-neoforge-21.11.38-beta.jar > net.neoforged.neoforge-coremods-21.11.38-beta.jar
[16:44:55] [main/DEBUG] (net.neoforged.fml.loading.FMLLoader) Masking classpath elements: [C:/Users/VoiceLessQ/.gradle/caches/fabric-loom/1.21.11/neoforge/21.11.38-beta/client-extra.jar, C:/Users/VoiceLessQ/.gradle/caches/modules-2/files-2.1/io.github.llamalad7/mixinextras-neoforge/0.5.0/d734b83ce6542bb70ea31755c1595b88992dbe65/mixinextras-neoforge-0.5.0.jar, C:/Users/VoiceLessQ/.gradle/caches/fabric-loom/minecraftMaven/net/minecraft/neoforge-21.11.38-beta-minecraft-merged/1.21.11-loom.mappings.1_21_11.layered+hash.40359-v2-neoforge-21.11.38-beta/neoforge-21.11.38-beta-minecraft-merged-1.21.11-loom.mappings.1_21_11.layered+hash.40359-v2-neoforge-21.11.38-beta.jar, F:/Minecraft modding/Projects/Fabric-Neoforge/Logistic Pipes 2/neoforge/build/resources/main, F:/Minecraft modding/Projects/Fabric-Neoforge/Logistic Pipes 2/.gradle/loom-cache/remapped_mods/remapped/dev/architectury/architectury-neoforge-d73eb3ca/19.0.1/architectury-neoforge-d73eb3ca-19.0.1.jar, F:/Minecraft modding/Projects/Fabric-Neoforge/Logistic Pipes 2/neoforge/build/classes/java/main]
[16:44:55] [main/INFO] (net.neoforged.fml.loading.FMLLoader) Building game content classloader:
 - architectury (jar(F:/Minecraft modding/Projects/Fabric-Neoforge/Logistic Pipes 2/.gradle/loom-cache/remapped_mods/remapped/dev/architectury/architectury-neoforge-d73eb3ca/19.0.1/architectury-neoforge-d73eb3ca-19.0.1.jar))
 - generated_8d6810b (jar(C:/Users/VoiceLessQ/AppData/Local/Temp/18073502988082505907.jar))
 - minecraft (composite(jar(C:/Users/VoiceLessQ/.gradle/caches/fabric-loom/1.21.11/neoforge/21.11.38-beta/client-extra.jar), filtered(jar(C:/Users/VoiceLessQ/.gradle/caches/fabric-loom/minecraftMaven/net/minecraft/neoforge-21.11.38-beta-minecraft-merged/1.21.11-loom.mappings.1_21_11.layered+hash.40359-v2-neoforge-21.11.38-beta/neoforge-21.11.38-beta-minecraft-merged-1.21.11-loom.mappings.1_21_11.layered+hash.40359-v2-neoforge-21.11.38-beta.jar))))
 - mixinextras.neoforge (jar(C:/Users/VoiceLessQ/.gradle/caches/modules-2/files-2.1/io.github.llamalad7/mixinextras-neoforge/0.5.0/d734b83ce6542bb70ea31755c1595b88992dbe65/mixinextras-neoforge-0.5.0.jar))
 - morph (composite(folder(F:/Minecraft modding/Projects/Fabric-Neoforge/Logistic Pipes 2/neoforge/build/resources/main), folder(F:/Minecraft modding/Projects/Fabric-Neoforge/Logistic Pipes 2/neoforge/build/classes/java/main)))
 - neoforge (composite(filtered(jar(C:/Users/VoiceLessQ/.gradle/caches/fabric-loom/minecraftMaven/net/minecraft/neoforge-21.11.38-beta-minecraft-merged/1.21.11-loom.mappings.1_21_11.layered+hash.40359-v2-neoforge-21.11.38-beta/neoforge-21.11.38-beta-minecraft-merged-1.21.11-loom.mappings.1_21_11.layered+hash.40359-v2-neoforge-21.11.38-beta.jar))))
 - net.neoforged.fml.generated (empty(VirtualJar/net.neoforged.fml.generated))
[16:44:55] [main/INFO] (net.neoforged.fml.loading.FMLLoader) Built game content classloader in 38ms
[16:44:55] [main/DEBUG] (mixin) Compatibility level JAVA_16 specified by architectury.mixins.json is lower than the default level supported by the current mixin service (JAVA_21).
[16:44:55] [main/DEBUG] (mixin) Compatibility level JAVA_16 specified by architectury.mixins.json is higher than the maximum level supported by this version of mixin (JAVA_13).
[16:44:55] [main/DEBUG] (mixin) Compatibility level JAVA_16 specified by architectury-common.mixins.json is lower than the default level supported by the current mixin service (JAVA_21).
[16:44:55] [main/DEBUG] (mixin) Compatibility level JAVA_16 specified by architectury-common.mixins.json is higher than the maximum level supported by this version of mixin (JAVA_13).
[16:44:55] [main/WARN] (net.neoforged.fml.loading.mixin.MixinFacade) Mod file composite(folder(F:/Minecraft modding/Projects/Fabric-Neoforge/Logistic Pipes 2/neoforge/build/resources/main), folder(F:/Minecraft modding/Projects/Fabric-Neoforge/Logistic Pipes 2/neoforge/build/classes/java/main)) declares mixin config morph.mixins.json, but it actually comes from jar(C:/Users/VoiceLessQ/AppData/Local/Temp/18073502988082505907.jar)
[16:44:55] [main/DEBUG] (mixin) Processing launch tasks for PlatformAgent[MixinPlatformAgentDefault:ContainerHandleVirtual(fml:18c85)]
[16:44:55] [main/DEBUG] (mixin) Processing launch tasks for PlatformAgent[MixinPlatformAgentDefault:ContainerHandleVirtual(fml:18c85)]
[16:44:55] [main/DEBUG] (mixin) Adding agents for Mixin Container composite(filtered(jar(C:/Users/VoiceLessQ/.gradle/caches/fabric-loom/minecraftMaven/net/minecraft/neoforge-21.11.38-beta-minecraft-merged/1.21.11-loom.mappings.1_21_11.layered+hash.40359-v2-neoforge-21.11.38-beta/neoforge-21.11.38-beta-minecraft-merged-1.21.11-loom.mappings.1_21_11.layered+hash.40359-v2-neoforge-21.11.38-beta.jar))) > jar(C:/Users/VoiceLessQ/.gradle/caches/fabric-loom/minecraftMaven/net/minecraft/neoforge-21.11.38-beta-minecraft-merged/1.21.11-loom.mappings.1_21_11.layered+hash.40359-v2-neoforge-21.11.38-beta/neoforge-21.11.38-beta-minecraft-merged-1.21.11-loom.mappings.1_21_11.layered+hash.40359-v2-neoforge-21.11.38-beta.jar > net.neoforged.neoforge-coremods-21.11.38-beta.jar)
[16:44:55] [main/DEBUG] (mixin) Adding mixin platform agents for container composite(filtered(jar(C:/Users/VoiceLessQ/.gradle/caches/fabric-loom/minecraftMaven/net/minecraft/neoforge-21.11.38-beta-minecraft-merged/1.21.11-loom.mappings.1_21_11.layered+hash.40359-v2-neoforge-21.11.38-beta/neoforge-21.11.38-beta-minecraft-merged-1.21.11-loom.mappings.1_21_11.layered+hash.40359-v2-neoforge-21.11.38-beta.jar))) > jar(C:/Users/VoiceLessQ/.gradle/caches/fabric-loom/minecraftMaven/net/minecraft/neoforge-21.11.38-beta-minecraft-merged/1.21.11-loom.mappings.1_21_11.layered+hash.40359-v2-neoforge-21.11.38-beta/neoforge-21.11.38-beta-minecraft-merged-1.21.11-loom.mappings.1_21_11.layered+hash.40359-v2-neoforge-21.11.38-beta.jar > net.neoforged.neoforge-coremods-21.11.38-beta.jar)
[16:44:55] [main/DEBUG] (mixin) Instancing new MixinPlatformAgentDefault for composite(filtered(jar(C:/Users/VoiceLessQ/.gradle/caches/fabric-loom/minecraftMaven/net/minecraft/neoforge-21.11.38-beta-minecraft-merged/1.21.11-loom.mappings.1_21_11.layered+hash.40359-v2-neoforge-21.11.38-beta/neoforge-21.11.38-beta-minecraft-merged-1.21.11-loom.mappings.1_21_11.layered+hash.40359-v2-neoforge-21.11.38-beta.jar))) > jar(C:/Users/VoiceLessQ/.gradle/caches/fabric-loom/minecraftMaven/net/minecraft/neoforge-21.11.38-beta-minecraft-merged/1.21.11-loom.mappings.1_21_11.layered+hash.40359-v2-neoforge-21.11.38-beta/neoforge-21.11.38-beta-minecraft-merged-1.21.11-loom.mappings.1_21_11.layered+hash.40359-v2-neoforge-21.11.38-beta.jar > net.neoforged.neoforge-coremods-21.11.38-beta.jar)
[16:44:55] [main/DEBUG] (mixin) MixinPlatformAgentDefault accepted container composite(filtered(jar(C:/Users/VoiceLessQ/.gradle/caches/fabric-loom/minecraftMaven/net/minecraft/neoforge-21.11.38-beta-minecraft-merged/1.21.11-loom.mappings.1_21_11.layered+hash.40359-v2-neoforge-21.11.38-beta/neoforge-21.11.38-beta-minecraft-merged-1.21.11-loom.mappings.1_21_11.layered+hash.40359-v2-neoforge-21.11.38-beta.jar))) > jar(C:/Users/VoiceLessQ/.gradle/caches/fabric-loom/minecraftMaven/net/minecraft/neoforge-21.11.38-beta-minecraft-merged/1.21.11-loom.mappings.1_21_11.layered+hash.40359-v2-neoforge-21.11.38-beta/neoforge-21.11.38-beta-minecraft-merged-1.21.11-loom.mappings.1_21_11.layered+hash.40359-v2-neoforge-21.11.38-beta.jar > net.neoforged.neoforge-coremods-21.11.38-beta.jar)
[16:44:55] [main/DEBUG] (mixin) Instancing new MixinPlatformAgentDefault for composite(filtered(jar(C:/Users/VoiceLessQ/.gradle/caches/fabric-loom/minecraftMaven/net/minecraft/neoforge-21.11.38-beta-minecraft-merged/1.21.11-loom.mappings.1_21_11.layered+hash.40359-v2-neoforge-21.11.38-beta/neoforge-21.11.38-beta-minecraft-merged-1.21.11-loom.mappings.1_21_11.layered+hash.40359-v2-neoforge-21.11.38-beta.jar))) > jar(C:/Users/VoiceLessQ/.gradle/caches/fabric-loom/minecraftMaven/net/minecraft/neoforge-21.11.38-beta-minecraft-merged/1.21.11-loom.mappings.1_21_11.layered+hash.40359-v2-neoforge-21.11.38-beta/neoforge-21.11.38-beta-minecraft-merged-1.21.11-loom.mappings.1_21_11.layered+hash.40359-v2-neoforge-21.11.38-beta.jar > net.neoforged.neoforge-coremods-21.11.38-beta.jar)
[16:44:55] [main/DEBUG] (mixin) MixinPlatformAgentDefault accepted container composite(filtered(jar(C:/Users/VoiceLessQ/.gradle/caches/fabric-loom/minecraftMaven/net/minecraft/neoforge-21.11.38-beta-minecraft-merged/1.21.11-loom.mappings.1_21_11.layered+hash.40359-v2-neoforge-21.11.38-beta/neoforge-21.11.38-beta-minecraft-merged-1.21.11-loom.mappings.1_21_11.layered+hash.40359-v2-neoforge-21.11.38-beta.jar))) > jar(C:/Users/VoiceLessQ/.gradle/caches/fabric-loom/minecraftMaven/net/minecraft/neoforge-21.11.38-beta-minecraft-merged/1.21.11-loom.mappings.1_21_11.layered+hash.40359-v2-neoforge-21.11.38-beta/neoforge-21.11.38-beta-minecraft-merged-1.21.11-loom.mappings.1_21_11.layered+hash.40359-v2-neoforge-21.11.38-beta.jar > net.neoforged.neoforge-coremods-21.11.38-beta.jar)
[16:44:55] [main/DEBUG] (mixin) Processing prepare() for PlatformAgent[MixinPlatformAgentDefault:composite(filtered(jar(C:/Users/VoiceLessQ/.gradle/caches/fabric-loom/minecraftMaven/net/minecraft/neoforge-21.11.38-beta-minecraft-merged/1.21.11-loom.mappings.1_21_11.layered+hash.40359-v2-neoforge-21.11.38-beta/neoforge-21.11.38-beta-minecraft-merged-1.21.11-loom.mappings.1_21_11.layered+hash.40359-v2-neoforge-21.11.38-beta.jar))) > jar(C:/Users/VoiceLessQ/.gradle/caches/fabric-loom/minecraftMaven/net/minecraft/neoforge-21.11.38-beta-minecraft-merged/1.21.11-loom.mappings.1_21_11.layered+hash.40359-v2-neoforge-21.11.38-beta/neoforge-21.11.38-beta-minecraft-merged-1.21.11-loom.mappings.1_21_11.layered+hash.40359-v2-neoforge-21.11.38-beta.jar > net.neoforged.neoforge-coremods-21.11.38-beta.jar)]
[16:44:55] [main/DEBUG] (mixin) Processing prepare() for PlatformAgent[MixinPlatformAgentDefault:composite(filtered(jar(C:/Users/VoiceLessQ/.gradle/caches/fabric-loom/minecraftMaven/net/minecraft/neoforge-21.11.38-beta-minecraft-merged/1.21.11-loom.mappings.1_21_11.layered+hash.40359-v2-neoforge-21.11.38-beta/neoforge-21.11.38-beta-minecraft-merged-1.21.11-loom.mappings.1_21_11.layered+hash.40359-v2-neoforge-21.11.38-beta.jar))) > jar(C:/Users/VoiceLessQ/.gradle/caches/fabric-loom/minecraftMaven/net/minecraft/neoforge-21.11.38-beta-minecraft-merged/1.21.11-loom.mappings.1_21_11.layered+hash.40359-v2-neoforge-21.11.38-beta/neoforge-21.11.38-beta-minecraft-merged-1.21.11-loom.mappings.1_21_11.layered+hash.40359-v2-neoforge-21.11.38-beta.jar > net.neoforged.neoforge-coremods-21.11.38-beta.jar)]
[16:44:55] [main/DEBUG] (mixin) Adding agents for Mixin Container jar(C:/Users/VoiceLessQ/.gradle/caches/modules-2/files-2.1/io.github.llamalad7/mixinextras-neoforge/0.5.0/d734b83ce6542bb70ea31755c1595b88992dbe65/mixinextras-neoforge-0.5.0.jar)
[16:44:55] [main/DEBUG] (mixin) Adding mixin platform agents for container jar(C:/Users/VoiceLessQ/.gradle/caches/modules-2/files-2.1/io.github.llamalad7/mixinextras-neoforge/0.5.0/d734b83ce6542bb70ea31755c1595b88992dbe65/mixinextras-neoforge-0.5.0.jar)
[16:44:55] [main/DEBUG] (mixin) Instancing new MixinPlatformAgentDefault for jar(C:/Users/VoiceLessQ/.gradle/caches/modules-2/files-2.1/io.github.llamalad7/mixinextras-neoforge/0.5.0/d734b83ce6542bb70ea31755c1595b88992dbe65/mixinextras-neoforge-0.5.0.jar)
[16:44:55] [main/DEBUG] (mixin) MixinPlatformAgentDefault accepted container jar(C:/Users/VoiceLessQ/.gradle/caches/modules-2/files-2.1/io.github.llamalad7/mixinextras-neoforge/0.5.0/d734b83ce6542bb70ea31755c1595b88992dbe65/mixinextras-neoforge-0.5.0.jar)
[16:44:55] [main/DEBUG] (mixin) Instancing new MixinPlatformAgentDefault for jar(C:/Users/VoiceLessQ/.gradle/caches/modules-2/files-2.1/io.github.llamalad7/mixinextras-neoforge/0.5.0/d734b83ce6542bb70ea31755c1595b88992dbe65/mixinextras-neoforge-0.5.0.jar)
[16:44:55] [main/DEBUG] (mixin) MixinPlatformAgentDefault accepted container jar(C:/Users/VoiceLessQ/.gradle/caches/modules-2/files-2.1/io.github.llamalad7/mixinextras-neoforge/0.5.0/d734b83ce6542bb70ea31755c1595b88992dbe65/mixinextras-neoforge-0.5.0.jar)
[16:44:55] [main/DEBUG] (mixin) Processing prepare() for PlatformAgent[MixinPlatformAgentDefault:jar(C:/Users/VoiceLessQ/.gradle/caches/modules-2/files-2.1/io.github.llamalad7/mixinextras-neoforge/0.5.0/d734b83ce6542bb70ea31755c1595b88992dbe65/mixinextras-neoforge-0.5.0.jar)]
[16:44:55] [main/DEBUG] (mixin) Registering mixin config: mixinextras.init.mixins.json source=jar(C:/Users/VoiceLessQ/.gradle/caches/modules-2/files-2.1/io.github.llamalad7/mixinextras-neoforge/0.5.0/d734b83ce6542bb70ea31755c1595b88992dbe65/mixinextras-neoforge-0.5.0.jar)
[16:44:55] [main/DEBUG] (mixin) Processing prepare() for PlatformAgent[MixinPlatformAgentDefault:jar(C:/Users/VoiceLessQ/.gradle/caches/modules-2/files-2.1/io.github.llamalad7/mixinextras-neoforge/0.5.0/d734b83ce6542bb70ea31755c1595b88992dbe65/mixinextras-neoforge-0.5.0.jar)]
[16:44:55] [main/DEBUG] (mixin) Registering mixin config: mixinextras.init.mixins.json source=jar(C:/Users/VoiceLessQ/.gradle/caches/modules-2/files-2.1/io.github.llamalad7/mixinextras-neoforge/0.5.0/d734b83ce6542bb70ea31755c1595b88992dbe65/mixinextras-neoforge-0.5.0.jar)
[16:44:55] [main/DEBUG] (mixin) inject() running with 3 agents
[16:44:55] [main/DEBUG] (mixin) Processing inject() for PlatformAgent[MixinPlatformAgentDefault:ContainerHandleVirtual(fml:18c85)]
[16:44:55] [main/DEBUG] (mixin) Processing inject() for PlatformAgent[MixinPlatformAgentDefault:ContainerHandleVirtual(fml:18c85)]
[16:44:55] [main/DEBUG] (mixin) Processing inject() for PlatformAgent[MixinPlatformAgentDefault:composite(filtered(jar(C:/Users/VoiceLessQ/.gradle/caches/fabric-loom/minecraftMaven/net/minecraft/neoforge-21.11.38-beta-minecraft-merged/1.21.11-loom.mappings.1_21_11.layered+hash.40359-v2-neoforge-21.11.38-beta/neoforge-21.11.38-beta-minecraft-merged-1.21.11-loom.mappings.1_21_11.layered+hash.40359-v2-neoforge-21.11.38-beta.jar))) > jar(C:/Users/VoiceLessQ/.gradle/caches/fabric-loom/minecraftMaven/net/minecraft/neoforge-21.11.38-beta-minecraft-merged/1.21.11-loom.mappings.1_21_11.layered+hash.40359-v2-neoforge-21.11.38-beta/neoforge-21.11.38-beta-minecraft-merged-1.21.11-loom.mappings.1_21_11.layered+hash.40359-v2-neoforge-21.11.38-beta.jar > net.neoforged.neoforge-coremods-21.11.38-beta.jar)]
[16:44:55] [main/DEBUG] (mixin) Processing inject() for PlatformAgent[MixinPlatformAgentDefault:composite(filtered(jar(C:/Users/VoiceLessQ/.gradle/caches/fabric-loom/minecraftMaven/net/minecraft/neoforge-21.11.38-beta-minecraft-merged/1.21.11-loom.mappings.1_21_11.layered+hash.40359-v2-neoforge-21.11.38-beta/neoforge-21.11.38-beta-minecraft-merged-1.21.11-loom.mappings.1_21_11.layered+hash.40359-v2-neoforge-21.11.38-beta.jar))) > jar(C:/Users/VoiceLessQ/.gradle/caches/fabric-loom/minecraftMaven/net/minecraft/neoforge-21.11.38-beta-minecraft-merged/1.21.11-loom.mappings.1_21_11.layered+hash.40359-v2-neoforge-21.11.38-beta/neoforge-21.11.38-beta-minecraft-merged-1.21.11-loom.mappings.1_21_11.layered+hash.40359-v2-neoforge-21.11.38-beta.jar > net.neoforged.neoforge-coremods-21.11.38-beta.jar)]
[16:44:55] [main/DEBUG] (mixin) Processing inject() for PlatformAgent[MixinPlatformAgentDefault:jar(C:/Users/VoiceLessQ/.gradle/caches/modules-2/files-2.1/io.github.llamalad7/mixinextras-neoforge/0.5.0/d734b83ce6542bb70ea31755c1595b88992dbe65/mixinextras-neoforge-0.5.0.jar)]
[16:44:55] [main/DEBUG] (mixin) Processing inject() for PlatformAgent[MixinPlatformAgentDefault:jar(C:/Users/VoiceLessQ/.gradle/caches/modules-2/files-2.1/io.github.llamalad7/mixinextras-neoforge/0.5.0/d734b83ce6542bb70ea31755c1595b88992dbe65/mixinextras-neoforge-0.5.0.jar)]
[16:44:55] [main/DEBUG] (mixin) Preparing mixins for MixinEnvironment[DEFAULT]
[16:44:55] [main/DEBUG] (mixin) Selecting config architectury.mixins.json
[16:44:55] [main/INFO] (unprotect) Found 10242 Minecraft classes
[16:44:55] [main/DEBUG] (mixin) Selecting config architectury-common.mixins.json
[16:44:55] [main/DEBUG] (mixin) Selecting config morph.mixins.json
[16:44:55] [main/DEBUG] (mixin) Selecting config neoforge.mixins.json
[16:44:55] [main/DEBUG] (mixin) Selecting config mixinextras.init.mixins.json
[16:44:55] [main/DEBUG] (MixinExtras|Service) com.llamalad7.mixinextras.service.MixinExtrasServiceImpl(version=0.5.0) is taking over from null
[16:44:55] [main/DEBUG] (mixin) Registering new injector for @Inject with org.spongepowered.asm.mixin.injection.struct.CallbackInjectionInfo
[16:44:55] [main/DEBUG] (mixin) Registering new injector for @ModifyArg with org.spongepowered.asm.mixin.injection.struct.ModifyArgInjectionInfo
[16:44:55] [main/DEBUG] (mixin) Registering new injector for @ModifyArgs with org.spongepowered.asm.mixin.injection.struct.ModifyArgsInjectionInfo
[16:44:55] [main/DEBUG] (mixin) Registering new injector for @Redirect with org.spongepowered.asm.mixin.injection.struct.RedirectInjectionInfo
[16:44:55] [main/DEBUG] (mixin) Registering new injector for @ModifyVariable with org.spongepowered.asm.mixin.injection.struct.ModifyVariableInjectionInfo
[16:44:55] [main/DEBUG] (mixin) Registering new injector for @ModifyConstant with org.spongepowered.asm.mixin.injection.struct.ModifyConstantInjectionInfo
[16:44:55] [main/DEBUG] (mixin) Preparing architectury.mixins.json (11)
[16:44:55] [main/DEBUG] (net.neoforged.accesstransformer.AccessTransformer) Transforming net.minecraft.world.item.BucketItem FIELD content PUBLIC LEAVE META-INF/accesstransformer.cfg:188 to access PUBLIC and LEAVE
[16:44:55] [main/DEBUG] (net.neoforged.accesstransformer.AccessTransformer) Transforming net.minecraft.world.level.block.LiquidBlock FIELD fluid PUBLIC LEAVE META-INF/accesstransformer.cfg:220 to access PUBLIC and LEAVE
[16:44:55] [main/DEBUG] (net.neoforged.accesstransformer.AccessTransformer) Transforming net.minecraft.world.level.block.LiquidBlock METHOD <init>(Lnet/minecraft/world/level/material/FlowingFluid;Lnet/minecraft/world/level/block/state/BlockBehaviour$Properties;)V PUBLIC LEAVE META-INF/accesstransformer.cfg:120, META-INF/accesstransformergenerated.cfg:96 to access PUBLIC and LEAVE
[16:44:55] [main/DEBUG] (net.neoforged.accesstransformer.AccessTransformer) Transforming net.minecraft.server.level.ChunkMap METHOD getVisibleChunkIfPresent(J)Lnet/minecraft/server/level/ChunkHolder; PUBLIC LEAVE META-INF/accesstransformer.cfg:135 to access PUBLIC and LEAVE
[16:44:55] [main/DEBUG] (net.neoforged.accesstransformer.AccessTransformer) Transforming net.minecraft.client.multiplayer.ClientPacketListener FIELD commands PUBLIC LEAVE META-INF/accesstransformer.cfg:26 to access PUBLIC and LEAVE
[16:44:55] [main/DEBUG] (net.neoforged.accesstransformer.AccessTransformer) Transforming net.minecraft.commands.CommandSourceStack FIELD source PUBLIC LEAVE META-INF/accesstransformer.cfg:84 to access PUBLIC and LEAVE
[16:44:55] [main/DEBUG] (net.neoforged.accesstransformer.AccessTransformer) Transforming net.minecraft.client.Minecraft FIELD particleResources PUBLIC LEAVE META-INF/accesstransformer.cfg:41 to access PUBLIC and LEAVE
[16:44:55] [main/DEBUG] (mixin) Preparing architectury-common.mixins.json (8)
[16:44:55] [main/DEBUG] (net.neoforged.accesstransformer.AccessTransformer) Transforming net.minecraft.world.level.block.Block METHOD popExperience(Lnet/minecraft/server/level/ServerLevel;Lnet/minecraft/core/BlockPos;I)V PUBLIC LEAVE META-INF/accesstransformer.cfg:213 to access PUBLIC and LEAVE
[16:44:55] [main/DEBUG] (net.neoforged.accesstransformer.AccessTransformer) Transforming net.minecraft.world.item.Item FIELD components PRIVATE REMOVEFINAL META-INF/accesstransformer.cfg:187 to access PRIVATE and REMOVEFINAL
[16:44:55] [main/DEBUG] (net.neoforged.accesstransformer.AccessTransformer) Transforming net.minecraft.world.item.Item METHOD getPlayerPOVHitResult(Lnet/minecraft/world/level/Level;Lnet/minecraft/world/entity/player/Player;Lnet/minecraft/world/level/ClipContext$Fluid;)Lnet/minecraft/world/phys/BlockHitResult; PUBLIC LEAVE META-INF/accesstransformer.cfg:189 to access PUBLIC and LEAVE
[16:44:55] [main/DEBUG] (mixin) Preparing morph.mixins.json (0)
[16:44:55] [main/DEBUG] (mixin) Preparing neoforge.mixins.json (2)
[16:44:55] [main/DEBUG] (net.neoforged.accesstransformer.AccessTransformer) Transforming net.minecraft.world.level.block.entity.BlockEntityType INNERCLASS BlockEntitySupplier PUBLIC LEAVE META-INF/accesstransformer.cfg:200, META-INF/accesstransformer.cfg:224 to access PUBLIC and LEAVE
[16:44:55] [main/DEBUG] (net.neoforged.accesstransformer.AccessTransformer) Transforming net.minecraft.world.level.block.entity.BlockEntityType METHOD <init>(Lnet/minecraft/world/level/block/entity/BlockEntityType$BlockEntitySupplier;Ljava/util/Set;)V PUBLIC LEAVE META-INF/accesstransformer.cfg:223 to access PUBLIC and LEAVE
[16:44:55] [main/DEBUG] (mixin) Preparing mixinextras.init.mixins.json (0)
[16:44:55] [main/DEBUG] (net.neoforged.accesstransformer.AccessTransformer) Transforming net.minecraft.world.entity.Entity FIELD ENTITY_COUNTER PROTECTED LEAVE META-INF/accesstransformer.cfg:168 to access PROTECTED and LEAVE
[16:44:55] [main/DEBUG] (net.neoforged.accesstransformer.AccessTransformer) Transforming net.minecraft.world.entity.Entity METHOD getEncodeId()Ljava/lang/String; PUBLIC LEAVE META-INF/accesstransformer.cfg:186, META-INF/accesstransformer.cfg:169 to access PUBLIC and LEAVE
[16:44:55] [main/DEBUG] (net.neoforged.accesstransformer.AccessTransformer) Transforming net.minecraft.client.gui.screens.Screen FIELD narratables PUBLIC LEAVE META-INF/accesstransformer.cfg:28 to access PUBLIC and LEAVE
[16:44:55] [main/DEBUG] (net.neoforged.accesstransformer.AccessTransformer) Transforming net.minecraft.client.gui.screens.Screen FIELD renderables PUBLIC LEAVE META-INF/accesstransformer.cfg:27, META-INF/accesstransformer.cfg:19 to access PUBLIC and LEAVE
[16:44:55] [main/DEBUG] (net.neoforged.accesstransformer.AccessTransformer) Transforming net.minecraft.client.gui.screens.Screen METHOD addRenderableWidget(Lnet/minecraft/client/gui/components/events/GuiEventListener;)Lnet/minecraft/client/gui/components/events/GuiEventListener; PUBLIC LEAVE META-INF/accesstransformer.cfg:30 to access PUBLIC and LEAVE
[16:44:55] [main/DEBUG] (net.neoforged.accesstransformer.AccessTransformer) Transforming net.minecraft.client.gui.screens.Screen METHOD addRenderableOnly(Lnet/minecraft/client/gui/components/Renderable;)Lnet/minecraft/client/gui/components/Renderable; PUBLIC LEAVE META-INF/accesstransformer.cfg:31 to access PUBLIC and LEAVE
[16:44:55] [main/DEBUG] (net.neoforged.accesstransformer.AccessTransformer) Transforming net.minecraft.client.gui.screens.Screen METHOD addWidget(Lnet/minecraft/client/gui/components/events/GuiEventListener;)Lnet/minecraft/client/gui/components/events/GuiEventListener; PUBLIC LEAVE META-INF/accesstransformer.cfg:29 to access PUBLIC and LEAVE
[16:44:55] [main/DEBUG] (net.neoforged.accesstransformer.AccessTransformer) Transforming net.minecraft.world.level.Level FIELD oRainLevel PUBLIC LEAVE META-INF/accesstransformer.cfg:200 to access PUBLIC and LEAVE
[16:44:55] [main/DEBUG] (net.neoforged.accesstransformer.AccessTransformer) Transforming net.minecraft.world.level.Level FIELD rainLevel PUBLIC LEAVE META-INF/accesstransformer.cfg:201 to access PUBLIC and LEAVE
[16:44:55] [main/DEBUG] (net.neoforged.accesstransformer.AccessTransformer) Transforming net.minecraft.world.level.Level FIELD oThunderLevel PUBLIC LEAVE META-INF/accesstransformer.cfg:202 to access PUBLIC and LEAVE
[16:44:55] [main/DEBUG] (net.neoforged.accesstransformer.AccessTransformer) Transforming net.minecraft.world.level.Level FIELD thunderLevel PUBLIC LEAVE META-INF/accesstransformer.cfg:203 to access PUBLIC and LEAVE
[16:44:55] [main/DEBUG] (mixin) Prepared 21 mixins in 0.380 sec (18.1ms avg) (0ms load, 0ms transform, 0ms plugin)
[16:44:55] [main/DEBUG] (net.neoforged.accesstransformer.AccessTransformer) Transforming net.minecraft.client.gui.screens.LoadingOverlay FIELD fadeOutStart PROTECTED LEAVE META-INF/accesstransformer.cfg:17 to access PROTECTED and LEAVE
[16:44:56] [main/DEBUG] (net.neoforged.accesstransformer.AccessTransformer) Transforming net.minecraft.resources.Identifier METHOD validNamespaceChar(C)Z PUBLIC LEAVE META-INF/accesstransformer.cfg:130 to access PUBLIC and LEAVE
[16:44:56] [main/DEBUG] (io.netty.util.internal.logging.InternalLoggerFactory) Using SLF4J as the default logging framework
[16:44:56] [main/DEBUG] (io.netty.util.ResourceLeakDetector) -Dio.netty.leakDetection.level: simple
[16:44:56] [main/DEBUG] (io.netty.util.ResourceLeakDetector) -Dio.netty.leakDetection.targetRecords: 4
[16:44:56] [main/DEBUG] (net.neoforged.accesstransformer.AccessTransformer) Transforming net.minecraft.util.datafix.fixes.StructuresBecomeConfiguredFix INNERCLASS Conversion PUBLIC LEAVE META-INF/accesstransformer.cfg:153 to access PUBLIC and LEAVE
[16:44:56] [main/DEBUG] (net.neoforged.accesstransformer.AccessTransformer) Transforming net.minecraft.util.datafix.fixes.StructuresBecomeConfiguredFix$Conversion CLASS PUBLIC LEAVE META-INF/accesstransformer.cfg:153 to access PUBLIC and LEAVE
[16:44:56] [main/DEBUG] (net.neoforged.accesstransformer.AccessTransformer) Transforming net.minecraft.util.datafix.fixes.StructuresBecomeConfiguredFix$Conversion METHOD <init>(Ljava/util/Map;Ljava/lang/String;)V PUBLIC LEAVE META-INF/accesstransformer.cfg:154 to access PUBLIC and LEAVE
[16:44:57] [Datafixer Bootstrap/INFO] (com.mojang.datafixers.DataFixerBuilder) 290 Datafixer optimizations took 492 milliseconds
[16:44:57] [pool-13-thread-1/INFO] (MixinExtras|Service) Initializing MixinExtras via com.llamalad7.mixinextras.service.MixinExtrasServiceImpl(version=0.5.0).
[16:44:57] [pool-13-thread-1/DEBUG] (mixin) Registering new injector for @SugarWrapper with com.llamalad7.mixinextras.sugar.impl.SugarWrapperInjectionInfo
[16:44:57] [pool-13-thread-1/DEBUG] (mixin) Registering new injector for @FactoryRedirectWrapper with com.llamalad7.mixinextras.wrapper.factory.FactoryRedirectWrapperInjectionInfo
[16:44:57] [pool-13-thread-1/DEBUG] (mixin) Registering new injector for @ExpressionInjectorWrapper with com.llamalad7.mixinextras.expression.impl.wrapper.ExpressionInjectorWrapperInjectionInfo
[16:44:57] [pool-13-thread-1/DEBUG] (mixin) Mixing MappedRegistryAccessor from neoforge.mixins.json into net.minecraft.core.MappedRegistry
[16:44:57] [pool-13-thread-1/DEBUG] (net.neoforged.accesstransformer.AccessTransformer) Transforming net.minecraft.world.effect.MobEffect INNERCLASS AttributeTemplate PUBLIC LEAVE META-INF/accesstransformer.cfg:167 to access PUBLIC and LEAVE
[16:44:57] [pool-13-thread-1/DEBUG] (net.neoforged.accesstransformer.AccessTransformer) Transforming net.minecraft.world.item.CreativeModeTabs FIELD BUILDING_BLOCKS PUBLIC LEAVE META-INF/accesstransformer.cfg:77, META-INF/accesstransformergenerated.cfg:264 to access PUBLIC and LEAVE
[16:44:57] [pool-13-thread-1/DEBUG] (net.neoforged.accesstransformer.AccessTransformer) Transforming net.minecraft.world.item.CreativeModeTabs FIELD COLORED_BLOCKS PUBLIC LEAVE META-INF/accesstransformer.cfg:86, META-INF/accesstransformergenerated.cfg:265 to access PUBLIC and LEAVE
[16:44:57] [pool-13-thread-1/DEBUG] (net.neoforged.accesstransformer.AccessTransformer) Transforming net.minecraft.world.item.CreativeModeTabs FIELD NATURAL_BLOCKS PUBLIC LEAVE META-INF/accesstransformer.cfg:83, META-INF/accesstransformergenerated.cfg:272 to access PUBLIC and LEAVE
[16:44:57] [pool-13-thread-1/DEBUG] (net.neoforged.accesstransformer.AccessTransformer) Transforming net.minecraft.world.item.CreativeModeTabs FIELD FUNCTIONAL_BLOCKS PUBLIC LEAVE META-INF/accesstransformer.cfg:89, META-INF/accesstransformergenerated.cfg:268 to access PUBLIC and LEAVE
[16:44:57] [pool-13-thread-1/DEBUG] (net.neoforged.accesstransformer.AccessTransformer) Transforming net.minecraft.world.item.CreativeModeTabs FIELD REDSTONE_BLOCKS PUBLIC LEAVE META-INF/accesstransformer.cfg:82, META-INF/accesstransformergenerated.cfg:274 to access PUBLIC and LEAVE
[16:44:57] [pool-13-thread-1/DEBUG] (net.neoforged.accesstransformer.AccessTransformer) Transforming net.minecraft.world.item.CreativeModeTabs FIELD HOTBAR PUBLIC LEAVE META-INF/accesstransformer.cfg:88, META-INF/accesstransformergenerated.cfg:269 to access PUBLIC and LEAVE
[16:44:57] [pool-13-thread-1/DEBUG] (net.neoforged.accesstransformer.AccessTransformer) Transforming net.minecraft.world.item.CreativeModeTabs FIELD SEARCH PUBLIC LEAVE META-INF/accesstransformer.cfg:81, META-INF/accesstransformergenerated.cfg:275 to access PUBLIC and LEAVE
[16:44:57] [pool-13-thread-1/DEBUG] (net.neoforged.accesstransformer.AccessTransformer) Transforming net.minecraft.world.item.CreativeModeTabs FIELD TOOLS_AND_UTILITIES PUBLIC LEAVE META-INF/accesstransformer.cfg:80, META-INF/accesstransformergenerated.cfg:277 to access PUBLIC and LEAVE
[16:44:57] [pool-13-thread-1/DEBUG] (net.neoforged.accesstransformer.AccessTransformer) Transforming net.minecraft.world.item.CreativeModeTabs FIELD COMBAT PUBLIC LEAVE META-INF/accesstransformer.cfg:79, META-INF/accesstransformergenerated.cfg:266 to access PUBLIC and LEAVE
[16:44:57] [pool-13-thread-1/DEBUG] (net.neoforged.accesstransformer.AccessTransformer) Transforming net.minecraft.world.item.CreativeModeTabs FIELD FOOD_AND_DRINKS PUBLIC LEAVE META-INF/accesstransformer.cfg:87, META-INF/accesstransformergenerated.cfg:267 to access PUBLIC and LEAVE
[16:44:57] [pool-13-thread-1/DEBUG] (net.neoforged.accesstransformer.AccessTransformer) Transforming net.minecraft.world.item.CreativeModeTabs FIELD INGREDIENTS PUBLIC LEAVE META-INF/accesstransformer.cfg:84, META-INF/accesstransformergenerated.cfg:270 to access PUBLIC and LEAVE
[16:44:57] [pool-13-thread-1/DEBUG] (net.neoforged.accesstransformer.AccessTransformer) Transforming net.minecraft.world.item.CreativeModeTabs FIELD SPAWN_EGGS PUBLIC LEAVE META-INF/accesstransformer.cfg:76, META-INF/accesstransformergenerated.cfg:276 to access PUBLIC and LEAVE
[16:44:57] [pool-13-thread-1/DEBUG] (net.neoforged.accesstransformer.AccessTransformer) Transforming net.minecraft.world.item.CreativeModeTabs FIELD OP_BLOCKS PUBLIC LEAVE META-INF/accesstransformer.cfg:78, META-INF/accesstransformergenerated.cfg:273 to access PUBLIC and LEAVE
[16:44:57] [pool-13-thread-1/DEBUG] (net.neoforged.accesstransformer.AccessTransformer) Transforming net.minecraft.world.item.CreativeModeTabs FIELD INVENTORY PUBLIC LEAVE META-INF/accesstransformer.cfg:85, META-INF/accesstransformergenerated.cfg:271 to access PUBLIC and LEAVE
[16:44:57] [pool-13-thread-1/DEBUG] (net.neoforged.accesstransformer.AccessTransformer) Transforming net.minecraft.world.item.CreativeModeTab INNERCLASS Output PUBLIC LEAVE META-INF/accesstransformer.cfg:190 to access PUBLIC and LEAVE
[16:44:57] [pool-13-thread-1/DEBUG] (net.neoforged.accesstransformer.AccessTransformer) Transforming net.minecraft.world.item.CreativeModeTab INNERCLASS TabVisibility PUBLIC LEAVE META-INF/accesstransformer.cfg:161, META-INF/accesstransformer.cfg:186 to access PUBLIC and LEAVE
[16:44:57] [pool-13-thread-1/DEBUG] (net.neoforged.accesstransformer.AccessTransformer) Transforming net.minecraft.advancements.CriteriaTriggers METHOD register(Ljava/lang/String;Lnet/minecraft/advancements/CriterionTrigger;)Lnet/minecraft/advancements/CriterionTrigger; PUBLIC LEAVE META-INF/accesstransformer.cfg:109, META-INF/accesstransformer.cfg:2 to access PUBLIC and LEAVE
[16:44:57] [pool-13-thread-1/DEBUG] (net.neoforged.accesstransformer.AccessTransformer) Transforming net.minecraft.world.level.gamerules.GameRules METHOD registerBoolean(Ljava/lang/String;Lnet/minecraft/world/level/gamerules/GameRuleCategory;Z)Lnet/minecraft/world/level/gamerules/GameRule; PUBLIC LEAVE META-INF/accesstransformer.cfg:131, META-INF/accesstransformer.cfg:195 to access PUBLIC and LEAVE
[16:44:57] [pool-13-thread-1/DEBUG] (net.neoforged.accesstransformer.AccessTransformer) Transforming net.minecraft.world.level.gamerules.GameRules METHOD registerInteger(Ljava/lang/String;Lnet/minecraft/world/level/gamerules/GameRuleCategory;II)Lnet/minecraft/world/level/gamerules/GameRule; PUBLIC LEAVE META-INF/accesstransformer.cfg:130, META-INF/accesstransformer.cfg:196 to access PUBLIC and LEAVE
[16:44:57] [pool-13-thread-1/DEBUG] (net.neoforged.accesstransformer.AccessTransformer) Transforming net.minecraft.world.level.gamerules.GameRules METHOD registerInteger(Ljava/lang/String;Lnet/minecraft/world/level/gamerules/GameRuleCategory;III)Lnet/minecraft/world/level/gamerules/GameRule; PUBLIC LEAVE META-INF/accesstransformer.cfg:128, META-INF/accesstransformer.cfg:197 to access PUBLIC and LEAVE
[16:44:57] [pool-13-thread-1/DEBUG] (net.neoforged.accesstransformer.AccessTransformer) Transforming net.minecraft.world.level.gamerules.GameRules METHOD registerInteger(Ljava/lang/String;Lnet/minecraft/world/level/gamerules/GameRuleCategory;IIILnet/minecraft/world/flag/FeatureFlagSet;)Lnet/minecraft/world/level/gamerules/GameRule; PUBLIC LEAVE META-INF/accesstransformer.cfg:132, META-INF/accesstransformer.cfg:198 to access PUBLIC and LEAVE
[16:44:57] [pool-13-thread-1/DEBUG] (net.neoforged.accesstransformer.AccessTransformer) Transforming net.minecraft.world.level.gamerules.GameRules METHOD register(Ljava/lang/String;Lnet/minecraft/world/level/gamerules/GameRuleCategory;Lnet/minecraft/world/level/gamerules/GameRuleType;Lcom/mojang/brigadier/arguments/ArgumentType;Lcom/mojang/serialization/Codec;Ljava/lang/Object;Lnet/minecraft/world/flag/FeatureFlagSet;Lnet/minecraft/world/level/gamerules/GameRules$VisitorCaller;Ljava/util/function/ToIntFunction;)Lnet/minecraft/world/level/gamerules/GameRule; PUBLIC LEAVE META-INF/accesstransformer.cfg:129, META-INF/accesstransformer.cfg:199 to access PUBLIC and LEAVE
[16:44:57] [pool-13-thread-1/DEBUG] (net.neoforged.accesstransformer.AccessTransformer) Transforming net.minecraft.world.level.block.FireBlock METHOD getBurnOdds(Lnet/minecraft/world/level/block/state/BlockState;)I PUBLIC LEAVE META-INF/accesstransformer.cfg:218 to access PUBLIC and LEAVE
[16:44:57] [pool-13-thread-1/DEBUG] (net.neoforged.accesstransformer.AccessTransformer) Transforming net.minecraft.world.level.block.FireBlock METHOD getIgniteOdds(Lnet/minecraft/world/level/block/state/BlockState;)I PUBLIC LEAVE META-INF/accesstransformer.cfg:219 to access PUBLIC and LEAVE
[16:44:57] [pool-13-thread-1/DEBUG] (net.neoforged.accesstransformer.AccessTransformer) Transforming net.minecraft.world.level.block.Block METHOD popExperience(Lnet/minecraft/server/level/ServerLevel;Lnet/minecraft/core/BlockPos;I)V PUBLIC LEAVE META-INF/accesstransformer.cfg:213 to access PUBLIC and LEAVE
[16:44:57] [pool-13-thread-1/DEBUG] (mixin) Mixing inject.MixinBlock from architectury-common.mixins.json into net.minecraft.world.level.block.Block
[16:44:57] [pool-13-thread-1/DEBUG] (net.neoforged.accesstransformer.AccessTransformer) Transforming net.minecraft.world.level.block.state.BlockBehaviour FIELD properties PUBLIC LEAVE META-INF/accesstransformer.cfg:100 to access PUBLIC and LEAVE
[16:44:57] [pool-13-thread-1/DEBUG] (net.neoforged.accesstransformer.AccessTransformer) Transforming net.minecraft.world.level.block.state.BlockBehaviour METHOD propertiesCodec()Lcom/mojang/serialization/codecs/RecordCodecBuilder; PUBLIC LEAVE META-INF/accesstransformer.cfg:227 to access PUBLIC and LEAVE
[16:44:57] [pool-13-thread-1/DEBUG] (mixin) architectury-common.mixins.json:inject.MixinBlock from mod architectury: Class version 65 required is higher than the class version supported by the current version of Mixin (JAVA_16 supports class version 60)
[16:44:57] [pool-13-thread-1/DEBUG] (net.neoforged.accesstransformer.AccessTransformer) Transforming net.minecraft.world.level.block.state.BlockBehaviour FIELD properties PUBLIC LEAVE META-INF/accesstransformer.cfg:100 to access PUBLIC and LEAVE
[16:44:57] [pool-13-thread-1/DEBUG] (net.neoforged.accesstransformer.AccessTransformer) Transforming net.minecraft.world.level.block.state.BlockBehaviour METHOD propertiesCodec()Lcom/mojang/serialization/codecs/RecordCodecBuilder; PUBLIC LEAVE META-INF/accesstransformer.cfg:227 to access PUBLIC and LEAVE
[16:44:57] [pool-13-thread-1/DEBUG] (net.neoforged.accesstransformer.AccessTransformer) Transforming net.minecraft.world.entity.Entity FIELD ENTITY_COUNTER PROTECTED LEAVE META-INF/accesstransformer.cfg:168 to access PROTECTED and LEAVE
[16:44:57] [pool-13-thread-1/DEBUG] (net.neoforged.accesstransformer.AccessTransformer) Transforming net.minecraft.world.entity.Entity METHOD getEncodeId()Ljava/lang/String; PUBLIC LEAVE META-INF/accesstransformer.cfg:186, META-INF/accesstransformer.cfg:169 to access PUBLIC and LEAVE
[16:44:57] [pool-13-thread-1/DEBUG] (net.neoforged.accesstransformer.AccessTransformer) Transforming net.minecraft.world.entity.LivingEntity METHOD getHitbox()Lnet/minecraft/world/phys/AABB; PUBLIC LEAVE META-INF/accesstransformer.cfg:172 to access PUBLIC and LEAVE
[16:44:57] [pool-13-thread-1/DEBUG] (net.neoforged.accesstransformer.AccessTransformer) Transforming net.minecraft.world.entity.LivingEntity METHOD getCurrentSwingDuration()I PUBLIC LEAVE META-INF/accesstransformer.cfg:171 to access PUBLIC and LEAVE
[16:44:57] [pool-13-thread-1/DEBUG] (net.neoforged.accesstransformer.AccessTransformer) Transforming net.minecraft.world.entity.player.Player METHOD closeContainer()V PUBLIC LEAVE META-INF/accesstransformer.cfg:157, META-INF/accesstransformer.cfg:177 to access PUBLIC and LEAVE
[16:44:57] [pool-13-thread-1/DEBUG] (net.neoforged.accesstransformer.AccessTransformer) Transforming net.minecraft.world.level.Level FIELD oRainLevel PUBLIC LEAVE META-INF/accesstransformer.cfg:200 to access PUBLIC and LEAVE
[16:44:57] [pool-13-thread-1/DEBUG] (net.neoforged.accesstransformer.AccessTransformer) Transforming net.minecraft.world.level.Level FIELD rainLevel PUBLIC LEAVE META-INF/accesstransformer.cfg:201 to access PUBLIC and LEAVE
[16:44:57] [pool-13-thread-1/DEBUG] (net.neoforged.accesstransformer.AccessTransformer) Transforming net.minecraft.world.level.Level FIELD oThunderLevel PUBLIC LEAVE META-INF/accesstransformer.cfg:202 to access PUBLIC and LEAVE
[16:44:57] [pool-13-thread-1/DEBUG] (net.neoforged.accesstransformer.AccessTransformer) Transforming net.minecraft.world.level.Level FIELD thunderLevel PUBLIC LEAVE META-INF/accesstransformer.cfg:203 to access PUBLIC and LEAVE
[16:44:57] [pool-13-thread-1/DEBUG] (net.neoforged.accesstransformer.AccessTransformer) Transforming net.minecraft.server.level.ServerLevel METHOD getEntities()Lnet/minecraft/world/level/entity/LevelEntityGetter; PUBLIC LEAVE META-INF/accesstransformer.cfg:137 to access PUBLIC and LEAVE
[16:44:57] [pool-13-thread-1/DEBUG] (net.neoforged.accesstransformer.AccessTransformer) Transforming net.minecraft.world.level.block.state.BlockBehaviour$Properties FIELD hasCollision PUBLIC REMOVEFINAL META-INF/accesstransformer.cfg:152 to access PUBLIC and REMOVEFINAL
[16:44:57] [pool-13-thread-1/DEBUG] (net.neoforged.accesstransformer.AccessTransformer) Transforming net.minecraft.world.level.block.state.BlockBehaviour$Properties FIELD soundType PUBLIC REMOVEFINAL META-INF/accesstransformer.cfg:151 to access PUBLIC and REMOVEFINAL
[16:44:57] [pool-13-thread-1/DEBUG] (net.neoforged.accesstransformer.AccessTransformer) Transforming net.minecraft.world.level.block.state.BlockBehaviour$Properties FIELD lightEmission PUBLIC REMOVEFINAL META-INF/accesstransformer.cfg:147 to access PUBLIC and REMOVEFINAL
[16:44:57] [pool-13-thread-1/DEBUG] (net.neoforged.accesstransformer.AccessTransformer) Transforming net.minecraft.world.level.block.state.BlockBehaviour$Properties FIELD explosionResistance PUBLIC REMOVEFINAL META-INF/accesstransformer.cfg:137 to access PUBLIC and REMOVEFINAL
[16:44:57] [pool-13-thread-1/DEBUG] (net.neoforged.accesstransformer.AccessTransformer) Transforming net.minecraft.world.level.block.state.BlockBehaviour$Properties FIELD destroyTime PUBLIC REMOVEFINAL META-INF/accesstransformer.cfg:146 to access PUBLIC and REMOVEFINAL
[16:44:57] [pool-13-thread-1/DEBUG] (net.neoforged.accesstransformer.AccessTransformer) Transforming net.minecraft.world.level.block.state.BlockBehaviour$Properties FIELD requiresCorrectToolForDrops PUBLIC REMOVEFINAL META-INF/accesstransformer.cfg:141 to access PUBLIC and REMOVEFINAL
[16:44:57] [pool-13-thread-1/DEBUG] (net.neoforged.accesstransformer.AccessTransformer) Transforming net.minecraft.world.level.block.state.BlockBehaviour$Properties FIELD isRandomlyTicking PUBLIC REMOVEFINAL META-INF/accesstransformer.cfg:139 to access PUBLIC and REMOVEFINAL
[16:44:57] [pool-13-thread-1/DEBUG] (net.neoforged.accesstransformer.AccessTransformer) Transforming net.minecraft.world.level.block.state.BlockBehaviour$Properties FIELD friction PUBLIC REMOVEFINAL META-INF/accesstransformer.cfg:142 to access PUBLIC and REMOVEFINAL
[16:44:57] [pool-13-thread-1/DEBUG] (net.neoforged.accesstransformer.AccessTransformer) Transforming net.minecraft.world.level.block.state.BlockBehaviour$Properties FIELD speedFactor PUBLIC REMOVEFINAL META-INF/accesstransformer.cfg:140 to access PUBLIC and REMOVEFINAL
[16:44:57] [pool-13-thread-1/DEBUG] (net.neoforged.accesstransformer.AccessTransformer) Transforming net.minecraft.world.level.block.state.BlockBehaviour$Properties FIELD jumpFactor PUBLIC REMOVEFINAL META-INF/accesstransformer.cfg:153 to access PUBLIC and REMOVEFINAL
[16:44:57] [pool-13-thread-1/DEBUG] (net.neoforged.accesstransformer.AccessTransformer) Transforming net.minecraft.world.level.block.state.BlockBehaviour$Properties FIELD canOcclude PUBLIC REMOVEFINAL META-INF/accesstransformer.cfg:145 to access PUBLIC and REMOVEFINAL
[16:44:57] [pool-13-thread-1/DEBUG] (net.neoforged.accesstransformer.AccessTransformer) Transforming net.minecraft.world.level.block.state.BlockBehaviour$Properties FIELD isAir PUBLIC REMOVEFINAL META-INF/accesstransformer.cfg:149 to access PUBLIC and REMOVEFINAL
[16:44:57] [pool-13-thread-1/DEBUG] (net.neoforged.accesstransformer.AccessTransformer) Transforming net.minecraft.world.level.block.state.BlockBehaviour$Properties FIELD isValidSpawn PUBLIC REMOVEFINAL META-INF/accesstransformer.cfg:136 to access PUBLIC and REMOVEFINAL
[16:44:57] [pool-13-thread-1/DEBUG] (net.neoforged.accesstransformer.AccessTransformer) Transforming net.minecraft.world.level.block.state.BlockBehaviour$Properties FIELD isRedstoneConductor PUBLIC REMOVEFINAL META-INF/accesstransformer.cfg:144 to access PUBLIC and REMOVEFINAL
[16:44:57] [pool-13-thread-1/DEBUG] (net.neoforged.accesstransformer.AccessTransformer) Transforming net.minecraft.world.level.block.state.BlockBehaviour$Properties FIELD isSuffocating PUBLIC REMOVEFINAL META-INF/accesstransformer.cfg:135 to access PUBLIC and REMOVEFINAL
[16:44:57] [pool-13-thread-1/DEBUG] (net.neoforged.accesstransformer.AccessTransformer) Transforming net.minecraft.world.level.block.state.BlockBehaviour$Properties FIELD isViewBlocking PUBLIC REMOVEFINAL META-INF/accesstransformer.cfg:143 to access PUBLIC and REMOVEFINAL
[16:44:57] [pool-13-thread-1/DEBUG] (net.neoforged.accesstransformer.AccessTransformer) Transforming net.minecraft.world.level.block.state.BlockBehaviour$Properties FIELD hasPostProcess PUBLIC REMOVEFINAL META-INF/accesstransformer.cfg:150 to access PUBLIC and REMOVEFINAL
[16:44:57] [pool-13-thread-1/DEBUG] (net.neoforged.accesstransformer.AccessTransformer) Transforming net.minecraft.world.level.block.state.BlockBehaviour$Properties FIELD emissiveRendering PUBLIC REMOVEFINAL META-INF/accesstransformer.cfg:138 to access PUBLIC and REMOVEFINAL
[16:44:57] [pool-13-thread-1/DEBUG] (net.neoforged.accesstransformer.AccessTransformer) Transforming net.minecraft.world.level.block.state.BlockBehaviour$Properties FIELD dynamicShape PUBLIC REMOVEFINAL META-INF/accesstransformer.cfg:148 to access PUBLIC and REMOVEFINAL
[16:44:57] [pool-13-thread-1/DEBUG] (net.neoforged.accesstransformer.AccessTransformer) Transforming net.minecraft.world.level.block.state.BlockBehaviour$Properties METHOD <init>()V PUBLIC LEAVE META-INF/accesstransformer.cfg:154 to access PUBLIC and LEAVE
[16:44:57] [pool-13-thread-1/DEBUG] (net.neoforged.accesstransformer.AccessTransformer) Transforming net.minecraft.core.IdMapper FIELD nextId PROTECTED LEAVE META-INF/accesstransformer.cfg:88 to access PROTECTED and LEAVE
[16:44:57] [pool-13-thread-1/DEBUG] (net.neoforged.accesstransformer.AccessTransformer) Transforming net.minecraft.core.IdMapper FIELD tToId PROTECTED LEAVE META-INF/accesstransformer.cfg:89 to access PROTECTED and LEAVE
[16:44:57] [pool-13-thread-1/DEBUG] (net.neoforged.accesstransformer.AccessTransformer) Transforming net.minecraft.core.IdMapper FIELD idToT PROTECTED LEAVE META-INF/accesstransformer.cfg:90 to access PROTECTED and LEAVE
[16:44:58] [pool-13-thread-1/DEBUG] (net.neoforged.accesstransformer.AccessTransformer) Transforming net.minecraft.world.level.block.BaseEntityBlock METHOD <init>(Lnet/minecraft/world/level/block/state/BlockBehaviour$Properties;)V PUBLIC LEAVE META-INF/accesstransformergenerated.cfg:40 to access PUBLIC and LEAVE
[16:44:58] [pool-13-thread-1/DEBUG] (net.neoforged.accesstransformer.AccessTransformer) Transforming net.minecraft.world.level.block.PipeBlock METHOD <init>(FLnet/minecraft/world/level/block/state/BlockBehaviour$Properties;)V PUBLIC LEAVE META-INF/accesstransformergenerated.cfg:101 to access PUBLIC and LEAVE
[16:44:58] [pool-13-thread-1/DEBUG] (net.neoforged.accesstransformer.AccessTransformer) Transforming net.minecraft.world.level.block.Blocks METHOD never(Lnet/minecraft/world/level/block/state/BlockState;Lnet/minecraft/world/level/BlockGetter;Lnet/minecraft/core/BlockPos;Lnet/minecraft/world/entity/EntityType;)Ljava/lang/Boolean; PUBLIC LEAVE META-INF/accesstransformer.cfg:215 to access PUBLIC and LEAVE
[16:44:58] [pool-13-thread-1/DEBUG] (net.neoforged.accesstransformer.AccessTransformer) Transforming net.minecraft.world.level.block.Blocks METHOD always(Lnet/minecraft/world/level/block/state/BlockState;Lnet/minecraft/world/level/BlockGetter;Lnet/minecraft/core/BlockPos;Lnet/minecraft/world/entity/EntityType;)Ljava/lang/Boolean; PUBLIC LEAVE META-INF/accesstransformer.cfg:214 to access PUBLIC and LEAVE
[16:44:58] [pool-13-thread-1/DEBUG] (net.neoforged.accesstransformer.AccessTransformer) Transforming net.minecraft.world.level.block.Blocks METHOD ocelotOrParrot(Lnet/minecraft/world/level/block/state/BlockState;Lnet/minecraft/world/level/BlockGetter;Lnet/minecraft/core/BlockPos;Lnet/minecraft/world/entity/EntityType;)Ljava/lang/Boolean; PUBLIC LEAVE META-INF/accesstransformer.cfg:216 to access PUBLIC and LEAVE
[16:44:58] [pool-13-thread-1/DEBUG] (net.neoforged.accesstransformer.AccessTransformer) Transforming net.minecraft.world.level.block.SaplingBlock METHOD <init>(Lnet/minecraft/world/level/block/grower/TreeGrower;Lnet/minecraft/world/level/block/state/BlockBehaviour$Properties;)V PUBLIC LEAVE META-INF/accesstransformer.cfg:73, META-INF/accesstransformergenerated.cfg:113 to access PUBLIC and LEAVE
[16:44:58] [pool-13-thread-1/DEBUG] (net.neoforged.accesstransformer.AccessTransformer) Transforming net.minecraft.world.level.block.VegetationBlock METHOD <init>(Lnet/minecraft/world/level/block/state/BlockBehaviour$Properties;)V PUBLIC LEAVE META-INF/accesstransformergenerated.cfg:137 to access PUBLIC and LEAVE
[16:44:58] [pool-13-thread-1/DEBUG] (net.neoforged.accesstransformer.AccessTransformer) Transforming net.minecraft.world.level.block.ChestBlock METHOD <init>(Ljava/util/function/Supplier;Lnet/minecraft/sounds/SoundEvent;Lnet/minecraft/sounds/SoundEvent;Lnet/minecraft/world/level/block/state/BlockBehaviour$Properties;)V PUBLIC LEAVE META-INF/accesstransformer.cfg:106, META-INF/accesstransformergenerated.cfg:54 to access PUBLIC and LEAVE
[16:44:58] [pool-13-thread-1/DEBUG] (net.neoforged.accesstransformer.AccessTransformer) Transforming net.minecraft.world.level.block.AbstractChestBlock METHOD <init>(Lnet/minecraft/world/level/block/state/BlockBehaviour$Properties;Ljava/util/function/Supplier;)V PUBLIC LEAVE META-INF/accesstransformergenerated.cfg:31 to access PUBLIC and LEAVE
[16:44:58] [pool-13-thread-1/DEBUG] (net.neoforged.accesstransformer.AccessTransformer) Transforming net.minecraft.world.level.block.TrapDoorBlock METHOD <init>(Lnet/minecraft/world/level/block/state/properties/BlockSetType;Lnet/minecraft/world/level/block/state/BlockBehaviour$Properties;)V PUBLIC LEAVE META-INF/accesstransformer.cfg:201, META-INF/accesstransformergenerated.cfg:136 to access PUBLIC and LEAVE
[16:44:58] [pool-13-thread-1/DEBUG] (net.neoforged.accesstransformer.AccessTransformer) Transforming net.minecraft.world.level.block.HorizontalDirectionalBlock METHOD <init>(Lnet/minecraft/world/level/block/state/BlockBehaviour$Properties;)V PUBLIC LEAVE META-INF/accesstransformergenerated.cfg:87 to access PUBLIC and LEAVE
[16:44:58] [pool-13-thread-1/DEBUG] (net.neoforged.accesstransformer.AccessTransformer) Transforming net.minecraft.world.level.block.WeatheringLightningRodBlock METHOD <init>(Lnet/minecraft/world/level/block/WeatheringCopper$WeatherState;Lnet/minecraft/world/level/block/state/BlockBehaviour$Properties;)V PUBLIC LEAVE META-INF/accesstransformer.cfg:155, META-INF/accesstransformergenerated.cfg:148 to access PUBLIC and LEAVE
[16:44:58] [pool-13-thread-1/DEBUG] (net.neoforged.accesstransformer.AccessTransformer) Transforming net.minecraft.world.level.block.RodBlock METHOD <init>(Lnet/minecraft/world/level/block/state/BlockBehaviour$Properties;)V PUBLIC LEAVE META-INF/accesstransformergenerated.cfg:111 to access PUBLIC and LEAVE
[16:44:58] [pool-13-thread-1/DEBUG] (net.neoforged.accesstransformer.AccessTransformer) Transforming net.minecraft.world.level.block.DirectionalBlock METHOD <init>(Lnet/minecraft/world/level/block/state/BlockBehaviour$Properties;)V PUBLIC LEAVE META-INF/accesstransformergenerated.cfg:66 to access PUBLIC and LEAVE
[16:44:58] [pool-13-thread-1/DEBUG] (net.neoforged.accesstransformer.AccessTransformer) Transforming net.minecraft.world.level.block.WeatheringCopperTrapDoorBlock METHOD <init>(Lnet/minecraft/world/level/block/state/properties/BlockSetType;Lnet/minecraft/world/level/block/WeatheringCopper$WeatherState;Lnet/minecraft/world/level/block/state/BlockBehaviour$Properties;)V PUBLIC LEAVE META-INF/accesstransformer.cfg:195, META-INF/accesstransformergenerated.cfg:146 to access PUBLIC and LEAVE
[16:44:58] [pool-13-thread-1/DEBUG] (net.neoforged.accesstransformer.AccessTransformer) Transforming net.minecraft.world.level.block.WeatheringCopperGrateBlock METHOD <init>(Lnet/minecraft/world/level/block/WeatheringCopper$WeatherState;Lnet/minecraft/world/level/block/state/BlockBehaviour$Properties;)V PUBLIC LEAVE META-INF/accesstransformer.cfg:162, META-INF/accesstransformergenerated.cfg:145 to access PUBLIC and LEAVE
[16:44:58] [pool-13-thread-1/DEBUG] (net.neoforged.accesstransformer.AccessTransformer) Transforming net.minecraft.world.level.block.WaterloggedTransparentBlock METHOD <init>(Lnet/minecraft/world/level/block/state/BlockBehaviour$Properties;)V PUBLIC LEAVE META-INF/accesstransformer.cfg:5, META-INF/accesstransformergenerated.cfg:141 to access PUBLIC and LEAVE
[16:44:58] [pool-13-thread-1/DEBUG] (net.neoforged.accesstransformer.AccessTransformer) Transforming net.minecraft.world.level.block.TransparentBlock METHOD <init>(Lnet/minecraft/world/level/block/state/BlockBehaviour$Properties;)V PUBLIC LEAVE META-INF/accesstransformer.cfg:70, META-INF/accesstransformergenerated.cfg:135 to access PUBLIC and LEAVE
[16:44:58] [pool-13-thread-1/DEBUG] (net.neoforged.accesstransformer.AccessTransformer) Transforming net.minecraft.world.level.block.HalfTransparentBlock METHOD <init>(Lnet/minecraft/world/level/block/state/BlockBehaviour$Properties;)V PUBLIC LEAVE META-INF/accesstransformer.cfg:23, META-INF/accesstransformergenerated.cfg:85 to access PUBLIC and LEAVE
[16:44:58] [pool-13-thread-1/DEBUG] (net.neoforged.accesstransformer.AccessTransformer) Transforming net.minecraft.world.level.block.CandleCakeBlock METHOD <init>(Lnet/minecraft/world/level/block/Block;Lnet/minecraft/world/level/block/state/BlockBehaviour$Properties;)V PUBLIC LEAVE META-INF/accesstransformer.cfg:178, META-INF/accesstransformergenerated.cfg:51 to access PUBLIC and LEAVE
[16:44:58] [pool-13-thread-1/DEBUG] (net.neoforged.accesstransformer.AccessTransformer) Transforming net.minecraft.world.level.block.AbstractCandleBlock METHOD <init>(Lnet/minecraft/world/level/block/state/BlockBehaviour$Properties;)V PUBLIC LEAVE META-INF/accesstransformergenerated.cfg:30 to access PUBLIC and LEAVE
[16:44:58] [pool-13-thread-1/DEBUG] (net.neoforged.accesstransformer.AccessTransformer) Transforming net.minecraft.world.level.block.StairBlock METHOD <init>(Lnet/minecraft/world/level/block/state/BlockState;Lnet/minecraft/world/level/block/state/BlockBehaviour$Properties;)V PUBLIC LEAVE META-INF/accesstransformer.cfg:125, META-INF/accesstransformergenerated.cfg:127 to access PUBLIC and LEAVE
[16:44:58] [pool-13-thread-1/DEBUG] (net.neoforged.accesstransformer.AccessTransformer) Transforming net.minecraft.world.level.block.ButtonBlock METHOD <init>(Lnet/minecraft/world/level/block/state/properties/BlockSetType;ILnet/minecraft/world/level/block/state/BlockBehaviour$Properties;)V PUBLIC LEAVE META-INF/accesstransformer.cfg:204, META-INF/accesstransformergenerated.cfg:48 to access PUBLIC and LEAVE
[16:44:58] [pool-13-thread-1/DEBUG] (net.neoforged.accesstransformer.AccessTransformer) Transforming net.minecraft.world.level.block.FaceAttachedHorizontalDirectionalBlock METHOD <init>(Lnet/minecraft/world/level/block/state/BlockBehaviour$Properties;)V PUBLIC LEAVE META-INF/accesstransformergenerated.cfg:76 to access PUBLIC and LEAVE
[16:44:58] [pool-13-thread-1/DEBUG] (net.neoforged.accesstransformer.AccessTransformer) Transforming net.minecraft.world.level.block.WeatheringCopperDoorBlock METHOD <init>(Lnet/minecraft/world/level/block/state/properties/BlockSetType;Lnet/minecraft/world/level/block/WeatheringCopper$WeatherState;Lnet/minecraft/world/level/block/state/BlockBehaviour$Properties;)V PUBLIC LEAVE META-INF/accesstransformer.cfg:173, META-INF/accesstransformergenerated.cfg:144 to access PUBLIC and LEAVE
[16:44:58] [pool-13-thread-1/DEBUG] (net.neoforged.accesstransformer.AccessTransformer) Transforming net.minecraft.world.level.block.DoorBlock METHOD <init>(Lnet/minecraft/world/level/block/state/properties/BlockSetType;Lnet/minecraft/world/level/block/state/BlockBehaviour$Properties;)V PUBLIC LEAVE META-INF/accesstransformer.cfg:26, META-INF/accesstransformergenerated.cfg:69 to access PUBLIC and LEAVE
[16:44:58] [pool-13-thread-1/DEBUG] (net.neoforged.accesstransformer.AccessTransformer) Transforming net.minecraft.world.level.block.PressurePlateBlock METHOD <init>(Lnet/minecraft/world/level/block/state/properties/BlockSetType;Lnet/minecraft/world/level/block/state/BlockBehaviour$Properties;)V PUBLIC LEAVE META-INF/accesstransformer.cfg:184, META-INF/accesstransformergenerated.cfg:105 to access PUBLIC and LEAVE
[16:44:58] [pool-13-thread-1/DEBUG] (net.neoforged.accesstransformer.AccessTransformer) Transforming net.minecraft.world.level.block.BasePressurePlateBlock METHOD <init>(Lnet/minecraft/world/level/block/state/BlockBehaviour$Properties;Lnet/minecraft/world/level/block/state/properties/BlockSetType;)V PUBLIC LEAVE META-INF/accesstransformergenerated.cfg:41 to access PUBLIC and LEAVE
[16:44:58] [pool-13-thread-1/DEBUG] (net.neoforged.accesstransformer.AccessTransformer) Transforming net.minecraft.world.level.block.CoralPlantBlock METHOD <init>(Lnet/minecraft/world/level/block/Block;Lnet/minecraft/world/level/block/state/BlockBehaviour$Properties;)V PUBLIC LEAVE META-INF/accesstransformer.cfg:46, META-INF/accesstransformergenerated.cfg:58 to access PUBLIC and LEAVE
[16:44:58] [pool-13-thread-1/DEBUG] (net.neoforged.accesstransformer.AccessTransformer) Transforming net.minecraft.world.level.block.BaseCoralPlantTypeBlock METHOD <init>(Lnet/minecraft/world/level/block/state/BlockBehaviour$Properties;)V PUBLIC LEAVE META-INF/accesstransformergenerated.cfg:38 to access PUBLIC and LEAVE
[16:44:58] [pool-13-thread-1/DEBUG] (net.neoforged.accesstransformer.AccessTransformer) Transforming net.minecraft.world.level.block.CoralWallFanBlock METHOD <init>(Lnet/minecraft/world/level/block/Block;Lnet/minecraft/world/level/block/state/BlockBehaviour$Properties;)V PUBLIC LEAVE META-INF/accesstransformer.cfg:192, META-INF/accesstransformergenerated.cfg:59 to access PUBLIC and LEAVE
[16:44:58] [pool-13-thread-1/DEBUG] (net.neoforged.accesstransformer.AccessTransformer) Transforming net.minecraft.world.level.block.BaseCoralWallFanBlock METHOD <init>(Lnet/minecraft/world/level/block/state/BlockBehaviour$Properties;)V PUBLIC LEAVE META-INF/accesstransformer.cfg:113, META-INF/accesstransformergenerated.cfg:39 to access PUBLIC and LEAVE
[16:44:58] [pool-13-thread-1/DEBUG] (net.neoforged.accesstransformer.AccessTransformer) Transforming net.minecraft.world.level.block.BaseCoralFanBlock METHOD <init>(Lnet/minecraft/world/level/block/state/BlockBehaviour$Properties;)V PUBLIC LEAVE META-INF/accesstransformer.cfg:69, META-INF/accesstransformergenerated.cfg:36 to access PUBLIC and LEAVE
[16:44:58] [pool-13-thread-1/DEBUG] (net.neoforged.accesstransformer.AccessTransformer) Transforming net.minecraft.world.level.block.SignBlock METHOD <init>(Lnet/minecraft/world/level/block/state/properties/WoodType;Lnet/minecraft/world/level/block/state/BlockBehaviour$Properties;)V PUBLIC LEAVE META-INF/accesstransformergenerated.cfg:118 to access PUBLIC and LEAVE
[16:44:58] [pool-13-thread-1/DEBUG] (net.neoforged.accesstransformer.AccessTransformer) Transforming net.minecraft.world.level.block.CoralFanBlock METHOD <init>(Lnet/minecraft/world/level/block/Block;Lnet/minecraft/world/level/block/state/BlockBehaviour$Properties;)V PUBLIC LEAVE META-INF/accesstransformer.cfg:198, META-INF/accesstransformergenerated.cfg:57 to access PUBLIC and LEAVE
[16:44:58] [pool-13-thread-1/DEBUG] (net.neoforged.accesstransformer.AccessTransformer) Transforming net.minecraft.world.level.block.FungusBlock METHOD <init>(Lnet/minecraft/resources/ResourceKey;Lnet/minecraft/world/level/block/Block;Lnet/minecraft/world/level/block/state/BlockBehaviour$Properties;)V PUBLIC LEAVE META-INF/accesstransformer.cfg:164, META-INF/accesstransformergenerated.cfg:79 to access PUBLIC and LEAVE
[16:44:58] [pool-13-thread-1/DEBUG] (net.neoforged.accesstransformer.AccessTransformer) Transforming net.minecraft.world.level.block.AbstractBannerBlock METHOD <init>(Lnet/minecraft/world/item/DyeColor;Lnet/minecraft/world/level/block/state/BlockBehaviour$Properties;)V PUBLIC LEAVE META-INF/accesstransformergenerated.cfg:29 to access PUBLIC and LEAVE
[16:44:58] [pool-13-thread-1/DEBUG] (net.neoforged.accesstransformer.AccessTransformer) Transforming net.minecraft.world.level.block.ChorusFlowerBlock METHOD <init>(Lnet/minecraft/world/level/block/Block;Lnet/minecraft/world/level/block/state/BlockBehaviour$Properties;)V PUBLIC LEAVE META-INF/accesstransformer.cfg:127, META-INF/accesstransformergenerated.cfg:55 to access PUBLIC and LEAVE
[16:44:58] [pool-13-thread-1/DEBUG] (net.neoforged.accesstransformer.AccessTransformer) Transforming net.minecraft.world.level.block.SkullBlock METHOD <init>(Lnet/minecraft/world/level/block/SkullBlock$Type;Lnet/minecraft/world/level/block/state/BlockBehaviour$Properties;)V PUBLIC LEAVE META-INF/accesstransformer.cfg:182, META-INF/accesstransformergenerated.cfg:119 to access PUBLIC and LEAVE
[16:44:58] [pool-13-thread-1/DEBUG] (net.neoforged.accesstransformer.AccessTransformer) Transforming net.minecraft.world.level.block.IronBarsBlock METHOD <init>(Lnet/minecraft/world/level/block/state/BlockBehaviour$Properties;)V PUBLIC LEAVE META-INF/accesstransformer.cfg:180, META-INF/accesstransformergenerated.cfg:88 to access PUBLIC and LEAVE
[16:44:58] [pool-13-thread-1/DEBUG] (net.neoforged.accesstransformer.AccessTransformer) Transforming net.minecraft.world.level.block.CrossCollisionBlock METHOD <init>(FFFFFLnet/minecraft/world/level/block/state/BlockBehaviour$Properties;)V PUBLIC LEAVE META-INF/accesstransformergenerated.cfg:63 to access PUBLIC and LEAVE
[16:44:58] [pool-13-thread-1/DEBUG] (net.neoforged.accesstransformer.AccessTransformer) Transforming net.minecraft.world.level.block.WoolCarpetBlock METHOD <init>(Lnet/minecraft/world/item/DyeColor;Lnet/minecraft/world/level/block/state/BlockBehaviour$Properties;)V PUBLIC LEAVE META-INF/accesstransformer.cfg:91, META-INF/accesstransformergenerated.cfg:153 to access PUBLIC and LEAVE
[16:44:58] [pool-13-thread-1/DEBUG] (net.neoforged.accesstransformer.AccessTransformer) Transforming net.minecraft.world.level.block.WeightedPressurePlateBlock METHOD <init>(ILnet/minecraft/world/level/block/state/properties/BlockSetType;Lnet/minecraft/world/level/block/state/BlockBehaviour$Properties;)V PUBLIC LEAVE META-INF/accesstransformer.cfg:6, META-INF/accesstransformergenerated.cfg:149 to access PUBLIC and LEAVE
[16:44:58] [pool-13-thread-1/DEBUG] (net.neoforged.accesstransformer.AccessTransformer) Transforming net.minecraft.world.level.block.WallSkullBlock METHOD <init>(Lnet/minecraft/world/level/block/SkullBlock$Type;Lnet/minecraft/world/level/block/state/BlockBehaviour$Properties;)V PUBLIC LEAVE META-INF/accesstransformer.cfg:121, META-INF/accesstransformergenerated.cfg:138 to access PUBLIC and LEAVE
[16:44:58] [pool-13-thread-1/DEBUG] (net.neoforged.accesstransformer.AccessTransformer) Transforming net.minecraft.world.level.block.AttachedStemBlock METHOD <init>(Lnet/minecraft/resources/ResourceKey;Lnet/minecraft/resources/ResourceKey;Lnet/minecraft/resources/ResourceKey;Lnet/minecraft/world/level/block/state/BlockBehaviour$Properties;)V PUBLIC LEAVE META-INF/accesstransformer.cfg:97, META-INF/accesstransformergenerated.cfg:33 to access PUBLIC and LEAVE
[16:44:58] [pool-13-thread-1/DEBUG] (net.neoforged.accesstransformer.AccessTransformer) Transforming net.minecraft.world.level.block.StemBlock METHOD <init>(Lnet/minecraft/resources/ResourceKey;Lnet/minecraft/resources/ResourceKey;Lnet/minecraft/resources/ResourceKey;Lnet/minecraft/world/level/block/state/BlockBehaviour$Properties;)V PUBLIC LEAVE META-INF/accesstransformer.cfg:45, META-INF/accesstransformergenerated.cfg:128 to access PUBLIC and LEAVE
[16:44:58] [pool-13-thread-1/DEBUG] (net.neoforged.accesstransformer.AccessTransformer) Transforming net.minecraft.world.level.block.TorchBlock METHOD <init>(Lnet/minecraft/core/particles/SimpleParticleType;Lnet/minecraft/world/level/block/state/BlockBehaviour$Properties;)V PUBLIC LEAVE META-INF/accesstransformer.cfg:40, META-INF/accesstransformergenerated.cfg:134 to access PUBLIC and LEAVE
[16:44:58] [pool-13-thread-1/DEBUG] (net.neoforged.accesstransformer.AccessTransformer) Transforming net.minecraft.world.level.block.BaseTorchBlock METHOD <init>(Lnet/minecraft/world/level/block/state/BlockBehaviour$Properties;)V PUBLIC LEAVE META-INF/accesstransformergenerated.cfg:43 to access PUBLIC and LEAVE
[16:44:58] [pool-13-thread-1/DEBUG] (net.neoforged.accesstransformer.AccessTransformer) Transforming net.minecraft.world.level.block.WallTorchBlock METHOD <init>(Lnet/minecraft/core/particles/SimpleParticleType;Lnet/minecraft/world/level/block/state/BlockBehaviour$Properties;)V PUBLIC LEAVE META-INF/accesstransformer.cfg:114, META-INF/accesstransformergenerated.cfg:139 to access PUBLIC and LEAVE
[16:44:58] [pool-13-thread-1/DEBUG] (net.neoforged.accesstransformer.AccessTransformer) Transforming net.minecraft.world.level.block.PoweredRailBlock METHOD <init>(Lnet/minecraft/world/level/block/state/BlockBehaviour$Properties;)V PUBLIC LEAVE META-INF/accesstransformer.cfg:188, META-INF/accesstransformergenerated.cfg:104 to access PUBLIC and LEAVE
[16:44:58] [pool-13-thread-1/DEBUG] (net.neoforged.accesstransformer.AccessTransformer) Transforming net.minecraft.world.level.block.BaseRailBlock METHOD <init>(ZLnet/minecraft/world/level/block/state/BlockBehaviour$Properties;)V PUBLIC LEAVE META-INF/accesstransformergenerated.cfg:42 to access PUBLIC and LEAVE
[16:44:58] [pool-13-thread-1/DEBUG] (net.neoforged.accesstransformer.AccessTransformer) Transforming net.minecraft.world.level.block.LiquidBlock FIELD fluid PUBLIC LEAVE META-INF/accesstransformer.cfg:220 to access PUBLIC and LEAVE
[16:44:58] [pool-13-thread-1/DEBUG] (net.neoforged.accesstransformer.AccessTransformer) Transforming net.minecraft.world.level.block.LiquidBlock METHOD <init>(Lnet/minecraft/world/level/material/FlowingFluid;Lnet/minecraft/world/level/block/state/BlockBehaviour$Properties;)V PUBLIC LEAVE META-INF/accesstransformer.cfg:120, META-INF/accesstransformergenerated.cfg:96 to access PUBLIC and LEAVE
[16:44:58] [pool-13-thread-1/DEBUG] (mixin) Mixing neoforge.LiquidBlockAccessor from architectury.mixins.json into net.minecraft.world.level.block.LiquidBlock
[16:44:58] [pool-13-thread-1/DEBUG] (mixin) architectury.mixins.json:neoforge.LiquidBlockAccessor from mod architectury: Class version 65 required is higher than the class version supported by the current version of Mixin (JAVA_16 supports class version 60)
[16:44:58] [pool-13-thread-1/DEBUG] (mixin) Mixing inject.MixinLiquidBlock from architectury-common.mixins.json into net.minecraft.world.level.block.LiquidBlock
[16:44:58] [pool-13-thread-1/DEBUG] (mixin) architectury-common.mixins.json:inject.MixinLiquidBlock from mod architectury: Class version 65 required is higher than the class version supported by the current version of Mixin (JAVA_16 supports class version 60)
[16:44:58] [pool-13-thread-1/DEBUG] (mixin) Mixing inject.MixinEntityType from architectury-common.mixins.json into net.minecraft.world.entity.EntityType
[16:44:58] [pool-13-thread-1/DEBUG] (mixin) architectury-common.mixins.json:inject.MixinEntityType from mod architectury: Class version 65 required is higher than the class version supported by the current version of Mixin (JAVA_16 supports class version 60)
[16:44:58] [pool-13-thread-1/DEBUG] (mixin) Mixing inject.MixinFluid from architectury-common.mixins.json into net.minecraft.world.level.material.Fluid
[16:44:58] [pool-13-thread-1/DEBUG] (mixin) architectury-common.mixins.json:inject.MixinFluid from mod architectury: Class version 65 required is higher than the class version supported by the current version of Mixin (JAVA_16 supports class version 60)
[16:44:58] [pool-13-thread-1/DEBUG] (net.neoforged.accesstransformer.AccessTransformer) Transforming net.minecraft.world.level.block.SpreadingSnowyDirtBlock METHOD <init>(Lnet/minecraft/world/level/block/state/BlockBehaviour$Properties;)V PUBLIC LEAVE META-INF/accesstransformergenerated.cfg:126 to access PUBLIC and LEAVE
[16:44:58] [pool-13-thread-1/DEBUG] (net.neoforged.accesstransformer.AccessTransformer) Transforming net.minecraft.world.level.block.SnowyDirtBlock METHOD <init>(Lnet/minecraft/world/level/block/state/BlockBehaviour$Properties;)V PUBLIC LEAVE META-INF/accesstransformer.cfg:126, META-INF/accesstransformergenerated.cfg:123 to access PUBLIC and LEAVE
[16:44:58] [pool-13-thread-1/DEBUG] (mixin) Mixing MixinFallingBlockEntity from architectury.mixins.json into net.minecraft.world.entity.item.FallingBlockEntity
[16:44:58] [pool-13-thread-1/DEBUG] (mixin) architectury.mixins.json:MixinFallingBlockEntity from mod architectury: Class version 65 required is higher than the class version supported by the current version of Mixin (JAVA_16 supports class version 60)
[16:44:58] [pool-13-thread-1/DEBUG] (net.neoforged.accesstransformer.AccessTransformer) Transforming net.minecraft.world.item.context.BlockPlaceContext METHOD <init>(Lnet/minecraft/world/level/Level;Lnet/minecraft/world/entity/player/Player;Lnet/minecraft/world/InteractionHand;Lnet/minecraft/world/item/ItemStack;Lnet/minecraft/world/phys/BlockHitResult;)V PUBLIC LEAVE META-INF/accesstransformer.cfg:191 to access PUBLIC and LEAVE
[16:44:58] [pool-13-thread-1/DEBUG] (net.neoforged.accesstransformer.AccessTransformer) Transforming net.minecraft.world.item.context.UseOnContext METHOD <init>(Lnet/minecraft/world/level/Level;Lnet/minecraft/world/entity/player/Player;Lnet/minecraft/world/InteractionHand;Lnet/minecraft/world/item/ItemStack;Lnet/minecraft/world/phys/BlockHitResult;)V PUBLIC LEAVE META-INF/accesstransformer.cfg:192 to access PUBLIC and LEAVE
[16:44:58] [pool-13-thread-1/DEBUG] (mixin) architectury.mixins.json:MixinFallingBlockEntity from mod architectury->@Inject::handleLand(Lorg/spongepowered/asm/mixin/injection/callback/CallbackInfo;)V doesn't use it's CallbackInfo
[16:44:58] [pool-13-thread-1/DEBUG] (mixin) architectury.mixins.json:MixinFallingBlockEntity from mod architectury->@Inject::handleLand(Lorg/spongepowered/asm/mixin/injection/callback/CallbackInfo;)V has 0 override(s) in child classes
[16:44:58] [pool-13-thread-1/DEBUG] (mixin) architectury.mixins.json:MixinFallingBlockEntity from mod architectury->@Inject::handleLand(Lorg/spongepowered/asm/mixin/injection/callback/CallbackInfo;)V won't be passed a CallbackInfo as a result
[16:44:58] [pool-13-thread-1/DEBUG] (net.neoforged.accesstransformer.AccessTransformer) Transforming net.minecraft.world.level.block.MangroveRootsBlock METHOD <init>(Lnet/minecraft/world/level/block/state/BlockBehaviour$Properties;)V PUBLIC LEAVE META-INF/accesstransformer.cfg:169, META-INF/accesstransformergenerated.cfg:98 to access PUBLIC and LEAVE
[16:44:58] [pool-13-thread-1/DEBUG] (net.neoforged.accesstransformer.AccessTransformer) Transforming net.minecraft.core.particles.SimpleParticleType METHOD <init>(Z)V PUBLIC LEAVE META-INF/accesstransformer.cfg:91 to access PUBLIC and LEAVE
[16:44:58] [pool-13-thread-1/DEBUG] (net.neoforged.accesstransformer.AccessTransformer) Transforming net.minecraft.world.level.block.SpongeBlock METHOD <init>(Lnet/minecraft/world/level/block/state/BlockBehaviour$Properties;)V PUBLIC LEAVE META-INF/accesstransformer.cfg:177, META-INF/accesstransformergenerated.cfg:125 to access PUBLIC and LEAVE
[16:44:58] [pool-13-thread-1/DEBUG] (net.neoforged.accesstransformer.AccessTransformer) Transforming net.minecraft.world.level.block.WetSpongeBlock METHOD <init>(Lnet/minecraft/world/level/block/state/BlockBehaviour$Properties;)V PUBLIC LEAVE META-INF/accesstransformer.cfg:124, META-INF/accesstransformergenerated.cfg:150 to access PUBLIC and LEAVE
[16:44:58] [pool-13-thread-1/DEBUG] (net.neoforged.accesstransformer.AccessTransformer) Transforming net.minecraft.world.level.block.DispenserBlock METHOD <init>(Lnet/minecraft/world/level/block/state/BlockBehaviour$Properties;)V PUBLIC LEAVE META-INF/accesstransformer.cfg:133, META-INF/accesstransformergenerated.cfg:68 to access PUBLIC and LEAVE
[16:44:58] [pool-13-thread-1/DEBUG] (net.neoforged.accesstransformer.AccessTransformer) Transforming net.minecraft.world.level.block.TallGrassBlock METHOD <init>(Lnet/minecraft/world/level/block/state/BlockBehaviour$Properties;)V PUBLIC LEAVE META-INF/accesstransformer.cfg:108, META-INF/accesstransformergenerated.cfg:133 to access PUBLIC and LEAVE
[16:44:58] [pool-13-thread-1/DEBUG] (net.neoforged.accesstransformer.AccessTransformer) Transforming net.minecraft.world.level.block.DryVegetationBlock METHOD <init>(Lnet/minecraft/world/level/block/state/BlockBehaviour$Properties;)V PUBLIC LEAVE META-INF/accesstransformer.cfg:90, META-INF/accesstransformergenerated.cfg:70 to access PUBLIC and LEAVE
[16:44:58] [pool-13-thread-1/DEBUG] (net.neoforged.accesstransformer.AccessTransformer) Transforming net.minecraft.world.level.block.BushBlock METHOD <init>(Lnet/minecraft/world/level/block/state/BlockBehaviour$Properties;)V PUBLIC LEAVE META-INF/accesstransformer.cfg:193, META-INF/accesstransformergenerated.cfg:47 to access PUBLIC and LEAVE
[16:44:58] [pool-13-thread-1/DEBUG] (net.neoforged.accesstransformer.AccessTransformer) Transforming net.minecraft.world.level.block.ShortDryGrassBlock METHOD <init>(Lnet/minecraft/world/level/block/state/BlockBehaviour$Properties;)V PUBLIC LEAVE META-INF/accesstransformer.cfg:32, META-INF/accesstransformergenerated.cfg:117 to access PUBLIC and LEAVE
[16:44:58] [pool-13-thread-1/DEBUG] (net.neoforged.accesstransformer.AccessTransformer) Transforming net.minecraft.world.level.block.TallDryGrassBlock METHOD <init>(Lnet/minecraft/world/level/block/state/BlockBehaviour$Properties;)V PUBLIC LEAVE META-INF/accesstransformer.cfg:168, META-INF/accesstransformergenerated.cfg:132 to access PUBLIC and LEAVE
[16:44:58] [pool-13-thread-1/DEBUG] (net.neoforged.accesstransformer.AccessTransformer) Transforming net.minecraft.world.level.block.SeagrassBlock METHOD <init>(Lnet/minecraft/world/level/block/state/BlockBehaviour$Properties;)V PUBLIC LEAVE META-INF/accesstransformer.cfg:71, META-INF/accesstransformergenerated.cfg:116 to access PUBLIC and LEAVE
[16:44:58] [pool-13-thread-1/DEBUG] (net.neoforged.accesstransformer.AccessTransformer) Transforming net.minecraft.world.effect.MobEffect$AttributeTemplate CLASS PUBLIC LEAVE META-INF/accesstransformer.cfg:167 to access PUBLIC and LEAVE
[16:44:58] [pool-13-thread-1/DEBUG] (net.neoforged.accesstransformer.AccessTransformer) Transforming net.minecraft.world.effect.MobEffect$AttributeTemplate METHOD <init>(Lnet/minecraft/resources/Identifier;DLnet/minecraft/world/entity/ai/attributes/AttributeModifier$Operation;)V PUBLIC LEAVE META-INF/accesstransformer.cfg:166 to access PUBLIC and LEAVE
[16:44:58] [pool-13-thread-1/DEBUG] (net.neoforged.accesstransformer.AccessTransformer) Transforming net.minecraft.world.entity.Mob FIELD goalSelector PUBLIC LEAVE META-INF/accesstransformer.cfg:173 to access PUBLIC and LEAVE
[16:44:58] [pool-13-thread-1/DEBUG] (net.neoforged.accesstransformer.AccessTransformer) Transforming net.minecraft.world.entity.Mob FIELD targetSelector PUBLIC LEAVE META-INF/accesstransformer.cfg:174 to access PUBLIC and LEAVE
[16:44:58] [pool-13-thread-1/DEBUG] (net.neoforged.accesstransformer.AccessTransformer) Transforming net.minecraft.world.entity.item.PrimedTnt METHOD explode()V PROTECTED LEAVE META-INF/accesstransformer.cfg:176 to access PROTECTED and LEAVE
[16:44:58] [pool-13-thread-1/DEBUG] (net.neoforged.accesstransformer.AccessTransformer) Transforming net.minecraft.world.level.block.SpawnerBlock METHOD <init>(Lnet/minecraft/world/level/block/state/BlockBehaviour$Properties;)V PUBLIC LEAVE META-INF/accesstransformer.cfg:191, META-INF/accesstransformergenerated.cfg:124 to access PUBLIC and LEAVE
[16:44:58] [pool-13-thread-1/DEBUG] (net.neoforged.accesstransformer.AccessTransformer) Transforming net.minecraft.world.level.block.CreakingHeartBlock METHOD <init>(Lnet/minecraft/world/level/block/state/BlockBehaviour$Properties;)V PUBLIC LEAVE META-INF/accesstransformer.cfg:103, META-INF/accesstransformergenerated.cfg:61 to access PUBLIC and LEAVE
[16:44:58] [pool-13-thread-1/DEBUG] (net.neoforged.accesstransformer.AccessTransformer) Transforming net.minecraft.world.level.block.entity.BlockEntityType INNERCLASS BlockEntitySupplier PUBLIC LEAVE META-INF/accesstransformer.cfg:200, META-INF/accesstransformer.cfg:224 to access PUBLIC and LEAVE
[16:44:58] [pool-13-thread-1/DEBUG] (net.neoforged.accesstransformer.AccessTransformer) Transforming net.minecraft.world.level.block.entity.BlockEntityType METHOD <init>(Lnet/minecraft/world/level/block/entity/BlockEntityType$BlockEntitySupplier;Ljava/util/Set;)V PUBLIC LEAVE META-INF/accesstransformer.cfg:223 to access PUBLIC and LEAVE
[16:44:58] [pool-13-thread-1/DEBUG] (mixin) Mixing BlockEntityTypeAccessor from neoforge.mixins.json into net.minecraft.world.level.block.entity.BlockEntityType
[16:44:58] [pool-13-thread-1/DEBUG] (net.neoforged.accesstransformer.AccessTransformer) Transforming net.minecraft.world.level.block.CraftingTableBlock METHOD <init>(Lnet/minecraft/world/level/block/state/BlockBehaviour$Properties;)V PUBLIC LEAVE META-INF/accesstransformer.cfg:14, META-INF/accesstransformergenerated.cfg:60 to access PUBLIC and LEAVE
[16:44:58] [pool-13-thread-1/DEBUG] (net.neoforged.accesstransformer.AccessTransformer) Transforming net.minecraft.world.level.block.CropBlock METHOD <init>(Lnet/minecraft/world/level/block/state/BlockBehaviour$Properties;)V PUBLIC LEAVE META-INF/accesstransformer.cfg:181, META-INF/accesstransformergenerated.cfg:62 to access PUBLIC and LEAVE
[16:44:58] [pool-13-thread-1/DEBUG] (net.neoforged.accesstransformer.AccessTransformer) Transforming net.minecraft.world.level.block.CropBlock METHOD hasSufficientLight(Lnet/minecraft/world/level/LevelReader;Lnet/minecraft/core/BlockPos;)Z PUBLIC LEAVE META-INF/accesstransformer.cfg:217 to access PUBLIC and LEAVE
[16:44:58] [pool-13-thread-1/DEBUG] (net.neoforged.accesstransformer.AccessTransformer) Transforming net.minecraft.world.level.block.FarmBlock METHOD <init>(Lnet/minecraft/world/level/block/state/BlockBehaviour$Properties;)V PUBLIC LEAVE META-INF/accesstransformer.cfg:1, META-INF/accesstransformergenerated.cfg:77 to access PUBLIC and LEAVE
[16:44:58] [pool-13-thread-1/DEBUG] (net.neoforged.accesstransformer.AccessTransformer) Transforming net.minecraft.world.level.block.FurnaceBlock METHOD <init>(Lnet/minecraft/world/level/block/state/BlockBehaviour$Properties;)V PUBLIC LEAVE META-INF/accesstransformer.cfg:101, META-INF/accesstransformergenerated.cfg:80 to access PUBLIC and LEAVE
[16:44:58] [pool-13-thread-1/DEBUG] (net.neoforged.accesstransformer.AccessTransformer) Transforming net.minecraft.world.level.block.AbstractFurnaceBlock METHOD <init>(Lnet/minecraft/world/level/block/state/BlockBehaviour$Properties;)V PUBLIC LEAVE META-INF/accesstransformergenerated.cfg:32 to access PUBLIC and LEAVE
[16:44:58] [pool-13-thread-1/DEBUG] (net.neoforged.accesstransformer.AccessTransformer) Transforming net.minecraft.world.level.block.state.properties.WoodType METHOD register(Lnet/minecraft/world/level/block/state/properties/WoodType;)Lnet/minecraft/world/level/block/state/properties/WoodType; PUBLIC LEAVE META-INF/accesstransformer.cfg:229 to access PUBLIC and LEAVE
[16:44:58] [pool-13-thread-1/DEBUG] (net.neoforged.accesstransformer.AccessTransformer) Transforming net.minecraft.world.level.block.state.properties.BlockSetType METHOD register(Lnet/minecraft/world/level/block/state/properties/BlockSetType;)Lnet/minecraft/world/level/block/state/properties/BlockSetType; PUBLIC LEAVE META-INF/accesstransformer.cfg:228 to access PUBLIC and LEAVE
[16:44:58] [pool-13-thread-1/DEBUG] (net.neoforged.accesstransformer.AccessTransformer) Transforming net.minecraft.world.level.block.LadderBlock METHOD <init>(Lnet/minecraft/world/level/block/state/BlockBehaviour$Properties;)V PUBLIC LEAVE META-INF/accesstransformer.cfg:43, META-INF/accesstransformergenerated.cfg:93 to access PUBLIC and LEAVE
[16:44:58] [pool-13-thread-1/DEBUG] (net.neoforged.accesstransformer.AccessTransformer) Transforming net.minecraft.world.level.block.RailBlock METHOD <init>(Lnet/minecraft/world/level/block/state/BlockBehaviour$Properties;)V PUBLIC LEAVE META-INF/accesstransformer.cfg:202, META-INF/accesstransformergenerated.cfg:107 to access PUBLIC and LEAVE
[16:44:58] [pool-13-thread-1/DEBUG] (net.neoforged.accesstransformer.AccessTransformer) Transforming net.minecraft.world.level.block.LeverBlock METHOD <init>(Lnet/minecraft/world/level/block/state/BlockBehaviour$Properties;)V PUBLIC LEAVE META-INF/accesstransformer.cfg:11, META-INF/accesstransformergenerated.cfg:95 to access PUBLIC and LEAVE
[16:44:58] [pool-13-thread-1/DEBUG] (net.neoforged.accesstransformer.AccessTransformer) Transforming net.minecraft.world.level.block.RedstoneTorchBlock METHOD <init>(Lnet/minecraft/world/level/block/state/BlockBehaviour$Properties;)V PUBLIC LEAVE META-INF/accesstransformer.cfg:18, META-INF/accesstransformergenerated.cfg:108 to access PUBLIC and LEAVE
[16:44:58] [pool-13-thread-1/DEBUG] (net.neoforged.accesstransformer.AccessTransformer) Transforming net.minecraft.world.level.block.RedstoneWallTorchBlock METHOD <init>(Lnet/minecraft/world/level/block/state/BlockBehaviour$Properties;)V PUBLIC LEAVE META-INF/accesstransformer.cfg:122, META-INF/accesstransformergenerated.cfg:109 to access PUBLIC and LEAVE
[16:44:58] [pool-13-thread-1/DEBUG] (net.neoforged.accesstransformer.AccessTransformer) Transforming net.minecraft.world.entity.projectile.Projectile METHOD <init>(Lnet/minecraft/world/entity/EntityType;Lnet/minecraft/world/level/Level;)V PROTECTED LEAVE META-INF/accesstransformer.cfg:178 to access PROTECTED and LEAVE
[16:44:58] [pool-13-thread-1/DEBUG] (net.neoforged.accesstransformer.AccessTransformer) Transforming net.minecraft.world.level.block.SnowLayerBlock METHOD <init>(Lnet/minecraft/world/level/block/state/BlockBehaviour$Properties;)V PUBLIC LEAVE META-INF/accesstransformer.cfg:102, META-INF/accesstransformergenerated.cfg:122 to access PUBLIC and LEAVE
[16:44:58] [pool-13-thread-1/DEBUG] (net.neoforged.accesstransformer.AccessTransformer) Transforming net.minecraft.world.level.block.CactusBlock METHOD <init>(Lnet/minecraft/world/level/block/state/BlockBehaviour$Properties;)V PUBLIC LEAVE META-INF/accesstransformer.cfg:99, META-INF/accesstransformergenerated.cfg:49 to access PUBLIC and LEAVE
[16:44:58] [pool-13-thread-1/DEBUG] (net.neoforged.accesstransformer.AccessTransformer) Transforming net.minecraft.world.level.block.SugarCaneBlock METHOD <init>(Lnet/minecraft/world/level/block/state/BlockBehaviour$Properties;)V PUBLIC LEAVE META-INF/accesstransformer.cfg:134, META-INF/accesstransformergenerated.cfg:131 to access PUBLIC and LEAVE
[16:44:58] [pool-13-thread-1/DEBUG] (net.neoforged.accesstransformer.AccessTransformer) Transforming net.minecraft.world.level.block.JukeboxBlock METHOD <init>(Lnet/minecraft/world/level/block/state/BlockBehaviour$Properties;)V PUBLIC LEAVE META-INF/accesstransformer.cfg:167, META-INF/accesstransformergenerated.cfg:90 to access PUBLIC and LEAVE
[16:44:58] [pool-13-thread-1/DEBUG] (net.neoforged.accesstransformer.AccessTransformer) Transforming net.minecraft.world.level.block.CarvedPumpkinBlock METHOD <init>(Lnet/minecraft/world/level/block/state/BlockBehaviour$Properties;)V PUBLIC LEAVE META-INF/accesstransformer.cfg:72, META-INF/accesstransformergenerated.cfg:53 to access PUBLIC and LEAVE
[16:44:58] [pool-13-thread-1/DEBUG] (net.neoforged.accesstransformer.AccessTransformer) Transforming net.minecraft.world.level.block.CakeBlock METHOD <init>(Lnet/minecraft/world/level/block/state/BlockBehaviour$Properties;)V PUBLIC LEAVE META-INF/accesstransformer.cfg:8, META-INF/accesstransformergenerated.cfg:50 to access PUBLIC and LEAVE
[16:44:58] [pool-13-thread-1/DEBUG] (net.neoforged.accesstransformer.AccessTransformer) Transforming net.minecraft.world.level.block.RepeaterBlock METHOD <init>(Lnet/minecraft/world/level/block/state/BlockBehaviour$Properties;)V PUBLIC LEAVE META-INF/accesstransformer.cfg:75, META-INF/accesstransformergenerated.cfg:110 to access PUBLIC and LEAVE
[16:44:58] [pool-13-thread-1/DEBUG] (net.neoforged.accesstransformer.AccessTransformer) Transforming net.minecraft.world.level.block.DiodeBlock METHOD <init>(Lnet/minecraft/world/level/block/state/BlockBehaviour$Properties;)V PUBLIC LEAVE META-INF/accesstransformergenerated.cfg:65 to access PUBLIC and LEAVE
[16:44:58] [pool-13-thread-1/DEBUG] (net.neoforged.accesstransformer.AccessTransformer) Transforming net.minecraft.world.level.block.WeatheringCopperBarsBlock METHOD <init>(Lnet/minecraft/world/level/block/WeatheringCopper$WeatherState;Lnet/minecraft/world/level/block/state/BlockBehaviour$Properties;)V PUBLIC LEAVE META-INF/accesstransformer.cfg:203, META-INF/accesstransformergenerated.cfg:142 to access PUBLIC and LEAVE
[16:44:58] [pool-13-thread-1/DEBUG] (net.neoforged.accesstransformer.AccessTransformer) Transforming net.minecraft.world.level.block.WeatheringCopperChainBlock METHOD <init>(Lnet/minecraft/world/level/block/WeatheringCopper$WeatherState;Lnet/minecraft/world/level/block/state/BlockBehaviour$Properties;)V PUBLIC LEAVE META-INF/accesstransformer.cfg:12, META-INF/accesstransformergenerated.cfg:143 to access PUBLIC and LEAVE
[16:44:58] [pool-13-thread-1/DEBUG] (net.neoforged.accesstransformer.AccessTransformer) Transforming net.minecraft.world.level.block.PumpkinBlock METHOD <init>(Lnet/minecraft/world/level/block/state/BlockBehaviour$Properties;)V PUBLIC LEAVE META-INF/accesstransformer.cfg:205, META-INF/accesstransformergenerated.cfg:106 to access PUBLIC and LEAVE
[16:44:59] [pool-13-thread-1/DEBUG] (net.neoforged.accesstransformer.AccessTransformer) Transforming net.minecraft.world.level.block.WaterlilyBlock METHOD <init>(Lnet/minecraft/world/level/block/state/BlockBehaviour$Properties;)V PUBLIC LEAVE META-INF/accesstransformer.cfg:110, META-INF/accesstransformergenerated.cfg:140 to access PUBLIC and LEAVE
[16:44:59] [pool-13-thread-1/DEBUG] (net.neoforged.accesstransformer.AccessTransformer) Transforming net.minecraft.world.level.block.NetherWartBlock METHOD <init>(Lnet/minecraft/world/level/block/state/BlockBehaviour$Properties;)V PUBLIC LEAVE META-INF/accesstransformer.cfg:170, META-INF/accesstransformergenerated.cfg:99 to access PUBLIC and LEAVE
[16:44:59] [pool-13-thread-1/DEBUG] (net.neoforged.accesstransformer.AccessTransformer) Transforming net.minecraft.world.level.block.EnchantingTableBlock METHOD <init>(Lnet/minecraft/world/level/block/state/BlockBehaviour$Properties;)V PUBLIC LEAVE META-INF/accesstransformer.cfg:156, META-INF/accesstransformergenerated.cfg:71 to access PUBLIC and LEAVE
[16:44:59] [pool-13-thread-1/DEBUG] (net.neoforged.accesstransformer.AccessTransformer) Transforming net.minecraft.world.level.biome.Biome INNERCLASS ClimateSettings PUBLIC LEAVE META-INF/accesstransformer.cfg:204 to access PUBLIC and LEAVE
[16:44:59] [pool-13-thread-1/DEBUG] (net.neoforged.accesstransformer.AccessTransformer) Transforming net.minecraft.world.level.block.EndPortalBlock METHOD <init>(Lnet/minecraft/world/level/block/state/BlockBehaviour$Properties;)V PUBLIC LEAVE META-INF/accesstransformer.cfg:13, META-INF/accesstransformergenerated.cfg:73 to access PUBLIC and LEAVE
[16:44:59] [pool-13-thread-1/DEBUG] (net.neoforged.accesstransformer.AccessTransformer) Transforming net.minecraft.world.level.block.EnderChestBlock METHOD <init>(Lnet/minecraft/world/level/block/state/BlockBehaviour$Properties;)V PUBLIC LEAVE META-INF/accesstransformer.cfg:68, META-INF/accesstransformergenerated.cfg:75 to access PUBLIC and LEAVE
[16:44:59] [pool-13-thread-1/DEBUG] (net.neoforged.accesstransformer.AccessTransformer) Transforming net.minecraft.world.level.block.WitherSkullBlock METHOD <init>(Lnet/minecraft/world/level/block/state/BlockBehaviour$Properties;)V PUBLIC LEAVE META-INF/accesstransformer.cfg:175, META-INF/accesstransformergenerated.cfg:151 to access PUBLIC and LEAVE
[16:44:59] [pool-13-thread-1/DEBUG] (net.neoforged.accesstransformer.AccessTransformer) Transforming net.minecraft.world.level.block.WitherWallSkullBlock METHOD <init>(Lnet/minecraft/world/level/block/state/BlockBehaviour$Properties;)V PUBLIC LEAVE META-INF/accesstransformer.cfg:104, META-INF/accesstransformergenerated.cfg:152 to access PUBLIC and LEAVE
[16:44:59] [pool-13-thread-1/DEBUG] (net.neoforged.accesstransformer.AccessTransformer) Transforming net.minecraft.world.level.block.PlayerHeadBlock METHOD <init>(Lnet/minecraft/world/level/block/state/BlockBehaviour$Properties;)V PUBLIC LEAVE META-INF/accesstransformer.cfg:163, META-INF/accesstransformergenerated.cfg:102 to access PUBLIC and LEAVE
[16:44:59] [pool-13-thread-1/DEBUG] (net.neoforged.accesstransformer.AccessTransformer) Transforming net.minecraft.world.level.block.PlayerWallHeadBlock METHOD <init>(Lnet/minecraft/world/level/block/state/BlockBehaviour$Properties;)V PUBLIC LEAVE META-INF/accesstransformer.cfg:166, META-INF/accesstransformergenerated.cfg:103 to access PUBLIC and LEAVE
[16:44:59] [pool-13-thread-1/DEBUG] (net.neoforged.accesstransformer.AccessTransformer) Transforming net.minecraft.world.inventory.AnvilMenu FIELD repairItemCountCost PUBLIC LEAVE META-INF/accesstransformer.cfg:183 to access PUBLIC and LEAVE
[16:44:59] [pool-13-thread-1/DEBUG] (net.neoforged.accesstransformer.AccessTransformer) Transforming net.minecraft.world.level.block.entity.HopperBlockEntity METHOD setCooldown(I)V PUBLIC LEAVE META-INF/accesstransformer.cfg:225 to access PUBLIC and LEAVE
[16:44:59] [pool-13-thread-1/DEBUG] (net.neoforged.accesstransformer.AccessTransformer) Transforming net.minecraft.world.level.block.entity.HopperBlockEntity METHOD isOnCustomCooldown()Z PUBLIC LEAVE META-INF/accesstransformer.cfg:226 to access PUBLIC and LEAVE
[16:44:59] [pool-13-thread-1/DEBUG] (net.neoforged.accesstransformer.AccessTransformer) Transforming net.minecraft.world.level.block.BarrierBlock METHOD <init>(Lnet/minecraft/world/level/block/state/BlockBehaviour$Properties;)V PUBLIC LEAVE META-INF/accesstransformer.cfg:179, META-INF/accesstransformergenerated.cfg:35 to access PUBLIC and LEAVE
[16:44:59] [pool-13-thread-1/DEBUG] (net.neoforged.accesstransformer.AccessTransformer) Transforming net.minecraft.world.level.block.EndRodBlock METHOD <init>(Lnet/minecraft/world/level/block/state/BlockBehaviour$Properties;)V PUBLIC LEAVE META-INF/accesstransformer.cfg:196, META-INF/accesstransformergenerated.cfg:74 to access PUBLIC and LEAVE
[16:44:59] [pool-13-thread-1/DEBUG] (net.neoforged.accesstransformer.AccessTransformer) Transforming net.minecraft.world.level.block.ChorusPlantBlock METHOD <init>(Lnet/minecraft/world/level/block/state/BlockBehaviour$Properties;)V PUBLIC LEAVE META-INF/accesstransformer.cfg:38, META-INF/accesstransformergenerated.cfg:56 to access PUBLIC and LEAVE
[16:44:59] [pool-13-thread-1/DEBUG] (net.neoforged.accesstransformer.AccessTransformer) Transforming net.minecraft.world.level.block.DirtPathBlock METHOD <init>(Lnet/minecraft/world/level/block/state/BlockBehaviour$Properties;)V PUBLIC LEAVE META-INF/accesstransformer.cfg:176, META-INF/accesstransformergenerated.cfg:67 to access PUBLIC and LEAVE
[16:44:59] [pool-13-thread-1/DEBUG] (net.neoforged.accesstransformer.AccessTransformer) Transforming net.minecraft.world.level.block.EndGatewayBlock METHOD <init>(Lnet/minecraft/world/level/block/state/BlockBehaviour$Properties;)V PUBLIC LEAVE META-INF/accesstransformer.cfg:112, META-INF/accesstransformergenerated.cfg:72 to access PUBLIC and LEAVE
[16:44:59] [pool-13-thread-1/DEBUG] (net.neoforged.accesstransformer.AccessTransformer) Transforming net.minecraft.world.level.block.StructureVoidBlock METHOD <init>(Lnet/minecraft/world/level/block/state/BlockBehaviour$Properties;)V PUBLIC LEAVE META-INF/accesstransformer.cfg:33, META-INF/accesstransformergenerated.cfg:130 to access PUBLIC and LEAVE
[16:44:59] [pool-13-thread-1/DEBUG] (net.neoforged.accesstransformer.AccessTransformer) Transforming net.minecraft.world.level.block.KelpBlock METHOD <init>(Lnet/minecraft/world/level/block/state/BlockBehaviour$Properties;)V PUBLIC LEAVE META-INF/accesstransformer.cfg:174, META-INF/accesstransformergenerated.cfg:91 to access PUBLIC and LEAVE
[16:44:59] [pool-13-thread-1/DEBUG] (net.neoforged.accesstransformer.AccessTransformer) Transforming net.minecraft.world.level.block.GrowingPlantHeadBlock METHOD <init>(Lnet/minecraft/world/level/block/state/BlockBehaviour$Properties;Lnet/minecraft/core/Direction;Lnet/minecraft/world/phys/shapes/VoxelShape;ZD)V PUBLIC LEAVE META-INF/accesstransformergenerated.cfg:84 to access PUBLIC and LEAVE
[16:44:59] [pool-13-thread-1/DEBUG] (net.neoforged.accesstransformer.AccessTransformer) Transforming net.minecraft.world.level.block.GrowingPlantBlock METHOD <init>(Lnet/minecraft/world/level/block/state/BlockBehaviour$Properties;Lnet/minecraft/core/Direction;Lnet/minecraft/world/phys/shapes/VoxelShape;Z)V PUBLIC LEAVE META-INF/accesstransformergenerated.cfg:82 to access PUBLIC and LEAVE
[16:44:59] [pool-13-thread-1/DEBUG] (net.neoforged.accesstransformer.AccessTransformer) Transforming net.minecraft.world.level.block.KelpPlantBlock METHOD <init>(Lnet/minecraft/world/level/block/state/BlockBehaviour$Properties;)V PUBLIC LEAVE META-INF/accesstransformer.cfg:74, META-INF/accesstransformergenerated.cfg:92 to access PUBLIC and LEAVE
[16:44:59] [pool-13-thread-1/DEBUG] (net.neoforged.accesstransformer.AccessTransformer) Transforming net.minecraft.world.level.block.GrowingPlantBodyBlock METHOD <init>(Lnet/minecraft/world/level/block/state/BlockBehaviour$Properties;Lnet/minecraft/core/Direction;Lnet/minecraft/world/phys/shapes/VoxelShape;Z)V PUBLIC LEAVE META-INF/accesstransformergenerated.cfg:83 to access PUBLIC and LEAVE
[16:44:59] [pool-13-thread-1/DEBUG] (net.neoforged.accesstransformer.AccessTransformer) Transforming net.minecraft.world.level.block.BaseCoralPlantBlock METHOD <init>(Lnet/minecraft/world/level/block/state/BlockBehaviour$Properties;)V PUBLIC LEAVE META-INF/accesstransformer.cfg:171, META-INF/accesstransformergenerated.cfg:37 to access PUBLIC and LEAVE
[16:44:59] [pool-13-thread-1/DEBUG] (net.neoforged.accesstransformer.AccessTransformer) Transforming net.minecraft.world.level.block.SeaPickleBlock METHOD <init>(Lnet/minecraft/world/level/block/state/BlockBehaviour$Properties;)V PUBLIC LEAVE META-INF/accesstransformer.cfg:194, META-INF/accesstransformergenerated.cfg:115 to access PUBLIC and LEAVE
[16:44:59] [pool-13-thread-1/DEBUG] (net.neoforged.accesstransformer.AccessTransformer) Transforming net.minecraft.world.level.block.ScaffoldingBlock METHOD <init>(Lnet/minecraft/world/level/block/state/BlockBehaviour$Properties;)V PUBLIC LEAVE META-INF/accesstransformer.cfg:187, META-INF/accesstransformergenerated.cfg:114 to access PUBLIC and LEAVE
[16:44:59] [pool-13-thread-1/DEBUG] (net.neoforged.accesstransformer.AccessTransformer) Transforming net.minecraft.world.level.block.LoomBlock METHOD <init>(Lnet/minecraft/world/level/block/state/BlockBehaviour$Properties;)V PUBLIC LEAVE META-INF/accesstransformer.cfg:183, META-INF/accesstransformergenerated.cfg:97 to access PUBLIC and LEAVE
[16:44:59] [pool-13-thread-1/DEBUG] (net.neoforged.accesstransformer.AccessTransformer) Transforming net.minecraft.world.level.block.SmokerBlock METHOD <init>(Lnet/minecraft/world/level/block/state/BlockBehaviour$Properties;)V PUBLIC LEAVE META-INF/accesstransformer.cfg:17, META-INF/accesstransformergenerated.cfg:121 to access PUBLIC and LEAVE
[16:44:59] [pool-13-thread-1/DEBUG] (net.neoforged.accesstransformer.AccessTransformer) Transforming net.minecraft.world.level.block.BlastFurnaceBlock METHOD <init>(Lnet/minecraft/world/level/block/state/BlockBehaviour$Properties;)V PUBLIC LEAVE META-INF/accesstransformer.cfg:105, META-INF/accesstransformergenerated.cfg:46 to access PUBLIC and LEAVE
[16:44:59] [pool-13-thread-1/DEBUG] (net.neoforged.accesstransformer.AccessTransformer) Transforming net.minecraft.world.level.block.CartographyTableBlock METHOD <init>(Lnet/minecraft/world/level/block/state/BlockBehaviour$Properties;)V PUBLIC LEAVE META-INF/accesstransformer.cfg:123, META-INF/accesstransformergenerated.cfg:52 to access PUBLIC and LEAVE
[16:44:59] [pool-13-thread-1/DEBUG] (net.neoforged.accesstransformer.AccessTransformer) Transforming net.minecraft.world.level.block.GrindstoneBlock METHOD <init>(Lnet/minecraft/world/level/block/state/BlockBehaviour$Properties;)V PUBLIC LEAVE META-INF/accesstransformer.cfg:185, META-INF/accesstransformergenerated.cfg:81 to access PUBLIC and LEAVE
[16:44:59] [pool-13-thread-1/DEBUG] (net.neoforged.accesstransformer.AccessTransformer) Transforming net.minecraft.world.level.block.LecternBlock METHOD <init>(Lnet/minecraft/world/level/block/state/BlockBehaviour$Properties;)V PUBLIC LEAVE META-INF/accesstransformer.cfg:159, META-INF/accesstransformergenerated.cfg:94 to access PUBLIC and LEAVE
[16:44:59] [pool-13-thread-1/DEBUG] (net.neoforged.accesstransformer.AccessTransformer) Transforming net.minecraft.world.level.block.SmithingTableBlock METHOD <init>(Lnet/minecraft/world/level/block/state/BlockBehaviour$Properties;)V PUBLIC LEAVE META-INF/accesstransformer.cfg:25, META-INF/accesstransformergenerated.cfg:120 to access PUBLIC and LEAVE
[16:44:59] [pool-13-thread-1/DEBUG] (net.neoforged.accesstransformer.AccessTransformer) Transforming net.minecraft.world.level.block.WeatheringLanternBlock METHOD <init>(Lnet/minecraft/world/level/block/WeatheringCopper$WeatherState;Lnet/minecraft/world/level/block/state/BlockBehaviour$Properties;)V PUBLIC LEAVE META-INF/accesstransformer.cfg:22, META-INF/accesstransformergenerated.cfg:147 to access PUBLIC and LEAVE
[16:44:59] [pool-13-thread-1/DEBUG] (net.neoforged.accesstransformer.AccessTransformer) Transforming net.minecraft.world.level.block.NyliumBlock METHOD <init>(Lnet/minecraft/world/level/block/state/BlockBehaviour$Properties;)V PUBLIC LEAVE META-INF/accesstransformer.cfg:111, META-INF/accesstransformergenerated.cfg:100 to access PUBLIC and LEAVE
[16:44:59] [pool-13-thread-1/DEBUG] (net.neoforged.accesstransformer.AccessTransformer) Transforming net.minecraft.world.level.block.RootsBlock METHOD <init>(Lnet/minecraft/world/level/block/state/BlockBehaviour$Properties;)V PUBLIC LEAVE META-INF/accesstransformer.cfg:158, META-INF/accesstransformergenerated.cfg:112 to access PUBLIC and LEAVE
[16:44:59] [pool-13-thread-1/DEBUG] (net.neoforged.accesstransformer.AccessTransformer) Transforming net.minecraft.world.level.block.StructureBlock METHOD <init>(Lnet/minecraft/world/level/block/state/BlockBehaviour$Properties;)V PUBLIC LEAVE META-INF/accesstransformer.cfg:39, META-INF/accesstransformergenerated.cfg:129 to access PUBLIC and LEAVE
[16:44:59] [pool-13-thread-1/DEBUG] (net.neoforged.accesstransformer.AccessTransformer) Transforming net.minecraft.world.level.block.JigsawBlock METHOD <init>(Lnet/minecraft/world/level/block/state/BlockBehaviour$Properties;)V PUBLIC LEAVE META-INF/accesstransformer.cfg:7, META-INF/accesstransformergenerated.cfg:89 to access PUBLIC and LEAVE
[16:44:59] [pool-13-thread-1/DEBUG] (net.neoforged.accesstransformer.AccessTransformer) Transforming net.minecraft.world.level.block.PointedDripstoneBlock FIELD WATER_TRANSFER_PROBABILITY_PER_RANDOM_TICK PUBLIC LEAVE META-INF/accesstransformer.cfg:222 to access PUBLIC and LEAVE
[16:44:59] [pool-13-thread-1/DEBUG] (net.neoforged.accesstransformer.AccessTransformer) Transforming net.minecraft.world.level.block.PointedDripstoneBlock FIELD LAVA_TRANSFER_PROBABILITY_PER_RANDOM_TICK PUBLIC LEAVE META-INF/accesstransformer.cfg:221 to access PUBLIC and LEAVE
[16:44:59] [pool-13-thread-1/DEBUG] (net.neoforged.accesstransformer.AccessTransformer) Transforming net.minecraft.world.level.block.AzaleaBlock METHOD <init>(Lnet/minecraft/world/level/block/state/BlockBehaviour$Properties;)V PUBLIC LEAVE META-INF/accesstransformer.cfg:96, META-INF/accesstransformergenerated.cfg:34 to access PUBLIC and LEAVE
[16:44:59] [pool-13-thread-1/DEBUG] (net.neoforged.accesstransformer.AccessTransformer) Transforming net.minecraft.world.level.block.FlowerBedBlock METHOD <init>(Lnet/minecraft/world/level/block/state/BlockBehaviour$Properties;)V PUBLIC LEAVE META-INF/accesstransformer.cfg:15, META-INF/accesstransformergenerated.cfg:78 to access PUBLIC and LEAVE
[16:44:59] [pool-13-thread-1/DEBUG] (net.neoforged.accesstransformer.AccessTransformer) Transforming net.minecraft.world.level.block.BigDripleafBlock METHOD <init>(Lnet/minecraft/world/level/block/state/BlockBehaviour$Properties;)V PUBLIC LEAVE META-INF/accesstransformer.cfg:189, META-INF/accesstransformergenerated.cfg:44 to access PUBLIC and LEAVE
[16:44:59] [pool-13-thread-1/DEBUG] (net.neoforged.accesstransformer.AccessTransformer) Transforming net.minecraft.world.level.block.BigDripleafStemBlock METHOD <init>(Lnet/minecraft/world/level/block/state/BlockBehaviour$Properties;)V PUBLIC LEAVE META-INF/accesstransformer.cfg:16, META-INF/accesstransformergenerated.cfg:45 to access PUBLIC and LEAVE
[16:44:59] [pool-13-thread-1/DEBUG] (net.neoforged.accesstransformer.AccessTransformer) Transforming net.minecraft.world.level.block.HangingRootsBlock METHOD <init>(Lnet/minecraft/world/level/block/state/BlockBehaviour$Properties;)V PUBLIC LEAVE META-INF/accesstransformer.cfg:98, META-INF/accesstransformergenerated.cfg:86 to access PUBLIC and LEAVE
[16:44:59] [pool-13-thread-1/DEBUG] (net.neoforged.accesstransformer.AccessTransformer) Transforming net.minecraft.world.level.block.DecoratedPotBlock METHOD <init>(Lnet/minecraft/world/level/block/state/BlockBehaviour$Properties;)V PUBLIC LEAVE META-INF/accesstransformer.cfg:21, META-INF/accesstransformergenerated.cfg:64 to access PUBLIC and LEAVE
[16:44:59] [pool-13-thread-1/DEBUG] (net.neoforged.accesstransformer.AccessTransformer) Transforming net.minecraft.server.level.ServerPlayer INNERCLASS RespawnPosAngle PUBLIC LEAVE META-INF/accesstransformer.cfg:140 to access PUBLIC and LEAVE
[16:44:59] [pool-13-thread-1/DEBUG] (net.neoforged.accesstransformer.AccessTransformer) Transforming net.minecraft.server.level.ServerPlayer METHOD checkRidingStatistics(DDD)V PUBLIC LEAVE META-INF/accesstransformer.cfg:138 to access PUBLIC and LEAVE
[16:44:59] [pool-13-thread-1/DEBUG] (net.neoforged.accesstransformer.AccessTransformer) Transforming net.minecraft.world.item.Item FIELD components PRIVATE REMOVEFINAL META-INF/accesstransformer.cfg:187 to access PRIVATE and REMOVEFINAL
[16:44:59] [pool-13-thread-1/DEBUG] (net.neoforged.accesstransformer.AccessTransformer) Transforming net.minecraft.world.item.Item METHOD getPlayerPOVHitResult(Lnet/minecraft/world/level/Level;Lnet/minecraft/world/entity/player/Player;Lnet/minecraft/world/level/ClipContext$Fluid;)Lnet/minecraft/world/phys/BlockHitResult; PUBLIC LEAVE META-INF/accesstransformer.cfg:189 to access PUBLIC and LEAVE
[16:44:59] [pool-13-thread-1/DEBUG] (mixin) Mixing inject.MixinItem from architectury-common.mixins.json into net.minecraft.world.item.Item
[16:44:59] [pool-13-thread-1/DEBUG] (mixin) architectury-common.mixins.json:inject.MixinItem from mod architectury: Class version 65 required is higher than the class version supported by the current version of Mixin (JAVA_16 supports class version 60)
[16:44:59] [pool-13-thread-1/DEBUG] (net.neoforged.accesstransformer.AccessTransformer) Transforming net.minecraft.world.item.CreativeModeTab INNERCLASS Output PUBLIC LEAVE META-INF/accesstransformer.cfg:190 to access PUBLIC and LEAVE
[16:44:59] [pool-13-thread-1/DEBUG] (net.neoforged.accesstransformer.AccessTransformer) Transforming net.minecraft.world.item.CreativeModeTab INNERCLASS TabVisibility PUBLIC LEAVE META-INF/accesstransformer.cfg:161, META-INF/accesstransformer.cfg:186 to access PUBLIC and LEAVE
[16:44:59] [pool-13-thread-1/DEBUG] (mixin) architectury-common.mixins.json:inject.MixinItem from mod architectury->@Inject::init(Lnet/minecraft/world/item/Item$Properties;Lorg/spongepowered/asm/mixin/injection/callback/CallbackInfo;)V doesn't use it's CallbackInfo
[16:44:59] [pool-13-thread-1/DEBUG] (mixin) architectury-common.mixins.json:inject.MixinItem from mod architectury->@Inject::init(Lnet/minecraft/world/item/Item$Properties;Lorg/spongepowered/asm/mixin/injection/callback/CallbackInfo;)V has 0 override(s) in child classes
[16:44:59] [pool-13-thread-1/DEBUG] (mixin) architectury-common.mixins.json:inject.MixinItem from mod architectury->@Inject::init(Lnet/minecraft/world/item/Item$Properties;Lorg/spongepowered/asm/mixin/injection/callback/CallbackInfo;)V won't be passed a CallbackInfo as a result
[16:45:00] [pool-13-thread-1/DEBUG] (net.neoforged.accesstransformer.AccessTransformer) Transforming net.minecraft.world.item.BucketItem FIELD content PUBLIC LEAVE META-INF/accesstransformer.cfg:188 to access PUBLIC and LEAVE
[16:45:00] [pool-13-thread-1/DEBUG] (mixin) Mixing neoforge.MixinBucketItem from architectury.mixins.json into net.minecraft.world.item.BucketItem
[16:45:00] [pool-13-thread-1/DEBUG] (mixin) architectury.mixins.json:neoforge.MixinBucketItem from mod architectury: Class version 65 required is higher than the class version supported by the current version of Mixin (JAVA_16 supports class version 60)
[16:45:00] [pool-13-thread-1/DEBUG] (mixin) Mixing neoforge.BucketItemAccessor from architectury.mixins.json into net.minecraft.world.item.BucketItem
[16:45:00] [pool-13-thread-1/DEBUG] (mixin) architectury.mixins.json:neoforge.BucketItemAccessor from mod architectury: Class version 65 required is higher than the class version supported by the current version of Mixin (JAVA_16 supports class version 60)
[16:45:00] [pool-13-thread-1/DEBUG] (mixin) Mixing inject.MixinBucketItem from architectury-common.mixins.json into net.minecraft.world.item.BucketItem
[16:45:00] [pool-13-thread-1/DEBUG] (mixin) architectury-common.mixins.json:inject.MixinBucketItem from mod architectury: Class version 65 required is higher than the class version supported by the current version of Mixin (JAVA_16 supports class version 60)
[16:45:00] [pool-13-thread-1/DEBUG] (net.neoforged.accesstransformer.AccessTransformer) Transforming net.minecraft.world.entity.player.Player METHOD closeContainer()V PUBLIC LEAVE META-INF/accesstransformer.cfg:157, META-INF/accesstransformer.cfg:177 to access PUBLIC and LEAVE
[16:45:00] [pool-13-thread-1/DEBUG] (mixin) architectury.mixins.json:neoforge.MixinBucketItem from mod architectury->@Inject::fillBucket(Lnet/minecraft/world/level/Level;Lnet/minecraft/world/entity/player/Player;Lnet/minecraft/world/InteractionHand;Lorg/spongepowered/asm/mixin/injection/callback/CallbackInfoReturnable;Lnet/minecraft/world/item/ItemStack;Lnet/minecraft/world/phys/BlockHitResult;)V does use it's CallbackInfoReturnable
[16:45:00] [pool-13-thread-1/DEBUG] (net.neoforged.accesstransformer.AccessTransformer) Transforming net.minecraft.world.item.AxeItem FIELD STRIPPABLES PUBLIC REMOVEFINAL META-INF/accesstransformer.cfg:199 to access PUBLIC and REMOVEFINAL
[16:45:00] [pool-13-thread-1/DEBUG] (net.neoforged.accesstransformer.AccessTransformer) Transforming net.minecraft.world.item.ShovelItem FIELD FLATTENABLES PUBLIC REMOVEFINAL META-INF/accesstransformer.cfg:160 to access PUBLIC and REMOVEFINAL
[16:45:00] [pool-13-thread-1/DEBUG] (net.neoforged.accesstransformer.AccessTransformer) Transforming net.minecraft.world.item.HoeItem FIELD TILLABLES PUBLIC REMOVEFINAL META-INF/accesstransformer.cfg:19 to access PUBLIC and REMOVEFINAL
[16:45:00] [pool-13-thread-1/DEBUG] (mixin) Mixing inject.MixinItemProperties from architectury-common.mixins.json into net.minecraft.world.item.Item$Properties
[16:45:00] [pool-13-thread-1/DEBUG] (mixin) architectury-common.mixins.json:inject.MixinItemProperties from mod architectury: Class version 65 required is higher than the class version supported by the current version of Mixin (JAVA_16 supports class version 60)
[16:45:00] [pool-13-thread-1/DEBUG] (net.neoforged.accesstransformer.AccessTransformer) Transforming net.minecraft.world.damagesource.DamageSource METHOD <init>(Lnet/minecraft/core/Holder;Lnet/minecraft/world/entity/Entity;Lnet/minecraft/world/entity/Entity;Lnet/minecraft/world/phys/Vec3;)V PUBLIC LEAVE META-INF/accesstransformer.cfg:160 to access PUBLIC and LEAVE
[16:45:00] [pool-13-thread-1/DEBUG] (net.neoforged.accesstransformer.AccessTransformer) Transforming net.minecraft.world.item.enchantment.Enchantment METHOD modifyItemFilteredCount(Lnet/minecraft/core/component/DataComponentType;Lnet/minecraft/server/level/ServerLevel;ILnet/minecraft/world/item/ItemStack;Lorg/apache/commons/lang3/mutable/MutableFloat;)V PUBLIC LEAVE META-INF/accesstransformer.cfg:279 to access PUBLIC and LEAVE
[16:45:00] [pool-13-thread-1/DEBUG] (net.neoforged.accesstransformer.AccessTransformer) Transforming net.minecraft.world.item.enchantment.Enchantment METHOD modifyEntityFilteredValue(Lnet/minecraft/core/component/DataComponentType;Lnet/minecraft/server/level/ServerLevel;ILnet/minecraft/world/item/ItemStack;Lnet/minecraft/world/entity/Entity;Lorg/apache/commons/lang3/mutable/MutableFloat;)V PUBLIC LEAVE META-INF/accesstransformer.cfg:280 to access PUBLIC and LEAVE
[16:45:00] [pool-13-thread-1/DEBUG] (net.neoforged.accesstransformer.AccessTransformer) Transforming net.minecraft.world.item.enchantment.Enchantment METHOD modifyDamageFilteredValue(Lnet/minecraft/core/component/DataComponentType;Lnet/minecraft/server/level/ServerLevel;ILnet/minecraft/world/item/ItemStack;Lnet/minecraft/world/entity/Entity;Lnet/minecraft/world/damagesource/DamageSource;Lorg/apache/commons/lang3/mutable/MutableFloat;)V PUBLIC LEAVE META-INF/accesstransformer.cfg:281 to access PUBLIC and LEAVE
[16:45:00] [pool-13-thread-1/DEBUG] (net.neoforged.accesstransformer.AccessTransformer) Transforming net.minecraft.world.item.enchantment.Enchantment METHOD itemContext(Lnet/minecraft/server/level/ServerLevel;ILnet/minecraft/world/item/ItemStack;)Lnet/minecraft/world/level/storage/loot/LootContext; PUBLIC LEAVE META-INF/accesstransformer.cfg:282 to access PUBLIC and LEAVE
[16:45:00] [pool-13-thread-1/DEBUG] (net.neoforged.accesstransformer.AccessTransformer) Transforming net.minecraft.world.item.enchantment.Enchantment METHOD locationContext(Lnet/minecraft/server/level/ServerLevel;ILnet/minecraft/world/entity/Entity;Z)Lnet/minecraft/world/level/storage/loot/LootContext; PUBLIC LEAVE META-INF/accesstransformer.cfg:283 to access PUBLIC and LEAVE
[16:45:00] [pool-13-thread-1/DEBUG] (net.neoforged.accesstransformer.AccessTransformer) Transforming net.minecraft.world.item.enchantment.Enchantment METHOD entityContext(Lnet/minecraft/server/level/ServerLevel;ILnet/minecraft/world/entity/Entity;Lnet/minecraft/world/phys/Vec3;)Lnet/minecraft/world/level/storage/loot/LootContext; PUBLIC LEAVE META-INF/accesstransformer.cfg:284 to access PUBLIC and LEAVE
[16:45:00] [pool-13-thread-1/DEBUG] (net.neoforged.accesstransformer.AccessTransformer) Transforming net.minecraft.world.item.enchantment.Enchantment METHOD blockHitContext(Lnet/minecraft/server/level/ServerLevel;ILnet/minecraft/world/entity/Entity;Lnet/minecraft/world/phys/Vec3;Lnet/minecraft/world/level/block/state/BlockState;)Lnet/minecraft/world/level/storage/loot/LootContext; PUBLIC LEAVE META-INF/accesstransformer.cfg:285 to access PUBLIC and LEAVE
[16:45:00] [pool-13-thread-1/DEBUG] (net.neoforged.accesstransformer.AccessTransformer) Transforming net.minecraft.world.item.enchantment.Enchantment METHOD applyEffects(Ljava/util/List;Lnet/minecraft/world/level/storage/loot/LootContext;Ljava/util/function/Consumer;)V PUBLIC LEAVE META-INF/accesstransformer.cfg:286 to access PUBLIC and LEAVE
[16:45:00] [pool-13-thread-1/DEBUG] (net.neoforged.accesstransformer.AccessTransformer) Transforming net.minecraft.world.entity.EquipmentSlot FIELD countLimit PUBLIC LEAVE META-INF/accesstransformer.cfg:268 to access PUBLIC and LEAVE
[16:45:00] [pool-13-thread-1/DEBUG] (net.neoforged.accesstransformer.AccessTransformer) Transforming net.minecraft.world.entity.vehicle.VehicleEntity METHOD getDropItem()Lnet/minecraft/world/item/Item; PROTECTED LEAVE META-INF/accesstransformer.cfg:181 to access PROTECTED and LEAVE
[16:45:00] [pool-13-thread-1/DEBUG] (net.neoforged.accesstransformer.AccessTransformer) Transforming net.minecraft.world.entity.ExperienceOrb METHOD setValue(I)V PUBLIC LEAVE META-INF/accesstransformer.cfg:170 to access PUBLIC and LEAVE
[16:45:00] [pool-13-thread-1/DEBUG] (net.neoforged.accesstransformer.AccessTransformer) Transforming net.minecraft.world.entity.monster.skeleton.AbstractSkeleton METHOD getStepSound()Lnet/minecraft/sounds/SoundEvent; PROTECTED LEAVE META-INF/accesstransformergenerated.cfg:243 to access PROTECTED and LEAVE
[16:45:00] [pool-13-thread-1/DEBUG] (net.neoforged.accesstransformer.AccessTransformer) Transforming net.minecraft.world.entity.monster.skeleton.Skeleton METHOD getStepSound()Lnet/minecraft/sounds/SoundEvent; PROTECTED LEAVE META-INF/accesstransformergenerated.cfg:245 to access PROTECTED and LEAVE
[16:45:00] [pool-13-thread-1/DEBUG] (net.neoforged.accesstransformer.AccessTransformer) Transforming net.minecraft.world.entity.monster.zombie.Zombie FIELD conversionTime PROTECTED LEAVE META-INF/accesstransformer.cfg:182 to access PROTECTED and LEAVE
[16:45:00] [pool-13-thread-1/DEBUG] (net.neoforged.accesstransformer.AccessTransformer) Transforming net.minecraft.world.item.context.BlockPlaceContext METHOD <init>(Lnet/minecraft/world/level/Level;Lnet/minecraft/world/entity/player/Player;Lnet/minecraft/world/InteractionHand;Lnet/minecraft/world/item/ItemStack;Lnet/minecraft/world/phys/BlockHitResult;)V PUBLIC LEAVE META-INF/accesstransformer.cfg:191 to access PUBLIC and LEAVE
[16:45:00] [pool-13-thread-1/DEBUG] (net.neoforged.accesstransformer.AccessTransformer) Transforming net.minecraft.world.item.context.UseOnContext METHOD <init>(Lnet/minecraft/world/level/Level;Lnet/minecraft/world/entity/player/Player;Lnet/minecraft/world/InteractionHand;Lnet/minecraft/world/item/ItemStack;Lnet/minecraft/world/phys/BlockHitResult;)V PUBLIC LEAVE META-INF/accesstransformer.cfg:192 to access PUBLIC and LEAVE
[16:45:00] [pool-13-thread-1/DEBUG] (net.neoforged.accesstransformer.AccessTransformer) Transforming net.minecraft.world.entity.monster.skeleton.Parched METHOD getStepSound()Lnet/minecraft/sounds/SoundEvent; PROTECTED LEAVE META-INF/accesstransformergenerated.cfg:244 to access PROTECTED and LEAVE
[16:45:00] [pool-13-thread-1/DEBUG] (mixin) Mixing MixinLightningBolt from architectury-common.mixins.json into net.minecraft.world.entity.LightningBolt
[16:45:00] [pool-13-thread-1/DEBUG] (mixin) architectury-common.mixins.json:MixinLightningBolt from mod architectury: Class version 65 required is higher than the class version supported by the current version of Mixin (JAVA_16 supports class version 60)
[16:45:00] [pool-13-thread-1/DEBUG] (mixin) architectury-common.mixins.json:MixinLightningBolt from mod architectury->@Inject::handleLightning(Lorg/spongepowered/asm/mixin/injection/callback/CallbackInfo;Ljava/util/List;)V doesn't use it's CallbackInfo
[16:45:00] [pool-13-thread-1/DEBUG] (mixin) architectury-common.mixins.json:MixinLightningBolt from mod architectury->@Inject::handleLightning(Lorg/spongepowered/asm/mixin/injection/callback/CallbackInfo;Ljava/util/List;)V has 0 override(s) in child classes
[16:45:00] [pool-13-thread-1/DEBUG] (mixin) architectury-common.mixins.json:MixinLightningBolt from mod architectury->@Inject::handleLightning(Lorg/spongepowered/asm/mixin/injection/callback/CallbackInfo;Ljava/util/List;)V won't be passed a CallbackInfo as a result
[16:45:00] [pool-13-thread-1/DEBUG] (net.neoforged.accesstransformer.AccessTransformer) Transforming net.minecraft.world.damagesource.CombatTracker FIELD INTENTIONAL_GAME_DESIGN_STYLE PUBLIC LEAVE META-INF/accesstransformer.cfg:156 to access PUBLIC and LEAVE
[16:45:00] [pool-13-thread-1/DEBUG] (net.neoforged.accesstransformer.AccessTransformer) Transforming net.minecraft.world.damagesource.CombatTracker METHOD getFallMessage(Lnet/minecraft/world/damagesource/CombatEntry;Lnet/minecraft/world/entity/Entity;)Lnet/minecraft/network/chat/Component; PUBLIC LEAVE META-INF/accesstransformer.cfg:158 to access PUBLIC and LEAVE
[16:45:00] [pool-13-thread-1/DEBUG] (net.neoforged.accesstransformer.AccessTransformer) Transforming net.minecraft.world.damagesource.CombatTracker METHOD getMostSignificantFall()Lnet/minecraft/world/damagesource/CombatEntry; PUBLIC LEAVE META-INF/accesstransformer.cfg:157 to access PUBLIC and LEAVE
[16:45:00] [pool-13-thread-1/DEBUG] (net.neoforged.accesstransformer.AccessTransformer) Transforming net.minecraft.world.entity.monster.skeleton.Stray METHOD getStepSound()Lnet/minecraft/sounds/SoundEvent; PROTECTED LEAVE META-INF/accesstransformergenerated.cfg:246 to access PROTECTED and LEAVE
[16:45:01] [pool-13-thread-1/DEBUG] (net.neoforged.accesstransformer.AccessTransformer) Transforming net.minecraft.world.entity.monster.skeleton.WitherSkeleton METHOD getStepSound()Lnet/minecraft/sounds/SoundEvent; PROTECTED LEAVE META-INF/accesstransformergenerated.cfg:247 to access PROTECTED and LEAVE
[16:45:01] [pool-13-thread-1/DEBUG] (net.neoforged.accesstransformer.AccessTransformer) Transforming net.minecraft.resources.RegistryOps INNERCLASS HolderLookupAdapter PUBLIC LEAVE META-INF/accesstransformer.cfg:128 to access PUBLIC and LEAVE
[16:45:01] [pool-13-thread-1/DEBUG] (net.neoforged.accesstransformer.AccessTransformer) Transforming net.minecraft.resources.RegistryOps FIELD lookupProvider PUBLIC LEAVE META-INF/accesstransformer.cfg:127 to access PUBLIC and LEAVE
[16:45:01] [pool-13-thread-1/DEBUG] (net.neoforged.accesstransformer.AccessTransformer) Transforming net.minecraft.resources.RegistryOps METHOD <init>(Lcom/mojang/serialization/DynamicOps;Lnet/minecraft/resources/RegistryOps$RegistryInfoLookup;)V PROTECTED LEAVE META-INF/accesstransformer.cfg:126 to access PROTECTED and LEAVE
[16:45:01] [pool-13-thread-1/DEBUG] (net.neoforged.accesstransformer.AccessTransformer) Transforming net.minecraft.world.level.storage.loot.functions.LootItemConditionalFunction METHOD simpleBuilder(Ljava/util/function/Function;)Lnet/minecraft/world/level/storage/loot/functions/LootItemConditionalFunction$Builder; PUBLIC LEAVE META-INF/accesstransformer.cfg:323 to access PUBLIC and LEAVE
[16:45:01] [pool-13-thread-1/DEBUG] (net.neoforged.accesstransformer.AccessTransformer) Transforming net.minecraft.world.level.storage.loot.functions.SetItemFunction METHOD <init>(Ljava/util/List;Lnet/minecraft/core/Holder;)V PUBLIC LEAVE META-INF/accesstransformer.cfg:327 to access PUBLIC and LEAVE
[16:45:01] [pool-13-thread-1/DEBUG] (net.neoforged.accesstransformer.AccessTransformer) Transforming net.minecraft.world.level.storage.loot.functions.ModifyContainerContents METHOD <init>(Ljava/util/List;Lnet/minecraft/world/level/storage/loot/ContainerComponentManipulator;Lnet/minecraft/world/level/storage/loot/functions/LootItemFunction;)V PUBLIC LEAVE META-INF/accesstransformer.cfg:325 to access PUBLIC and LEAVE
[16:45:01] [pool-13-thread-1/DEBUG] (net.neoforged.accesstransformer.AccessTransformer) Transforming net.minecraft.world.level.storage.loot.functions.FilteredFunction METHOD <init>(Ljava/util/List;Lnet/minecraft/advancements/criterion/ItemPredicate;Ljava/util/Optional;Ljava/util/Optional;)V PUBLIC LEAVE META-INF/accesstransformer.cfg:324 to access PUBLIC and LEAVE
[16:45:01] [pool-13-thread-1/DEBUG] (net.neoforged.accesstransformer.AccessTransformer) Transforming net.minecraft.world.level.storage.loot.functions.SetFireworksFunction METHOD <init>(Ljava/util/List;Ljava/util/Optional;Ljava/util/Optional;)V PUBLIC LEAVE META-INF/accesstransformer.cfg:326 to access PUBLIC and LEAVE
[16:45:01] [pool-13-thread-1/DEBUG] (net.neoforged.accesstransformer.AccessTransformer) Transforming net.minecraft.world.level.storage.loot.functions.SetWrittenBookPagesFunction METHOD <init>(Ljava/util/List;Ljava/util/List;Lnet/minecraft/world/level/storage/loot/functions/ListOperation;)V PUBLIC LEAVE META-INF/accesstransformer.cfg:329 to access PUBLIC and LEAVE
[16:45:01] [pool-13-thread-1/DEBUG] (net.neoforged.accesstransformer.AccessTransformer) Transforming net.minecraft.world.level.storage.loot.functions.SetWritableBookPagesFunction METHOD <init>(Ljava/util/List;Ljava/util/List;Lnet/minecraft/world/level/storage/loot/functions/ListOperation;)V PUBLIC LEAVE META-INF/accesstransformer.cfg:328 to access PUBLIC and LEAVE
[16:45:01] [pool-13-thread-1/DEBUG] (net.neoforged.accesstransformer.AccessTransformer) Transforming net.minecraft.world.level.storage.loot.functions.ToggleTooltips METHOD <init>(Ljava/util/List;Ljava/util/Map;)V PUBLIC LEAVE META-INF/accesstransformer.cfg:330 to access PUBLIC and LEAVE
[16:45:01] [pool-13-thread-1/DEBUG] (net.neoforged.accesstransformer.AccessTransformer) Transforming net.minecraft.commands.arguments.selector.options.EntitySelectorOptions METHOD register(Ljava/lang/String;Lnet/minecraft/commands/arguments/selector/options/EntitySelectorOptions$Modifier;Ljava/util/function/Predicate;Lnet/minecraft/network/chat/Component;)V PUBLIC LEAVE META-INF/accesstransformer.cfg:87 to access PUBLIC and LEAVE
[16:45:01] [pool-13-thread-1/DEBUG] (net.neoforged.accesstransformer.AccessTransformer) Transforming net.minecraft.commands.arguments.selector.EntitySelectorParser METHOD finalizePredicates()V PUBLIC LEAVE META-INF/accesstransformer.cfg:85 to access PUBLIC and LEAVE
[16:45:01] [pool-13-thread-1/DEBUG] (net.neoforged.accesstransformer.AccessTransformer) Transforming net.minecraft.commands.arguments.selector.EntitySelectorParser METHOD parseOptions()V PUBLIC LEAVE META-INF/accesstransformer.cfg:86 to access PUBLIC and LEAVE
[16:45:01] [pool-13-thread-1/DEBUG] (net.neoforged.accesstransformer.AccessTransformer) Transforming net.minecraft.world.level.block.entity.BlockEntityType$BlockEntitySupplier CLASS PUBLIC LEAVE META-INF/accesstransformer.cfg:200, META-INF/accesstransformer.cfg:224 to access PUBLIC and LEAVE
[16:45:01] [pool-13-thread-1/DEBUG] (net.neoforged.accesstransformer.AccessTransformer) Transforming net.minecraft.world.inventory.MenuType INNERCLASS MenuSupplier PUBLIC LEAVE META-INF/accesstransformer.cfg:172, META-INF/accesstransformer.cfg:185 to access PUBLIC and LEAVE
[16:45:01] [pool-13-thread-1/DEBUG] (net.neoforged.accesstransformer.AccessTransformer) Transforming net.minecraft.world.inventory.MenuType METHOD <init>(Lnet/minecraft/world/inventory/MenuType$MenuSupplier;Lnet/minecraft/world/flag/FeatureFlagSet;)V PUBLIC LEAVE META-INF/accesstransformer.cfg:20, META-INF/accesstransformer.cfg:184 to access PUBLIC and LEAVE
[16:45:01] [pool-13-thread-1/DEBUG] (net.neoforged.accesstransformer.AccessTransformer) Transforming net.minecraft.world.inventory.MenuType$MenuSupplier CLASS PUBLIC LEAVE META-INF/accesstransformer.cfg:172, META-INF/accesstransformer.cfg:185 to access PUBLIC and LEAVE
[16:45:01] [pool-13-thread-1/DEBUG] (net.neoforged.accesstransformer.AccessTransformer) Transforming net.minecraft.world.item.crafting.ShapedRecipe FIELD pattern PUBLIC LEAVE META-INF/accesstransformer.cfg:194 to access PUBLIC and LEAVE
[16:45:01] [pool-13-thread-1/DEBUG] (net.neoforged.accesstransformer.AccessTransformer) Transforming net.minecraft.world.item.crafting.Ingredient METHOD displayForSingleItem(Lnet/minecraft/core/Holder;)Lnet/minecraft/world/item/crafting/display/SlotDisplay; PUBLIC LEAVE META-INF/accesstransformer.cfg:193 to access PUBLIC and LEAVE
[16:45:01] [pool-13-thread-1/DEBUG] (net.neoforged.accesstransformer.AccessTransformer) Transforming net.minecraft.world.entity.ai.sensing.SensorType METHOD <init>(Ljava/util/function/Supplier;)V PUBLIC LEAVE META-INF/accesstransformer.cfg:175 to access PUBLIC and LEAVE
[16:45:01] [pool-13-thread-1/DEBUG] (net.neoforged.accesstransformer.AccessTransformer) Transforming net.minecraft.world.entity.schedule.Activity METHOD <init>(Ljava/lang/String;)V PUBLIC LEAVE META-INF/accesstransformer.cfg:180 to access PUBLIC and LEAVE
[16:45:01] [pool-13-thread-1/DEBUG] (net.neoforged.accesstransformer.AccessTransformer) Transforming net.minecraft.world.level.levelgen.feature.stateproviders.BlockStateProviderType METHOD <init>(Lcom/mojang/serialization/MapCodec;)V PUBLIC LEAVE META-INF/accesstransformer.cfg:257 to access PUBLIC and LEAVE
[16:45:01] [pool-13-thread-1/DEBUG] (net.neoforged.accesstransformer.AccessTransformer) Transforming net.minecraft.world.level.levelgen.feature.trunkplacers.TrunkPlacerType METHOD <init>(Lcom/mojang/serialization/MapCodec;)V PUBLIC LEAVE META-INF/accesstransformer.cfg:259 to access PUBLIC and LEAVE
[16:45:01] [pool-13-thread-1/DEBUG] (net.neoforged.accesstransformer.AccessTransformer) Transforming net.minecraft.world.level.levelgen.feature.foliageplacers.FoliagePlacerType METHOD <init>(Lcom/mojang/serialization/MapCodec;)V PUBLIC LEAVE META-INF/accesstransformer.cfg:255 to access PUBLIC and LEAVE
[16:45:01] [pool-13-thread-1/DEBUG] (net.neoforged.accesstransformer.AccessTransformer) Transforming net.minecraft.world.level.levelgen.feature.rootplacers.RootPlacerType METHOD <init>(Lcom/mojang/serialization/MapCodec;)V PUBLIC LEAVE META-INF/accesstransformer.cfg:256 to access PUBLIC and LEAVE
[16:45:01] [pool-13-thread-1/DEBUG] (net.neoforged.accesstransformer.AccessTransformer) Transforming net.minecraft.world.level.levelgen.feature.featuresize.FeatureSizeType METHOD <init>(Lcom/mojang/serialization/MapCodec;)V PUBLIC LEAVE META-INF/accesstransformer.cfg:254 to access PUBLIC and LEAVE
[16:45:01] [pool-13-thread-1/DEBUG] (net.neoforged.accesstransformer.AccessTransformer) Transforming net.minecraft.world.level.levelgen.feature.treedecorators.TreeDecoratorType METHOD <init>(Lcom/mojang/serialization/MapCodec;)V PUBLIC LEAVE META-INF/accesstransformer.cfg:258 to access PUBLIC and LEAVE
[16:45:01] [pool-13-thread-1/DEBUG] (mixin) Mixing MixinLevelEvent from architectury.mixins.json into net.neoforged.neoforge.event.level.LevelEvent
[16:45:01] [pool-13-thread-1/DEBUG] (mixin) architectury.mixins.json:MixinLevelEvent from mod architectury: Class version 65 required is higher than the class version supported by the current version of Mixin (JAVA_16 supports class version 60)
[16:45:02] [pool-13-thread-1/DEBUG] (net.neoforged.accesstransformer.AccessTransformer) Transforming net.minecraft.world.level.biome.Biome$ClimateSettings CLASS PUBLIC LEAVE META-INF/accesstransformer.cfg:204 to access PUBLIC and LEAVE
[16:45:02] [pool-13-thread-1/DEBUG] (net.neoforged.accesstransformer.AccessTransformer) Transforming net.minecraft.world.level.biome.Biome$ClimateSettings FIELD hasPrecipitation PUBLIC REMOVEFINAL META-INF/accesstransformer.cfg:34 to access PUBLIC and REMOVEFINAL
[16:45:02] [pool-13-thread-1/DEBUG] (net.neoforged.accesstransformer.AccessTransformer) Transforming net.minecraft.world.level.biome.Biome$ClimateSettings FIELD temperature PUBLIC REMOVEFINAL META-INF/accesstransformer.cfg:35 to access PUBLIC and REMOVEFINAL
[16:45:02] [pool-13-thread-1/DEBUG] (net.neoforged.accesstransformer.AccessTransformer) Transforming net.minecraft.world.level.biome.Biome$ClimateSettings FIELD temperatureModifier PUBLIC REMOVEFINAL META-INF/accesstransformer.cfg:37 to access PUBLIC and REMOVEFINAL
[16:45:02] [pool-13-thread-1/DEBUG] (net.neoforged.accesstransformer.AccessTransformer) Transforming net.minecraft.world.level.biome.Biome$ClimateSettings FIELD downfall PUBLIC REMOVEFINAL META-INF/accesstransformer.cfg:36 to access PUBLIC and REMOVEFINAL
[16:45:02] [pool-13-thread-1/DEBUG] (net.neoforged.accesstransformer.AccessTransformer) Transforming net.minecraft.world.level.biome.Biome$ClimateSettings METHOD <init>(ZFLnet/minecraft/world/level/biome/Biome$TemperatureModifier;F)V PUBLIC LEAVE META-INF/accesstransformer.cfg:205 to access PUBLIC and LEAVE
[16:45:02] [pool-13-thread-1/DEBUG] (net.neoforged.accesstransformer.AccessTransformer) Transforming net.minecraft.world.level.biome.BiomeSpecialEffects FIELD waterColor PUBLIC REMOVEFINAL META-INF/accesstransformer.cfg:206 to access PUBLIC and REMOVEFINAL
[16:45:02] [pool-13-thread-1/DEBUG] (net.neoforged.accesstransformer.AccessTransformer) Transforming net.minecraft.world.level.biome.BiomeSpecialEffects FIELD foliageColorOverride PUBLIC REMOVEFINAL META-INF/accesstransformer.cfg:208 to access PUBLIC and REMOVEFINAL
[16:45:02] [pool-13-thread-1/DEBUG] (net.neoforged.accesstransformer.AccessTransformer) Transforming net.minecraft.world.level.biome.BiomeSpecialEffects FIELD dryFoliageColorOverride PUBLIC REMOVEFINAL META-INF/accesstransformer.cfg:210 to access PUBLIC and REMOVEFINAL
[16:45:02] [pool-13-thread-1/DEBUG] (net.neoforged.accesstransformer.AccessTransformer) Transforming net.minecraft.world.level.biome.BiomeSpecialEffects FIELD grassColorOverride PUBLIC REMOVEFINAL META-INF/accesstransformer.cfg:209 to access PUBLIC and REMOVEFINAL
[16:45:02] [pool-13-thread-1/DEBUG] (net.neoforged.accesstransformer.AccessTransformer) Transforming net.minecraft.world.level.biome.BiomeSpecialEffects FIELD grassColorModifier PUBLIC REMOVEFINAL META-INF/accesstransformer.cfg:207 to access PUBLIC and REMOVEFINAL
[16:45:02] [pool-13-thread-1/DEBUG] (net.neoforged.accesstransformer.AccessTransformer) Transforming net.minecraft.world.level.biome.BiomeGenerationSettings METHOD <init>(Lnet/minecraft/core/HolderSet;Ljava/util/List;)V PUBLIC LEAVE META-INF/accesstransformer.cfg:206 to access PUBLIC and LEAVE
[16:45:02] [pool-13-thread-1/DEBUG] (net.neoforged.accesstransformer.AccessTransformer) Transforming net.minecraft.world.level.biome.MobSpawnSettings$Builder FIELD spawners PUBLIC LEAVE META-INF/accesstransformer.cfg:4, META-INF/accesstransformer.cfg:210 to access PUBLIC and LEAVE
[16:45:02] [pool-13-thread-1/DEBUG] (net.neoforged.accesstransformer.AccessTransformer) Transforming net.minecraft.world.level.biome.MobSpawnSettings$Builder FIELD mobSpawnCosts PUBLIC LEAVE META-INF/accesstransformer.cfg:3, META-INF/accesstransformer.cfg:211 to access PUBLIC and LEAVE
[16:45:02] [pool-13-thread-1/DEBUG] (net.neoforged.accesstransformer.AccessTransformer) Transforming net.minecraft.world.level.biome.MobSpawnSettings$Builder FIELD creatureGenerationProbability PUBLIC LEAVE META-INF/accesstransformer.cfg:2, META-INF/accesstransformer.cfg:212 to access PUBLIC and LEAVE
[16:45:02] [pool-13-thread-1/DEBUG] (net.neoforged.accesstransformer.AccessTransformer) Transforming net.minecraft.world.level.levelgen.NoiseBasedChunkGenerator CLASS PUBLIC REMOVEFINAL META-INF/accesstransformer.cfg:252 to access PUBLIC and REMOVEFINAL
[16:45:02] [pool-13-thread-1/DEBUG] (net.neoforged.accesstransformer.AccessTransformer) Transforming net.minecraft.world.level.levelgen.NoiseBasedChunkGenerator METHOD iterateNoiseColumn(Lnet/minecraft/world/level/LevelHeightAccessor;Lnet/minecraft/world/level/levelgen/RandomState;IILorg/apache/commons/lang3/mutable/MutableObject;Ljava/util/function/Predicate;)Ljava/util/OptionalInt; PROTECTED LEAVE META-INF/accesstransformer.cfg:253 to access PROTECTED and LEAVE
[16:45:02] [pool-13-thread-1/DEBUG] (net.neoforged.accesstransformer.AccessTransformer) Transforming net.minecraft.world.level.levelgen.NoiseGeneratorSettings METHOD end(Lnet/minecraft/data/worldgen/BootstrapContext;)Lnet/minecraft/world/level/levelgen/NoiseGeneratorSettings; PUBLIC LEAVE META-INF/accesstransformergenerated.cfg:251 to access PUBLIC and LEAVE
[16:45:02] [pool-13-thread-1/DEBUG] (net.neoforged.accesstransformer.AccessTransformer) Transforming net.minecraft.world.level.levelgen.NoiseGeneratorSettings METHOD nether(Lnet/minecraft/data/worldgen/BootstrapContext;)Lnet/minecraft/world/level/levelgen/NoiseGeneratorSettings; PUBLIC LEAVE META-INF/accesstransformergenerated.cfg:253 to access PUBLIC and LEAVE
[16:45:02] [pool-13-thread-1/DEBUG] (net.neoforged.accesstransformer.AccessTransformer) Transforming net.minecraft.world.level.levelgen.NoiseGeneratorSettings METHOD overworld(Lnet/minecraft/data/worldgen/BootstrapContext;ZZ)Lnet/minecraft/world/level/levelgen/NoiseGeneratorSettings; PUBLIC LEAVE META-INF/accesstransformergenerated.cfg:254 to access PUBLIC and LEAVE
[16:45:02] [pool-13-thread-1/DEBUG] (net.neoforged.accesstransformer.AccessTransformer) Transforming net.minecraft.world.level.levelgen.NoiseGeneratorSettings METHOD caves(Lnet/minecraft/data/worldgen/BootstrapContext;)Lnet/minecraft/world/level/levelgen/NoiseGeneratorSettings; PUBLIC LEAVE META-INF/accesstransformergenerated.cfg:250 to access PUBLIC and LEAVE
[16:45:02] [pool-13-thread-1/DEBUG] (net.neoforged.accesstransformer.AccessTransformer) Transforming net.minecraft.world.level.levelgen.NoiseGeneratorSettings METHOD floatingIslands(Lnet/minecraft/data/worldgen/BootstrapContext;)Lnet/minecraft/world/level/levelgen/NoiseGeneratorSettings; PUBLIC LEAVE META-INF/accesstransformergenerated.cfg:252 to access PUBLIC and LEAVE
[16:45:02] [pool-13-thread-1/DEBUG] (net.neoforged.accesstransformer.AccessTransformer) Transforming net.minecraft.world.level.levelgen.DebugLevelSource FIELD ALL_BLOCKS PRIVATE REMOVEFINAL META-INF/accesstransformer.cfg:249 to access PRIVATE and REMOVEFINAL
[16:45:02] [pool-13-thread-1/DEBUG] (net.neoforged.accesstransformer.AccessTransformer) Transforming net.minecraft.world.level.levelgen.DebugLevelSource FIELD GRID_WIDTH PRIVATE REMOVEFINAL META-INF/accesstransformer.cfg:250 to access PRIVATE and REMOVEFINAL
[16:45:02] [pool-13-thread-1/DEBUG] (net.neoforged.accesstransformer.AccessTransformer) Transforming net.minecraft.world.level.levelgen.DebugLevelSource FIELD GRID_HEIGHT PRIVATE REMOVEFINAL META-INF/accesstransformer.cfg:251 to access PRIVATE and REMOVEFINAL
[16:45:02] [pool-13-thread-1/DEBUG] (net.neoforged.accesstransformer.AccessTransformer) Transforming net.minecraft.world.item.CreativeModeTab$Output CLASS PUBLIC LEAVE META-INF/accesstransformer.cfg:190 to access PUBLIC and LEAVE
[16:45:02] [pool-13-thread-1/DEBUG] (net.neoforged.accesstransformer.AccessTransformer) Transforming net.minecraft.world.item.ItemStackLinkedSet FIELD TYPE_AND_TAG PUBLIC LEAVE META-INF/accesstransformer.cfg:190 to access PUBLIC and LEAVE
[16:45:02] [pool-13-thread-1/DEBUG] (net.neoforged.accesstransformer.AccessTransformer) Transforming net.minecraft.gametest.framework.GameTestHelper FIELD testInfo PUBLIC LEAVE META-INF/accesstransformer.cfg:123 to access PUBLIC and LEAVE
[16:45:02] [pool-13-thread-1/DEBUG] (net.neoforged.neoforge.registries.GameData) Creating vanilla freeze snapshot
[16:45:02] [pool-13-thread-1/DEBUG] (net.neoforged.neoforge.registries.GameData) Vanilla freeze snapshot created
[16:45:02] [main/DEBUG] (net.neoforged.accesstransformer.AccessTransformer) Transforming net.minecraft.commands.CommandSourceStack FIELD source PUBLIC LEAVE META-INF/accesstransformer.cfg:84 to access PUBLIC and LEAVE
[16:45:02] [main/DEBUG] (mixin) Mixing client.MixinCommandSourceStack from architectury.mixins.json into net.minecraft.commands.CommandSourceStack
[16:45:02] [main/DEBUG] (mixin) architectury.mixins.json:client.MixinCommandSourceStack from mod architectury: Class version 65 required is higher than the class version supported by the current version of Mixin (JAVA_16 supports class version 60)
[16:45:02] [main/DEBUG] (net.neoforged.accesstransformer.AccessTransformer) Transforming net.minecraft.server.level.ServerChunkCache FIELD level PUBLIC LEAVE META-INF/accesstransformer.cfg:136 to access PUBLIC and LEAVE
[16:45:02] [main/DEBUG] (net.neoforged.accesstransformer.AccessTransformer) Transforming net.minecraft.world.level.saveddata.maps.MapItemSavedData METHOD removeDecoration(Ljava/lang/String;)V PUBLIC LEAVE META-INF/accesstransformer.cfg:262 to access PUBLIC and LEAVE
[16:45:02] [main/DEBUG] (net.neoforged.accesstransformer.AccessTransformer) Transforming net.minecraft.world.level.saveddata.maps.MapItemSavedData METHOD addDecoration(Lnet/minecraft/core/Holder;Lnet/minecraft/world/level/LevelAccessor;Ljava/lang/String;DDDLnet/minecraft/network/chat/Component;)V PUBLIC LEAVE META-INF/accesstransformer.cfg:261 to access PUBLIC and LEAVE
[16:45:02] [main/DEBUG] (net.neoforged.accesstransformer.AccessTransformer) Transforming net.minecraft.world.level.biome.BiomeGenerationSettings$PlainBuilder FIELD carvers PROTECTED LEAVE META-INF/accesstransformer.cfg:208 to access PROTECTED and LEAVE
[16:45:02] [main/DEBUG] (net.neoforged.accesstransformer.AccessTransformer) Transforming net.minecraft.world.level.biome.BiomeGenerationSettings$PlainBuilder FIELD features PUBLIC LEAVE META-INF/accesstransformer.cfg:165, META-INF/accesstransformer.cfg:207 to access PUBLIC and LEAVE
[16:45:02] [main/DEBUG] (net.neoforged.accesstransformer.AccessTransformer) Transforming net.minecraft.world.level.biome.BiomeGenerationSettings$PlainBuilder METHOD addFeatureStepsUpTo(I)V PROTECTED LEAVE META-INF/accesstransformer.cfg:209 to access PROTECTED and LEAVE
[16:45:02] [main/DEBUG] (net.neoforged.accesstransformer.AccessTransformer) Transforming net.minecraft.world.level.biome.BiomeSpecialEffects$Builder FIELD waterColor PUBLIC LEAVE META-INF/accesstransformer.cfg:115, META-INF/accesstransformergenerated.cfg:261 to access PUBLIC and LEAVE
[16:45:02] [main/DEBUG] (net.neoforged.accesstransformer.AccessTransformer) Transforming net.minecraft.world.level.biome.BiomeSpecialEffects$Builder FIELD foliageColorOverride PUBLIC LEAVE META-INF/accesstransformer.cfg:117, META-INF/accesstransformergenerated.cfg:258 to access PUBLIC and LEAVE
[16:45:02] [main/DEBUG] (net.neoforged.accesstransformer.AccessTransformer) Transforming net.minecraft.world.level.biome.BiomeSpecialEffects$Builder FIELD dryFoliageColorOverride PUBLIC LEAVE META-INF/accesstransformer.cfg:119, META-INF/accesstransformergenerated.cfg:257 to access PUBLIC and LEAVE
[16:45:02] [main/DEBUG] (net.neoforged.accesstransformer.AccessTransformer) Transforming net.minecraft.world.level.biome.BiomeSpecialEffects$Builder FIELD grassColorOverride PUBLIC LEAVE META-INF/accesstransformer.cfg:118, META-INF/accesstransformergenerated.cfg:260 to access PUBLIC and LEAVE
[16:45:02] [main/DEBUG] (net.neoforged.accesstransformer.AccessTransformer) Transforming net.minecraft.world.level.biome.BiomeSpecialEffects$Builder FIELD grassColorModifier PUBLIC LEAVE META-INF/accesstransformer.cfg:116, META-INF/accesstransformergenerated.cfg:259 to access PUBLIC and LEAVE
[16:45:02] [main/DEBUG] (net.neoforged.accesstransformer.AccessTransformer) Transforming net.minecraft.resources.RegistryOps$HolderLookupAdapter CLASS PUBLIC LEAVE META-INF/accesstransformer.cfg:128 to access PUBLIC and LEAVE
[16:45:02] [main/DEBUG] (net.neoforged.accesstransformer.AccessTransformer) Transforming net.minecraft.resources.RegistryOps$HolderLookupAdapter FIELD lookupProvider PUBLIC LEAVE META-INF/accesstransformer.cfg:129 to access PUBLIC and LEAVE
[16:45:02] [main/WARN] (net.minecraft.commands.Commands) Ambiguity between arguments [teleport, location] and [teleport, destination] with inputs: [0.1 -0.5 .9, 0 0 0]
[16:45:02] [main/WARN] (net.minecraft.commands.Commands) Ambiguity between arguments [teleport, location] and [teleport, targets] with inputs: [0.1 -0.5 .9, 0 0 0]
[16:45:02] [main/WARN] (net.minecraft.commands.Commands) Ambiguity between arguments [teleport, destination] and [teleport, targets] with inputs: [Player, 0123, @e, dd12be42-52a9-4a91-a8a1-11c01849e498]
[16:45:02] [main/WARN] (net.minecraft.commands.Commands) Ambiguity between arguments [teleport, targets] and [teleport, destination] with inputs: [Player, 0123, dd12be42-52a9-4a91-a8a1-11c01849e498]
[16:45:02] [main/WARN] (net.minecraft.commands.Commands) Ambiguity between arguments [teleport, targets, location] and [teleport, targets, destination] with inputs: [0.1 -0.5 .9, 0 0 0]
[16:45:02] [main/WARN] (net.minecraft.commands.Commands) Ambiguity between arguments [waypoint, modify, waypoint, color, reset] and [waypoint, modify, waypoint, color, color] with inputs: [reset]
[16:45:02] [main/DEBUG] (net.neoforged.accesstransformer.AccessTransformer) Transforming net.minecraft.client.gui.screens.Screen FIELD narratables PUBLIC LEAVE META-INF/accesstransformer.cfg:28 to access PUBLIC and LEAVE
[16:45:02] [main/DEBUG] (net.neoforged.accesstransformer.AccessTransformer) Transforming net.minecraft.client.gui.screens.Screen FIELD renderables PUBLIC LEAVE META-INF/accesstransformer.cfg:27, META-INF/accesstransformer.cfg:19 to access PUBLIC and LEAVE
[16:45:02] [main/DEBUG] (net.neoforged.accesstransformer.AccessTransformer) Transforming net.minecraft.client.gui.screens.Screen METHOD addRenderableWidget(Lnet/minecraft/client/gui/components/events/GuiEventListener;)Lnet/minecraft/client/gui/components/events/GuiEventListener; PUBLIC LEAVE META-INF/accesstransformer.cfg:30 to access PUBLIC and LEAVE
[16:45:02] [main/DEBUG] (net.neoforged.accesstransformer.AccessTransformer) Transforming net.minecraft.client.gui.screens.Screen METHOD addRenderableOnly(Lnet/minecraft/client/gui/components/Renderable;)Lnet/minecraft/client/gui/components/Renderable; PUBLIC LEAVE META-INF/accesstransformer.cfg:31 to access PUBLIC and LEAVE
[16:45:02] [main/DEBUG] (net.neoforged.accesstransformer.AccessTransformer) Transforming net.minecraft.client.gui.screens.Screen METHOD addWidget(Lnet/minecraft/client/gui/components/events/GuiEventListener;)Lnet/minecraft/client/gui/components/events/GuiEventListener; PUBLIC LEAVE META-INF/accesstransformer.cfg:29 to access PUBLIC and LEAVE
[16:45:02] [main/DEBUG] (net.neoforged.fml.ModWorkManager) Using 24 threads for parallel mod-loading
[16:45:02] [main/DEBUG] (net.neoforged.fml.javafmlmod.FMLModContainer) Creating FMLModContainer instance for generated_8d6810b with entrypoints [generatedgenerated_8d6810b.generated_8d6810b]
[16:45:02] [main/DEBUG] (net.neoforged.fml.javafmlmod.FMLModContainer) Creating FMLModContainer instance for architectury with entrypoints [dev.architectury.neoforge.ArchitecturyNeoForge]
[16:45:02] [main/DEBUG] (net.neoforged.fml.javafmlmod.FMLModContainer) Creating FMLModContainer instance for morph with entrypoints [com.Morph.neoforge.ExampleModNeoForge]
[16:45:02] [main/DEBUG] (net.neoforged.fml.javafmlmod.FMLModContainer) Creating FMLModContainer instance for neoforge with entrypoints [net.neoforged.neoforge.common.NeoForgeMod, net.neoforged.neoforge.common.OnlyInWarningsHandler, net.neoforged.neoforge.client.ClientNeoForgeMod]
[16:45:02] [modloading-worker-0/DEBUG] (net.neoforged.fml.javafmlmod.AutomaticEventSubscriber) Attempting to inject @EventBusSubscriber classes into the eventbus for generated_8d6810b
[16:45:02] [modloading-worker-0/INFO] (net.neoforged.neoforge.common.NeoForgeMod) NeoForge mod loading, version 21.11.38-beta, for MC 1.21.11
[16:45:02] [modloading-worker-0/DEBUG] (mixin) Mixing MixinClientLevel from architectury.mixins.json into net.minecraft.client.multiplayer.ClientLevel
[16:45:02] [modloading-worker-0/DEBUG] (mixin) architectury.mixins.json:MixinClientLevel from mod architectury: Class version 65 required is higher than the class version supported by the current version of Mixin (JAVA_16 supports class version 60)
[16:45:02] [modloading-worker-0/DEBUG] (mixin) architectury.mixins.json:MixinClientLevel from mod architectury->@Inject::tickEntities(Lorg/spongepowered/asm/mixin/injection/callback/CallbackInfo;)V doesn't use it's CallbackInfo
[16:45:02] [modloading-worker-0/DEBUG] (mixin) architectury.mixins.json:MixinClientLevel from mod architectury->@Inject::tickEntities(Lorg/spongepowered/asm/mixin/injection/callback/CallbackInfo;)V has 0 override(s) in child classes
[16:45:02] [modloading-worker-0/DEBUG] (mixin) architectury.mixins.json:MixinClientLevel from mod architectury->@Inject::tickEntities(Lorg/spongepowered/asm/mixin/injection/callback/CallbackInfo;)V won't be passed a CallbackInfo as a result
[16:45:02] [modloading-worker-0/DEBUG] (mixin) architectury.mixins.json:MixinClientLevel from mod architectury->@Inject::tickEntitiesPost(Lorg/spongepowered/asm/mixin/injection/callback/CallbackInfo;)V doesn't use it's CallbackInfo
[16:45:02] [modloading-worker-0/DEBUG] (mixin) architectury.mixins.json:MixinClientLevel from mod architectury->@Inject::tickEntitiesPost(Lorg/spongepowered/asm/mixin/injection/callback/CallbackInfo;)V has 0 override(s) in child classes
[16:45:02] [modloading-worker-0/DEBUG] (mixin) architectury.mixins.json:MixinClientLevel from mod architectury->@Inject::tickEntitiesPost(Lorg/spongepowered/asm/mixin/injection/callback/CallbackInfo;)V won't be passed a CallbackInfo as a result
[16:45:02] [modloading-worker-0/DEBUG] (net.neoforged.fml.javafmlmod.AutomaticEventSubscriber) Attempting to inject @EventBusSubscriber classes into the eventbus for architectury
[16:45:02] [modloading-worker-0/DEBUG] (net.neoforged.fml.javafmlmod.AutomaticEventSubscriber) Scanning class dev.architectury.registry.client.forge.ClientReloadListenerRegistryImpl for @SubscribeEvent-annotated methods
[16:45:02] [modloading-worker-0/DEBUG] (net.neoforged.fml.config.ConfigTracker) Config file neoforge-server.toml for neoforge tracking
[16:45:02] [modloading-worker-0/DEBUG] (net.neoforged.fml.javafmlmod.AutomaticEventSubscriber) Subscribing method public static void dev.architectury.registry.client.forge.ClientReloadListenerRegistryImpl.addClientReloadListeners(net.neoforged.neoforge.client.event.AddClientReloadListenersEvent) to the event bus of mod architectury
[16:45:02] [modloading-worker-0/DEBUG] (net.neoforged.fml.javafmlmod.AutomaticEventSubscriber) Scanning class dev.architectury.event.forge.EventHandlerImplClient for @SubscribeEvent-annotated methods
[16:45:02] [modloading-worker-0/DEBUG] (net.neoforged.fml.config.ConfigTracker) Config file neoforge-common.toml for neoforge tracking
[16:45:02] [modloading-worker-0/DEBUG] (net.neoforged.fml.javafmlmod.AutomaticEventSubscriber) Subscribing method public static void dev.architectury.event.forge.EventHandlerImplClient.event(net.neoforged.neoforge.client.event.ClientPlayerNetworkEvent$Clone) to the game event bus
[16:45:02] [modloading-worker-0/DEBUG] (net.neoforged.fml.javafmlmod.AutomaticEventSubscriber) Subscribing method public static void dev.architectury.event.forge.EventHandlerImplClient.event(net.neoforged.neoforge.client.event.RegisterClientCommandsEvent) to the game event bus
[16:45:02] [modloading-worker-0/DEBUG] (net.neoforged.accesstransformer.AccessTransformer) Transforming net.minecraft.util.thread.BlockableEventLoop METHOD submitAsync(Ljava/lang/Runnable;)Ljava/util/concurrent/CompletableFuture; PUBLIC LEAVE META-INF/accesstransformer.cfg:155 to access PUBLIC and LEAVE
[16:45:02] [modloading-worker-0/DEBUG] (net.neoforged.fml.javafmlmod.AutomaticEventSubscriber) Subscribing method public static void dev.architectury.event.forge.EventHandlerImplClient.event(net.neoforged.neoforge.client.event.ClientChatEvent) to the game event bus
[16:45:02] [modloading-worker-0/DEBUG] (net.neoforged.fml.javafmlmod.AutomaticEventSubscriber) Subscribing method public static void dev.architectury.event.forge.EventHandlerImplClient.event(net.neoforged.neoforge.client.event.ClientChatReceivedEvent) to the game event bus
[16:45:02] [modloading-worker-0/DEBUG] (net.neoforged.fml.javafmlmod.AutomaticEventSubscriber) Subscribing method public static void dev.architectury.event.forge.EventHandlerImplClient.event(net.neoforged.neoforge.client.event.ScreenEvent$Opening) to the game event bus
[16:45:02] [modloading-worker-0/DEBUG] (net.neoforged.fml.javafmlmod.AutomaticEventSubscriber) Subscribing method public static void dev.architectury.event.forge.EventHandlerImplClient.event(net.neoforged.neoforge.event.entity.player.ItemTooltipEvent) to the game event bus
[16:45:02] [modloading-worker-0/DEBUG] (net.neoforged.fml.javafmlmod.AutomaticEventSubscriber) Subscribing method public static void dev.architectury.event.forge.EventHandlerImplClient.event(net.neoforged.neoforge.client.event.ClientTickEvent$Post) to the game event bus
[16:45:02] [modloading-worker-0/DEBUG] (net.neoforged.fml.javafmlmod.AutomaticEventSubscriber) Subscribing method public static void dev.architectury.event.forge.EventHandlerImplClient.event(net.neoforged.neoforge.client.event.ClientPlayerNetworkEvent$LoggingIn) to the game event bus
[16:45:02] [modloading-worker-0/DEBUG] (net.neoforged.fml.javafmlmod.AutomaticEventSubscriber) Subscribing method public static void dev.architectury.event.forge.EventHandlerImplClient.event(net.neoforged.neoforge.client.event.ClientPlayerNetworkEvent$LoggingOut) to the game event bus
[16:45:02] [modloading-worker-0/DEBUG] (net.neoforged.accesstransformer.AccessTransformer) Transforming net.minecraft.server.MinecraftServer INNERCLASS ReloadableResources PUBLIC LEAVE META-INF/accesstransformer.cfg:133 to access PUBLIC and LEAVE
[16:45:02] [modloading-worker-0/DEBUG] (net.neoforged.accesstransformer.AccessTransformer) Transforming net.minecraft.server.MinecraftServer FIELD nextTickTimeNanos PROTECTED LEAVE META-INF/accesstransformer.cfg:131 to access PROTECTED and LEAVE
[16:45:02] [modloading-worker-0/DEBUG] (net.neoforged.accesstransformer.AccessTransformer) Transforming net.minecraft.server.MinecraftServer METHOD updateEffectiveRespawnData()V PROTECTED LEAVE META-INF/accesstransformer.cfg:132 to access PROTECTED and LEAVE
[16:45:02] [modloading-worker-0/DEBUG] (net.neoforged.fml.javafmlmod.AutomaticEventSubscriber) Subscribing method public static void dev.architectury.event.forge.EventHandlerImplClient.event(net.neoforged.neoforge.client.event.ClientTickEvent$Pre) to the game event bus
[16:45:02] [modloading-worker-0/DEBUG] (net.neoforged.fml.javafmlmod.AutomaticEventSubscriber) Subscribing method public static void dev.architectury.event.forge.EventHandlerImplClient.eventWorldEvent(net.neoforged.neoforge.event.level.LevelEvent$Load) to the game event bus
[16:45:02] [modloading-worker-0/DEBUG] (net.neoforged.fml.javafmlmod.AutomaticEventSubscriber) Subscribing method public static void dev.architectury.event.forge.EventHandlerImplClient.eventRenderGameOverlayEvent(net.neoforged.neoforge.client.event.RenderGuiEvent$Post) to the game event bus
[16:45:02] [modloading-worker-0/DEBUG] (net.neoforged.fml.javafmlmod.AutomaticEventSubscriber) Subscribing method public static void dev.architectury.event.forge.EventHandlerImplClient.eventKeyboardCharTypedEvent(net.neoforged.neoforge.client.event.ScreenEvent$CharacterTyped$Pre) to the game event bus
[16:45:02] [modloading-worker-0/DEBUG] (net.neoforged.fml.javafmlmod.AutomaticEventSubscriber) Subscribing method public static void dev.architectury.event.forge.EventHandlerImplClient.eventKeyboardCharTypedEvent(net.neoforged.neoforge.client.event.ScreenEvent$CharacterTyped$Post) to the game event bus
[16:45:02] [modloading-worker-0/DEBUG] (net.neoforged.fml.javafmlmod.AutomaticEventSubscriber) Subscribing method public static void dev.architectury.event.forge.EventHandlerImplClient.eventKeyboardKeyPressedEvent(net.neoforged.neoforge.client.event.ScreenEvent$KeyPressed$Pre) to the game event bus
[16:45:02] [modloading-worker-0/DEBUG] (net.neoforged.fml.javafmlmod.AutomaticEventSubscriber) Subscribing method public static void dev.architectury.event.forge.EventHandlerImplClient.eventKeyboardKeyPressedEvent(net.neoforged.neoforge.client.event.ScreenEvent$KeyPressed$Post) to the game event bus
[16:45:02] [modloading-worker-0/DEBUG] (net.neoforged.fml.javafmlmod.AutomaticEventSubscriber) Subscribing method public static void dev.architectury.event.forge.EventHandlerImplClient.eventKeyboardKeyReleasedEvent(net.neoforged.neoforge.client.event.ScreenEvent$KeyReleased$Pre) to the game event bus
[16:45:02] [modloading-worker-0/DEBUG] (net.neoforged.fml.javafmlmod.AutomaticEventSubscriber) Subscribing method public static void dev.architectury.event.forge.EventHandlerImplClient.eventKeyboardKeyReleasedEvent(net.neoforged.neoforge.client.event.ScreenEvent$KeyReleased$Post) to the game event bus
[16:45:02] [modloading-worker-0/DEBUG] (net.neoforged.fml.javafmlmod.AutomaticEventSubscriber) Subscribing method public static void dev.architectury.event.forge.EventHandlerImplClient.eventInputEvent(net.neoforged.neoforge.client.event.InputEvent$MouseButton$Post) to the game event bus
[16:45:02] [modloading-worker-0/DEBUG] (net.neoforged.fml.javafmlmod.AutomaticEventSubscriber) Subscribing method public static void dev.architectury.event.forge.EventHandlerImplClient.eventInputEvent(net.neoforged.neoforge.client.event.InputEvent$MouseButton$Pre) to the game event bus
[16:45:02] [modloading-worker-0/DEBUG] (net.neoforged.fml.javafmlmod.AutomaticEventSubscriber) Subscribing method public static void dev.architectury.event.forge.EventHandlerImplClient.eventInputEvent(net.neoforged.neoforge.client.event.InputEvent$MouseScrollingEvent) to the game event bus
[16:45:02] [modloading-worker-0/DEBUG] (net.neoforged.fml.javafmlmod.AutomaticEventSubscriber) Subscribing method public static void dev.architectury.event.forge.EventHandlerImplClient.eventInputEvent(net.neoforged.neoforge.client.event.InputEvent$Key) to the game event bus
[16:45:02] [modloading-worker-0/DEBUG] (net.neoforged.fml.javafmlmod.AutomaticEventSubscriber) Subscribing method public static void dev.architectury.event.forge.EventHandlerImplClient.eventPlayerInteractEvent(net.neoforged.neoforge.event.entity.player.PlayerInteractEvent$LeftClickEmpty) to the game event bus
[16:45:02] [modloading-worker-0/DEBUG] (net.neoforged.fml.javafmlmod.AutomaticEventSubscriber) Subscribing method public static void dev.architectury.event.forge.EventHandlerImplClient.eventPlayerInteractEvent(net.neoforged.neoforge.event.entity.player.PlayerInteractEvent$RightClickEmpty) to the game event bus
[16:45:02] [modloading-worker-0/DEBUG] (net.neoforged.fml.javafmlmod.AutomaticEventSubscriber) Subscribing method public static void dev.architectury.event.forge.EventHandlerImplClient.eventRenderTooltipEvent(net.neoforged.neoforge.client.event.RenderTooltipEvent$Pre) to the game event bus
[16:45:02] [modloading-worker-0/DEBUG] (net.neoforged.fml.javafmlmod.AutomaticEventSubscriber) Subscribing method public static void dev.architectury.event.forge.EventHandlerImplClient.eventMouseScrollEvent(net.neoforged.neoforge.client.event.ScreenEvent$MouseScrolled$Pre) to the game event bus
[16:45:02] [modloading-worker-0/DEBUG] (net.neoforged.fml.javafmlmod.AutomaticEventSubscriber) Subscribing method public static void dev.architectury.event.forge.EventHandlerImplClient.eventMouseScrollEvent(net.neoforged.neoforge.client.event.ScreenEvent$MouseScrolled$Post) to the game event bus
[16:45:02] [modloading-worker-0/DEBUG] (net.neoforged.fml.javafmlmod.AutomaticEventSubscriber) Subscribing method public static void dev.architectury.event.forge.EventHandlerImplClient.eventInitScreenEvent(net.neoforged.neoforge.client.event.ScreenEvent$Init$Post) to the game event bus
[16:45:02] [modloading-worker-0/DEBUG] (net.neoforged.fml.javafmlmod.AutomaticEventSubscriber) Subscribing method public static void dev.architectury.event.forge.EventHandlerImplClient.eventInitScreenEvent(net.neoforged.neoforge.client.event.ScreenEvent$Init$Pre) to the game event bus
[16:45:02] [modloading-worker-0/DEBUG] (net.neoforged.fml.javafmlmod.AutomaticEventSubscriber) Subscribing method public static void dev.architectury.event.forge.EventHandlerImplClient.eventDrawScreenEvent(net.neoforged.neoforge.client.event.ScreenEvent$Render$Post) to the game event bus
[16:45:02] [modloading-worker-0/DEBUG] (net.neoforged.fml.javafmlmod.AutomaticEventSubscriber) Subscribing method public static void dev.architectury.event.forge.EventHandlerImplClient.eventDrawScreenEvent(net.neoforged.neoforge.client.event.ScreenEvent$Render$Pre) to the game event bus
[16:45:02] [modloading-worker-0/DEBUG] (net.neoforged.fml.javafmlmod.AutomaticEventSubscriber) Subscribing method public static void dev.architectury.event.forge.EventHandlerImplClient.eventContainerScreenEvent(net.neoforged.neoforge.client.event.ContainerScreenEvent$Render$Foreground) to the game event bus
[16:45:02] [modloading-worker-0/DEBUG] (net.neoforged.fml.javafmlmod.AutomaticEventSubscriber) Subscribing method public static void dev.architectury.event.forge.EventHandlerImplClient.eventMouseClickedEvent(net.neoforged.neoforge.client.event.ScreenEvent$MouseButtonPressed$Pre) to the game event bus
[16:45:02] [modloading-worker-0/DEBUG] (net.neoforged.fml.javafmlmod.AutomaticEventSubscriber) Subscribing method public static void dev.architectury.event.forge.EventHandlerImplClient.eventMouseClickedEvent(net.neoforged.neoforge.client.event.ScreenEvent$MouseButtonPressed$Post) to the game event bus
[16:45:02] [modloading-worker-0/DEBUG] (net.neoforged.fml.javafmlmod.AutomaticEventSubscriber) Subscribing method public static void dev.architectury.event.forge.EventHandlerImplClient.eventMouseReleasedEvent(net.neoforged.neoforge.client.event.ScreenEvent$MouseButtonReleased$Pre) to the game event bus
[16:45:02] [modloading-worker-0/DEBUG] (net.neoforged.fml.javafmlmod.AutomaticEventSubscriber) Subscribing method public static void dev.architectury.event.forge.EventHandlerImplClient.eventMouseReleasedEvent(net.neoforged.neoforge.client.event.ScreenEvent$MouseButtonReleased$Post) to the game event bus
[16:45:02] [modloading-worker-0/DEBUG] (net.neoforged.fml.javafmlmod.AutomaticEventSubscriber) Subscribing method public static void dev.architectury.event.forge.EventHandlerImplClient.eventMouseDragEvent(net.neoforged.neoforge.client.event.ScreenEvent$MouseDragged$Post) to the game event bus
[16:45:02] [modloading-worker-0/DEBUG] (net.neoforged.fml.javafmlmod.AutomaticEventSubscriber) Subscribing method public static void dev.architectury.event.forge.EventHandlerImplClient.eventMouseDragEvent(net.neoforged.neoforge.client.event.ScreenEvent$MouseDragged$Pre) to the game event bus
[16:45:02] [modloading-worker-0/DEBUG] (net.neoforged.fml.javafmlmod.AutomaticEventSubscriber) Scanning class dev.architectury.event.forge.EventHandlerImplClient$ModBasedEventHandler for @SubscribeEvent-annotated methods
[16:45:02] [modloading-worker-0/DEBUG] (net.neoforged.fml.javafmlmod.AutomaticEventSubscriber) Subscribing method public static void dev.architectury.event.forge.EventHandlerImplClient$ModBasedEventHandler.event(net.neoforged.fml.event.lifecycle.FMLClientSetupEvent) to the event bus of mod architectury
[16:45:02] [modloading-worker-0/DEBUG] (net.neoforged.fml.javafmlmod.AutomaticEventSubscriber) Scanning class dev.architectury.hooks.client.forge.ClientExtensionsRegistryImpl for @SubscribeEvent-annotated methods
[16:45:02] [modloading-worker-0/DEBUG] (net.neoforged.fml.javafmlmod.AutomaticEventSubscriber) Subscribing method public static void dev.architectury.hooks.client.forge.ClientExtensionsRegistryImpl.onEvent(net.neoforged.neoforge.client.extensions.common.RegisterClientExtensionsEvent) to the event bus of mod architectury
[16:45:03] [modloading-worker-0/ERROR] (net.neoforged.neoforge.common.OnlyInWarningsHandler) The mod generated_8d6810b uses the @OnlyIn annotation; the runtime member-stripping behaviour of this annotation is no longer present, which may lead to issues if that behaviour was relied upon
[16:45:03] [modloading-worker-0/ERROR] (net.neoforged.neoforge.common.OnlyInWarningsHandler) @OnlyIn used on class com.Morph.logisticspipes.LPClientSetup
[16:45:03] [modloading-worker-0/ERROR] (net.neoforged.neoforge.common.OnlyInWarningsHandler) @OnlyIn used on class com.Morph.logisticspipes.gui.screen.ScreenUpgrade
[16:45:03] [modloading-worker-0/ERROR] (net.neoforged.neoforge.common.OnlyInWarningsHandler) @OnlyIn used on class com.Morph.logisticspipes.gui.screen.ScreenSupplier
[16:45:03] [modloading-worker-0/ERROR] (net.neoforged.neoforge.common.OnlyInWarningsHandler) @OnlyIn used on class com.Morph.logisticspipes.gui.screen.ScreenSneakyUpgrade
[16:45:03] [modloading-worker-0/ERROR] (net.neoforged.neoforge.common.OnlyInWarningsHandler) @OnlyIn used on class com.Morph.logisticspipes.gui.screen.ScreenSecurityStation
[16:45:03] [modloading-worker-0/ERROR] (net.neoforged.neoforge.common.OnlyInWarningsHandler) @OnlyIn used on class com.Morph.logisticspipes.gui.screen.ScreenSatellite
[16:45:03] [modloading-worker-0/ERROR] (net.neoforged.neoforge.common.OnlyInWarningsHandler) @OnlyIn used on class com.Morph.logisticspipes.gui.screen.ScreenRequestTable
[16:45:03] [modloading-worker-0/ERROR] (net.neoforged.neoforge.common.OnlyInWarningsHandler) @OnlyIn used on class com.Morph.logisticspipes.gui.screen.ScreenRequest
[16:45:03] [modloading-worker-0/ERROR] (net.neoforged.neoforge.common.OnlyInWarningsHandler) @OnlyIn used on class com.Morph.logisticspipes.gui.screen.ScreenProviderFilter
[16:45:03] [modloading-worker-0/ERROR] (net.neoforged.neoforge.common.OnlyInWarningsHandler) @OnlyIn used on class com.Morph.logisticspipes.gui.screen.ScreenOreDictItemSink
[16:45:03] [modloading-worker-0/ERROR] (net.neoforged.neoforge.common.OnlyInWarningsHandler) @OnlyIn used on class com.Morph.logisticspipes.gui.screen.ScreenModBasedItemSink
[16:45:03] [modloading-worker-0/ERROR] (net.neoforged.neoforge.common.OnlyInWarningsHandler) @OnlyIn used on class com.Morph.logisticspipes.gui.screen.ScreenItemSink
[16:45:03] [modloading-worker-0/ERROR] (net.neoforged.neoforge.common.OnlyInWarningsHandler) @OnlyIn used on class com.Morph.logisticspipes.gui.screen.ScreenFluidSupplierMk2
[16:45:03] [modloading-worker-0/ERROR] (net.neoforged.neoforge.common.OnlyInWarningsHandler) @OnlyIn used on class com.Morph.logisticspipes.gui.screen.ScreenFluidRequest
[16:45:03] [modloading-worker-0/ERROR] (net.neoforged.neoforge.common.OnlyInWarningsHandler) @OnlyIn used on class com.Morph.logisticspipes.gui.screen.ScreenFirewall
[16:45:03] [modloading-worker-0/ERROR] (net.neoforged.neoforge.common.OnlyInWarningsHandler) @OnlyIn used on class com.Morph.logisticspipes.gui.screen.ScreenEnchantmentSinkMK2
[16:45:03] [modloading-worker-0/ERROR] (net.neoforged.neoforge.common.OnlyInWarningsHandler) @OnlyIn used on class com.Morph.logisticspipes.gui.screen.ScreenCreativeTabBasedItemSink
[16:45:03] [modloading-worker-0/ERROR] (net.neoforged.neoforge.common.OnlyInWarningsHandler) @OnlyIn used on class com.Morph.logisticspipes.gui.screen.ScreenCrafter
[16:45:03] [modloading-worker-0/ERROR] (net.neoforged.neoforge.common.OnlyInWarningsHandler) @OnlyIn used on class com.Morph.logisticspipes.gui.screen.ScreenConnectionUpgrade
[16:45:03] [modloading-worker-0/ERROR] (net.neoforged.neoforge.common.OnlyInWarningsHandler) @OnlyIn used on class com.Morph.logisticspipes.gui.screen.ScreenChassis
[16:45:03] [modloading-worker-0/ERROR] (net.neoforged.neoforge.common.OnlyInWarningsHandler) @OnlyIn used on class com.Morph.logisticspipes.client.LPPipeRenderer
[16:45:03] [modloading-worker-0/ERROR] (net.neoforged.neoforge.common.OnlyInWarningsHandler) @OnlyIn used on class com.Morph.logisticspipes.client.LPOverlayRenderer
[16:45:03] [modloading-worker-0/DEBUG] (net.neoforged.fml.config.ConfigTracker) Config file neoforge-client.toml for neoforge tracking
[16:45:03] [modloading-worker-0/DEBUG] (net.neoforged.accesstransformer.AccessTransformer) Transforming net.minecraft.client.gui.components.AbstractWidget METHOD renderScrollingStringOverContents(Lnet/minecraft/client/gui/ActiveTextCollector;Lnet/minecraft/network/chat/Component;I)V PUBLIC LEAVE META-INF/accesstransformer.cfg:16 to access PUBLIC and LEAVE
[16:45:03] [modloading-worker-0/DEBUG] (net.neoforged.accesstransformer.AccessTransformer) Transforming net.minecraft.client.gui.components.AbstractButton FIELD SPRITES PROTECTED LEAVE META-INF/accesstransformer.cfg:10 to access PROTECTED and LEAVE
[16:45:03] [modloading-worker-0/DEBUG] (net.neoforged.fml.javafmlmod.AutomaticEventSubscriber) Attempting to inject @EventBusSubscriber classes into the eventbus for neoforge
[16:45:03] [modloading-worker-0/DEBUG] (net.neoforged.fml.javafmlmod.AutomaticEventSubscriber) Scanning class net.neoforged.neoforge.network.NetworkInitialization for @SubscribeEvent-annotated methods
[16:45:03] [modloading-worker-0/DEBUG] (net.neoforged.fml.javafmlmod.AutomaticEventSubscriber) Subscribing method private static void net.neoforged.neoforge.network.NetworkInitialization.register(net.neoforged.neoforge.network.event.RegisterPayloadHandlersEvent) to the event bus of mod neoforge
[16:45:03] [modloading-worker-0/DEBUG] (net.neoforged.fml.javafmlmod.AutomaticEventSubscriber) Scanning class net.neoforged.neoforge.attachment.AttachmentSync for @SubscribeEvent-annotated methods
[16:45:03] [modloading-worker-0/DEBUG] (net.neoforged.fml.javafmlmod.AutomaticEventSubscriber) Subscribing method public static void net.neoforged.neoforge.attachment.AttachmentSync.onChunkSent(net.neoforged.neoforge.event.level.ChunkWatchEvent$Sent) to the game event bus
[16:45:03] [modloading-worker-0/DEBUG] (net.neoforged.fml.javafmlmod.AutomaticEventSubscriber) Scanning class net.neoforged.neoforge.model.data.ModelDataManager for @SubscribeEvent-annotated methods
[16:45:03] [modloading-worker-0/DEBUG] (net.neoforged.fml.javafmlmod.AutomaticEventSubscriber) Subscribing method public static void net.neoforged.neoforge.model.data.ModelDataManager.onChunkUnload(net.neoforged.neoforge.event.level.ChunkEvent$Unload) to the game event bus
[16:45:03] [modloading-worker-0/DEBUG] (net.neoforged.fml.javafmlmod.AutomaticEventSubscriber) Scanning class net.neoforged.neoforge.network.filters.GenericPacketSplitter for @SubscribeEvent-annotated methods
[16:45:03] [modloading-worker-0/DEBUG] (io.netty.util.internal.PlatformDependent0) Java version: 21
[16:45:03] [modloading-worker-0/DEBUG] (io.netty.util.internal.PlatformDependent0) -Dio.netty.noUnsafe: false
[16:45:03] [modloading-worker-0/DEBUG] (io.netty.util.internal.PlatformDependent0) sun.misc.Unsafe.theUnsafe: available
[16:45:03] [modloading-worker-0/DEBUG] (io.netty.util.internal.PlatformDependent0) sun.misc.Unsafe base methods: all available
[16:45:03] [modloading-worker-0/DEBUG] (io.netty.util.internal.PlatformDependent0) java.nio.Buffer.address: available
[16:45:03] [modloading-worker-0/DEBUG] (io.netty.util.internal.PlatformDependent0) direct buffer constructor: unavailable: Reflective setAccessible(true) disabled
[16:45:03] [modloading-worker-0/DEBUG] (io.netty.util.internal.PlatformDependent0) java.nio.Bits.unaligned: available, true
[16:45:03] [modloading-worker-0/DEBUG] (io.netty.util.internal.PlatformDependent0) jdk.internal.misc.Unsafe.allocateUninitializedArray(int): unavailable: symbolic reference class is not accessible: class jdk.internal.misc.Unsafe, from class io.netty.util.internal.PlatformDependent0 (unnamed module @1aafa419)
[16:45:03] [modloading-worker-0/DEBUG] (io.netty.util.internal.PlatformDependent0) java.nio.DirectByteBuffer.<init>(long, {int,long}): unavailable
[16:45:03] [modloading-worker-0/DEBUG] (io.netty.util.internal.PlatformDependent) sun.misc.Unsafe: available
[16:45:03] [modloading-worker-0/DEBUG] (io.netty.util.internal.PlatformDependent) -Dio.netty.tmpdir: C:\Users\VOICEL~1\AppData\Local\Temp (java.io.tmpdir)
[16:45:03] [modloading-worker-0/DEBUG] (io.netty.util.internal.PlatformDependent) -Dio.netty.bitMode: 64 (sun.arch.data.model)
[16:45:03] [modloading-worker-0/DEBUG] (io.netty.util.internal.PlatformDependent) Platform: Windows
[16:45:03] [modloading-worker-0/DEBUG] (io.netty.util.internal.PlatformDependent) -Dio.netty.maxDirectMemory: -1 bytes
[16:45:03] [modloading-worker-0/DEBUG] (io.netty.util.internal.CleanerJava9) java.nio.ByteBuffer.cleaner(): available
[16:45:03] [modloading-worker-0/DEBUG] (io.netty.util.internal.PlatformDependent) -Dio.netty.noPreferDirect: false
[16:45:03] [modloading-worker-0/DEBUG] (io.netty.util.internal.PlatformDependent) -Dio.netty.jfr.enabled: true
[16:45:03] [modloading-worker-0/DEBUG] (io.netty.buffer.AbstractByteBuf) -Dio.netty.buffer.checkAccessible: true
[16:45:03] [modloading-worker-0/DEBUG] (io.netty.buffer.AbstractByteBuf) -Dio.netty.buffer.checkBounds: true
[16:45:03] [modloading-worker-0/DEBUG] (io.netty.util.ResourceLeakDetectorFactory) Loaded default ResourceLeakDetector: io.netty.util.ResourceLeakDetector@2d85d9a
[16:45:03] [modloading-worker-0/DEBUG] (io.netty.util.internal.InternalThreadLocalMap) -Dio.netty.threadLocalMap.stringBuilder.initialSize: 1024
[16:45:03] [modloading-worker-0/DEBUG] (io.netty.util.internal.InternalThreadLocalMap) -Dio.netty.threadLocalMap.stringBuilder.maxSize: 4096
[16:45:03] [modloading-worker-0/DEBUG] (io.netty.buffer.AdaptiveByteBufAllocator) -Dio.netty.allocator.useCachedMagazinesForNonEventLoopThreads: false
[16:45:03] [modloading-worker-0/DEBUG] (io.netty.util.Recycler) -Dio.netty.recycler.maxCapacityPerThread: 4096
[16:45:03] [modloading-worker-0/DEBUG] (io.netty.util.Recycler) -Dio.netty.recycler.ratio: 8
[16:45:03] [modloading-worker-0/DEBUG] (io.netty.util.Recycler) -Dio.netty.recycler.chunkSize: 32
[16:45:03] [modloading-worker-0/DEBUG] (io.netty.util.Recycler) -Dio.netty.recycler.blocking: false
[16:45:03] [modloading-worker-0/DEBUG] (io.netty.util.Recycler) -Dio.netty.recycler.batchFastThreadLocalOnly: true
[16:45:03] [modloading-worker-0/DEBUG] (io.netty.buffer.ByteBufUtil) -Dio.netty.allocator.type: adaptive
[16:45:03] [modloading-worker-0/DEBUG] (io.netty.buffer.ByteBufUtil) -Dio.netty.threadLocalDirectBufferSize: 0
[16:45:03] [modloading-worker-0/DEBUG] (io.netty.buffer.ByteBufUtil) -Dio.netty.maxThreadLocalCharBufferSize: 16384
[16:45:03] [modloading-worker-0/DEBUG] (net.neoforged.fml.javafmlmod.AutomaticEventSubscriber) Subscribing method private static void net.neoforged.neoforge.network.filters.GenericPacketSplitter.register(net.neoforged.neoforge.network.event.RegisterPayloadHandlersEvent) to the event bus of mod neoforge
[16:45:03] [modloading-worker-0/DEBUG] (net.neoforged.fml.javafmlmod.AutomaticEventSubscriber) Scanning class net.neoforged.neoforge.client.NeoForgeRenderPipelines for @SubscribeEvent-annotated methods
[16:45:03] [modloading-worker-0/DEBUG] (net.neoforged.accesstransformer.AccessTransformer) Transforming net.minecraft.client.renderer.RenderPipelines FIELD PIPELINES_BY_LOCATION PUBLIC LEAVE META-INF/accesstransformer.cfg:48 to access PUBLIC and LEAVE
[16:45:03] [modloading-worker-0/DEBUG] (net.neoforged.accesstransformer.AccessTransformer) Transforming net.minecraft.client.renderer.RenderPipelines FIELD MATRICES_PROJECTION_SNIPPET PUBLIC LEAVE META-INF/accesstransformer.cfg:51, META-INF/accesstransformergenerated.cfg:21 to access PUBLIC and LEAVE
[16:45:03] [modloading-worker-0/DEBUG] (net.neoforged.accesstransformer.AccessTransformer) Transforming net.minecraft.client.renderer.RenderPipelines FIELD FOG_SNIPPET PUBLIC LEAVE META-INF/accesstransformer.cfg:65, META-INF/accesstransformergenerated.cfg:12 to access PUBLIC and LEAVE
[16:45:03] [modloading-worker-0/DEBUG] (net.neoforged.accesstransformer.AccessTransformer) Transforming net.minecraft.client.renderer.RenderPipelines FIELD GLOBALS_SNIPPET PUBLIC LEAVE META-INF/accesstransformer.cfg:64, META-INF/accesstransformergenerated.cfg:14 to access PUBLIC and LEAVE
[16:45:03] [modloading-worker-0/DEBUG] (net.neoforged.accesstransformer.AccessTransformer) Transforming net.minecraft.client.renderer.RenderPipelines FIELD MATRICES_FOG_SNIPPET PUBLIC LEAVE META-INF/accesstransformer.cfg:49, META-INF/accesstransformergenerated.cfg:20 to access PUBLIC and LEAVE
[16:45:03] [modloading-worker-0/DEBUG] (net.neoforged.accesstransformer.AccessTransformer) Transforming net.minecraft.client.renderer.RenderPipelines FIELD MATRICES_FOG_LIGHT_DIR_SNIPPET PUBLIC LEAVE META-INF/accesstransformer.cfg:60, META-INF/accesstransformergenerated.cfg:19 to access PUBLIC and LEAVE
[16:45:03] [modloading-worker-0/DEBUG] (net.neoforged.accesstransformer.AccessTransformer) Transforming net.minecraft.client.renderer.RenderPipelines FIELD GENERIC_BLOCKS_SNIPPET PUBLIC LEAVE META-INF/accesstransformergenerated.cfg:13 to access PUBLIC and LEAVE
[16:45:03] [modloading-worker-0/DEBUG] (net.neoforged.accesstransformer.AccessTransformer) Transforming net.minecraft.client.renderer.RenderPipelines FIELD TERRAIN_SNIPPET PUBLIC LEAVE META-INF/accesstransformer.cfg:53, META-INF/accesstransformergenerated.cfg:24 to access PUBLIC and LEAVE
[16:45:03] [modloading-worker-0/DEBUG] (net.neoforged.accesstransformer.AccessTransformer) Transforming net.minecraft.client.renderer.RenderPipelines FIELD BLOCK_SNIPPET PUBLIC LEAVE META-INF/accesstransformergenerated.cfg:6 to access PUBLIC and LEAVE
[16:45:03] [modloading-worker-0/DEBUG] (net.neoforged.accesstransformer.AccessTransformer) Transforming net.minecraft.client.renderer.RenderPipelines FIELD ENTITY_SNIPPET PUBLIC LEAVE META-INF/accesstransformer.cfg:58, META-INF/accesstransformergenerated.cfg:11 to access PUBLIC and LEAVE
[16:45:03] [modloading-worker-0/DEBUG] (net.neoforged.accesstransformer.AccessTransformer) Transforming net.minecraft.client.renderer.RenderPipelines FIELD ENTITY_EMISSIVE_SNIPPET PUBLIC LEAVE META-INF/accesstransformer.cfg:67, META-INF/accesstransformergenerated.cfg:10 to access PUBLIC and LEAVE
[16:45:03] [modloading-worker-0/DEBUG] (net.neoforged.accesstransformer.AccessTransformer) Transforming net.minecraft.client.renderer.RenderPipelines FIELD BEACON_BEAM_SNIPPET PUBLIC LEAVE META-INF/accesstransformer.cfg:61, META-INF/accesstransformergenerated.cfg:5 to access PUBLIC and LEAVE
[16:45:03] [modloading-worker-0/DEBUG] (net.neoforged.accesstransformer.AccessTransformer) Transforming net.minecraft.client.renderer.RenderPipelines FIELD TEXT_SNIPPET PUBLIC LEAVE META-INF/accesstransformer.cfg:59, META-INF/accesstransformergenerated.cfg:25 to access PUBLIC and LEAVE
[16:45:03] [modloading-worker-0/DEBUG] (net.neoforged.accesstransformer.AccessTransformer) Transforming net.minecraft.client.renderer.RenderPipelines FIELD END_PORTAL_SNIPPET PUBLIC LEAVE META-INF/accesstransformer.cfg:57, META-INF/accesstransformergenerated.cfg:9 to access PUBLIC and LEAVE
[16:45:03] [modloading-worker-0/DEBUG] (net.neoforged.accesstransformer.AccessTransformer) Transforming net.minecraft.client.renderer.RenderPipelines FIELD CLOUDS_SNIPPET PUBLIC LEAVE META-INF/accesstransformer.cfg:47, META-INF/accesstransformergenerated.cfg:7 to access PUBLIC and LEAVE
[16:45:03] [modloading-worker-0/DEBUG] (net.neoforged.accesstransformer.AccessTransformer) Transforming net.minecraft.client.renderer.RenderPipelines FIELD LINES_SNIPPET PUBLIC LEAVE META-INF/accesstransformer.cfg:55, META-INF/accesstransformergenerated.cfg:18 to access PUBLIC and LEAVE
[16:45:03] [modloading-worker-0/DEBUG] (net.neoforged.accesstransformer.AccessTransformer) Transforming net.minecraft.client.renderer.RenderPipelines FIELD DEBUG_FILLED_SNIPPET PUBLIC LEAVE META-INF/accesstransformer.cfg:56, META-INF/accesstransformergenerated.cfg:8 to access PUBLIC and LEAVE
[16:45:03] [modloading-worker-0/DEBUG] (net.neoforged.accesstransformer.AccessTransformer) Transforming net.minecraft.client.renderer.RenderPipelines FIELD PARTICLE_SNIPPET PUBLIC LEAVE META-INF/accesstransformer.cfg:54, META-INF/accesstransformergenerated.cfg:23 to access PUBLIC and LEAVE
[16:45:03] [modloading-worker-0/DEBUG] (net.neoforged.accesstransformer.AccessTransformer) Transforming net.minecraft.client.renderer.RenderPipelines FIELD WEATHER_SNIPPET PUBLIC LEAVE META-INF/accesstransformer.cfg:66, META-INF/accesstransformergenerated.cfg:26 to access PUBLIC and LEAVE
[16:45:03] [modloading-worker-0/DEBUG] (net.neoforged.accesstransformer.AccessTransformer) Transforming net.minecraft.client.renderer.RenderPipelines FIELD GUI_SNIPPET PUBLIC LEAVE META-INF/accesstransformer.cfg:62, META-INF/accesstransformergenerated.cfg:15 to access PUBLIC and LEAVE
[16:45:03] [modloading-worker-0/DEBUG] (net.neoforged.accesstransformer.AccessTransformer) Transforming net.minecraft.client.renderer.RenderPipelines FIELD GUI_TEXTURED_SNIPPET PUBLIC LEAVE META-INF/accesstransformer.cfg:52, META-INF/accesstransformergenerated.cfg:16 to access PUBLIC and LEAVE
[16:45:03] [modloading-worker-0/DEBUG] (net.neoforged.accesstransformer.AccessTransformer) Transforming net.minecraft.client.renderer.RenderPipelines FIELD GUI_TEXT_SNIPPET PUBLIC LEAVE META-INF/accesstransformer.cfg:50, META-INF/accesstransformergenerated.cfg:17 to access PUBLIC and LEAVE
[16:45:03] [modloading-worker-0/DEBUG] (net.neoforged.accesstransformer.AccessTransformer) Transforming net.minecraft.client.renderer.RenderPipelines FIELD OUTLINE_SNIPPET PUBLIC LEAVE META-INF/accesstransformer.cfg:63, META-INF/accesstransformergenerated.cfg:22 to access PUBLIC and LEAVE
[16:45:03] [modloading-worker-0/DEBUG] (net.neoforged.fml.javafmlmod.AutomaticEventSubscriber) Subscribing method static void net.neoforged.neoforge.client.NeoForgeRenderPipelines.registerPipelines(net.neoforged.neoforge.client.event.RegisterRenderPipelinesEvent) to the event bus of mod neoforge
[16:45:03] [modloading-worker-0/DEBUG] (net.neoforged.fml.javafmlmod.AutomaticEventSubscriber) Scanning class net.neoforged.neoforge.client.network.ClientPayloadHandler for @SubscribeEvent-annotated methods
[16:45:03] [modloading-worker-0/DEBUG] (net.neoforged.accesstransformer.AccessTransformer) Transforming net.minecraft.client.Minecraft FIELD particleResources PUBLIC LEAVE META-INF/accesstransformer.cfg:41 to access PUBLIC and LEAVE
[16:45:03] [modloading-worker-0/DEBUG] (mixin) Mixing MixinMinecraft from architectury.mixins.json into net.minecraft.client.Minecraft
[16:45:03] [modloading-worker-0/DEBUG] (net.neoforged.accesstransformer.AccessTransformer) Transforming net.minecraft.util.thread.BlockableEventLoop METHOD submitAsync(Ljava/lang/Runnable;)Ljava/util/concurrent/CompletableFuture; PUBLIC LEAVE META-INF/accesstransformer.cfg:155 to access PUBLIC and LEAVE
[16:45:03] [modloading-worker-0/DEBUG] (mixin) architectury.mixins.json:MixinMinecraft from mod architectury: Class version 65 required is higher than the class version supported by the current version of Mixin (JAVA_16 supports class version 60)
[16:45:03] [modloading-worker-0/DEBUG] (mixin) architectury.mixins.json:MixinMinecraft from mod architectury->@Inject::onStart(Lorg/spongepowered/asm/mixin/injection/callback/CallbackInfo;)V doesn't use it's CallbackInfo
[16:45:03] [modloading-worker-0/DEBUG] (mixin) architectury.mixins.json:MixinMinecraft from mod architectury->@Inject::onStart(Lorg/spongepowered/asm/mixin/injection/callback/CallbackInfo;)V has 0 override(s) in child classes
[16:45:03] [modloading-worker-0/DEBUG] (mixin) architectury.mixins.json:MixinMinecraft from mod architectury->@Inject::onStart(Lorg/spongepowered/asm/mixin/injection/callback/CallbackInfo;)V won't be passed a CallbackInfo as a result
[16:45:03] [modloading-worker-0/DEBUG] (mixin) architectury.mixins.json:MixinMinecraft from mod architectury->@Inject::onStopping(Lorg/spongepowered/asm/mixin/injection/callback/CallbackInfo;)V doesn't use it's CallbackInfo
[16:45:03] [modloading-worker-0/DEBUG] (mixin) architectury.mixins.json:MixinMinecraft from mod architectury->@Inject::onStopping(Lorg/spongepowered/asm/mixin/injection/callback/CallbackInfo;)V has 0 override(s) in child classes
[16:45:03] [modloading-worker-0/DEBUG] (mixin) architectury.mixins.json:MixinMinecraft from mod architectury->@Inject::onStopping(Lorg/spongepowered/asm/mixin/injection/callback/CallbackInfo;)V won't be passed a CallbackInfo as a result
[16:45:03] [modloading-worker-0/DEBUG] (net.neoforged.accesstransformer.AccessTransformer) Transforming net.minecraft.client.gui.screens.MenuScreens$ScreenConstructor CLASS PUBLIC LEAVE META-INF/accesstransformer.cfg:18 to access PUBLIC and LEAVE
[16:45:03] [modloading-worker-0/DEBUG] (net.neoforged.fml.javafmlmod.AutomaticEventSubscriber) Subscribing method private static void net.neoforged.neoforge.client.network.ClientPayloadHandler.register(net.neoforged.neoforge.client.network.event.RegisterClientPayloadHandlersEvent) to the event bus of mod neoforge
[16:45:03] [modloading-worker-0/DEBUG] (net.neoforged.fml.javafmlmod.AutomaticEventSubscriber) Scanning class net.neoforged.neoforge.network.ConfigurationInitialization for @SubscribeEvent-annotated methods
[16:45:03] [modloading-worker-0/DEBUG] (net.neoforged.fml.javafmlmod.AutomaticEventSubscriber) Subscribing method private static void net.neoforged.neoforge.network.ConfigurationInitialization.configureModdedClient(net.neoforged.neoforge.network.event.RegisterConfigurationTasksEvent) to the event bus of mod neoforge
[16:45:03] [modloading-worker-0/DEBUG] (net.neoforged.fml.javafmlmod.AutomaticEventSubscriber) Scanning class net.neoforged.neoforge.client.BlockEntityRenderBoundsDebugRenderer for @SubscribeEvent-annotated methods
[16:45:03] [modloading-worker-0/DEBUG] (net.neoforged.fml.javafmlmod.AutomaticEventSubscriber) Subscribing method public static void net.neoforged.neoforge.client.BlockEntityRenderBoundsDebugRenderer.onExtractLevelRenderState(net.neoforged.neoforge.client.event.ExtractLevelRenderStateEvent) to the game event bus
[16:45:03] [modloading-worker-0/DEBUG] (net.neoforged.fml.javafmlmod.AutomaticEventSubscriber) Subscribing method public static void net.neoforged.neoforge.client.BlockEntityRenderBoundsDebugRenderer.onRegisterClientCommands(net.neoforged.neoforge.client.event.RegisterClientCommandsEvent) to the game event bus
[16:45:03] [modloading-worker-0/DEBUG] (net.neoforged.fml.javafmlmod.AutomaticEventSubscriber) Subscribing method public static void net.neoforged.neoforge.client.BlockEntityRenderBoundsDebugRenderer.onRenderLevelStage(net.neoforged.neoforge.client.event.RenderLevelStageEvent$AfterEntities) to the game event bus
[16:45:03] [modloading-worker-0/DEBUG] (net.neoforged.fml.javafmlmod.AutomaticEventSubscriber) Scanning class net.neoforged.neoforge.attachment.AttachmentInternals for @SubscribeEvent-annotated methods
[16:45:03] [modloading-worker-0/DEBUG] (net.neoforged.fml.javafmlmod.AutomaticEventSubscriber) Subscribing method public static void net.neoforged.neoforge.attachment.AttachmentInternals.onLivingConvert(net.neoforged.neoforge.event.entity.living.LivingConversionEvent$Post) to the game event bus
[16:45:03] [modloading-worker-0/DEBUG] (net.neoforged.fml.javafmlmod.AutomaticEventSubscriber) Subscribing method public static void net.neoforged.neoforge.attachment.AttachmentInternals.onPlayerClone(net.neoforged.neoforge.event.entity.player.PlayerEvent$Clone) to the game event bus
[16:45:03] [modloading-worker-0/DEBUG] (net.neoforged.fml.javafmlmod.AutomaticEventSubscriber) Scanning class net.neoforged.neoforge.common.MonsterRoomHooks for @SubscribeEvent-annotated methods
[16:45:03] [modloading-worker-0/DEBUG] (net.neoforged.fml.javafmlmod.AutomaticEventSubscriber) Subscribing method public static void net.neoforged.neoforge.common.MonsterRoomHooks.onDataMapsUpdated(net.neoforged.neoforge.registries.datamaps.DataMapsUpdatedEvent) to the game event bus
[16:45:03] [modloading-worker-0/DEBUG] (net.neoforged.fml.javafmlmod.AutomaticEventSubscriber) Attempting to inject @EventBusSubscriber classes into the eventbus for morph
[16:45:03] [modloading-worker-0/DEBUG] (net.neoforged.fml.javafmlmod.AutomaticEventSubscriber) Scanning class com.Morph.neoforge.client.ExampleModNeoForgeClient for @SubscribeEvent-annotated methods
[16:45:03] [modloading-worker-0/DEBUG] (net.neoforged.fml.javafmlmod.AutomaticEventSubscriber) Subscribing method public static void com.Morph.neoforge.client.ExampleModNeoForgeClient.onClientSetup(net.neoforged.fml.event.lifecycle.FMLClientSetupEvent) to the event bus of mod morph
[16:45:03] [modloading-sync-worker/DEBUG] (net.neoforged.neoforge.registries.GameData) Unfreezing registries
[16:45:04] [modloading-sync-worker/DEBUG] (net.neoforged.accesstransformer.AccessTransformer) Transforming net.minecraft.world.entity.raid.Raid INNERCLASS RaiderType PUBLIC LEAVE META-INF/accesstransformer.cfg:179 to access PUBLIC and LEAVE
[16:45:04] [modloading-sync-worker/DEBUG] (net.neoforged.accesstransformer.AccessTransformer) Transforming net.minecraft.world.level.storage.LevelResource METHOD <init>(Ljava/lang/String;)V PUBLIC LEAVE META-INF/accesstransformer.cfg:24, META-INF/accesstransformer.cfg:263 to access PUBLIC and LEAVE
[16:45:04] [modloading-sync-worker/DEBUG] (net.neoforged.neoforge.registries.GameData) Freezing registries
[16:45:05] [modloading-sync-worker/DEBUG] (net.neoforged.neoforge.registries.GameData) All registries frozen
[16:45:05] [modloading-sync-worker/DEBUG] (net.neoforged.fml.config.ConfigTracker) Loading configs type CLIENT
[16:45:05] [modloading-sync-worker/DEBUG] (net.neoforged.neoforge.common.NeoForgeMod) Loaded NeoForge config file neoforge-client.toml
[16:45:05] [modloading-sync-worker/DEBUG] (net.neoforged.fml.config.ConfigTracker) Loaded TOML config file F:\Minecraft modding\Projects\Fabric-Neoforge\Logistic Pipes 2\neoforge\run\config\neoforge-client.toml
[16:45:05] [modloading-sync-worker/DEBUG] (net.neoforged.fml.config.ConfigTracker) Watching TOML config file F:\Minecraft modding\Projects\Fabric-Neoforge\Logistic Pipes 2\neoforge\run\config\neoforge-client.toml for changes
[16:45:05] [modloading-sync-worker/DEBUG] (net.neoforged.fml.config.ConfigTracker) Loading configs type COMMON
[16:45:05] [modloading-sync-worker/DEBUG] (net.neoforged.neoforge.common.NeoForgeMod) Loaded NeoForge config file neoforge-common.toml
[16:45:05] [modloading-sync-worker/DEBUG] (net.neoforged.fml.config.ConfigTracker) Loaded TOML config file F:\Minecraft modding\Projects\Fabric-Neoforge\Logistic Pipes 2\neoforge\run\config\neoforge-common.toml
[16:45:05] [modloading-sync-worker/DEBUG] (net.neoforged.fml.config.ConfigTracker) Watching TOML config file F:\Minecraft modding\Projects\Fabric-Neoforge\Logistic Pipes 2\neoforge\run\config\neoforge-common.toml for changes
[16:45:05] [Render thread/DEBUG] (mixin) Mixing client.MixinAbstractContainerScreen from architectury.mixins.json into net.minecraft.client.gui.screens.inventory.AbstractContainerScreen
[16:45:05] [Render thread/DEBUG] (mixin) architectury.mixins.json:client.MixinAbstractContainerScreen from mod architectury: Class version 65 required is higher than the class version supported by the current version of Mixin (JAVA_16 supports class version 60)
[16:45:05] [Render thread/DEBUG] (mixin) architectury.mixins.json:client.MixinAbstractContainerScreen from mod architectury->@Inject::renderBackground(Lnet/minecraft/client/gui/GuiGraphics;IIFLorg/spongepowered/asm/mixin/injection/callback/CallbackInfo;)V doesn't use it's CallbackInfo
[16:45:05] [Render thread/DEBUG] (mixin) architectury.mixins.json:client.MixinAbstractContainerScreen from mod architectury->@Inject::renderBackground(Lnet/minecraft/client/gui/GuiGraphics;IIFLorg/spongepowered/asm/mixin/injection/callback/CallbackInfo;)V has 0 override(s) in child classes
[16:45:05] [Render thread/DEBUG] (mixin) architectury.mixins.json:client.MixinAbstractContainerScreen from mod architectury->@Inject::renderBackground(Lnet/minecraft/client/gui/GuiGraphics;IIFLorg/spongepowered/asm/mixin/injection/callback/CallbackInfo;)V won't be passed a CallbackInfo as a result
[16:45:05] [Render thread/DEBUG] (net.neoforged.accesstransformer.AccessTransformer) Transforming net.minecraft.client.resources.ClientPackSource METHOD createVanillaPackSource(Ljava/nio/file/Path;)Lnet/minecraft/server/packs/VanillaPackResources; PUBLIC LEAVE META-INF/accesstransformer.cfg:80 to access PUBLIC and LEAVE
[16:45:05] [Render thread/DEBUG] (net.neoforged.accesstransformer.AccessTransformer) Transforming net.minecraft.server.packs.repository.BuiltInPackSource METHOD fixedResources(Lnet/minecraft/server/packs/PackResources;)Lnet/minecraft/server/packs/repository/Pack$ResourcesSupplier; PUBLIC LEAVE META-INF/accesstransformer.cfg:150 to access PUBLIC and LEAVE
[16:45:05] [Render thread/DEBUG] (net.neoforged.accesstransformer.AccessTransformer) Transforming net.minecraft.server.packs.metadata.pack.PackFormat$IntermediaryFormat FIELD PACK_CODEC PUBLIC LEAVE META-INF/accesstransformer.cfg:149 to access PUBLIC and LEAVE
[16:45:06] [Render thread/DEBUG] (net.neoforged.accesstransformer.AccessTransformer) Transforming net.minecraft.server.packs.repository.PackRepository FIELD sources PUBLIC REMOVEFINAL META-INF/accesstransformer.cfg:107 to access PUBLIC and REMOVEFINAL
[16:45:06] [Render thread/DEBUG] (net.neoforged.accesstransformer.AccessTransformer) Transforming net.minecraft.server.packs.repository.PackRepository METHOD rebuildSelected(Ljava/util/Collection;)Ljava/util/List; PUBLIC LEAVE META-INF/accesstransformer.cfg:151 to access PUBLIC and LEAVE
[16:45:06] [Render thread/INFO] (com.mojang.authlib.yggdrasil.YggdrasilAuthenticationService) Environment: Environment[sessionHost=https://sessionserver.mojang.com, servicesHost=https://api.minecraftservices.com, profilesHost=https://api.mojang.com, name=PROD]
[16:45:06] [Render thread/INFO] (net.minecraft.client.Minecraft) Setting user: Dev
[16:45:06] [Render thread/DEBUG] (net.neoforged.accesstransformer.AccessTransformer) Transforming net.minecraft.client.KeyMapping FIELD isDown DEFAULT LEAVE META-INF/accesstransformer.cfg:3 to access DEFAULT and LEAVE
[16:45:06] [Render thread/DEBUG] (net.neoforged.accesstransformer.AccessTransformer) Transforming net.minecraft.client.Options INNERCLASS FieldAccess PUBLIC LEAVE META-INF/accesstransformer.cfg:5 to access PUBLIC and LEAVE
[16:45:06] [Render thread/DEBUG] (net.neoforged.accesstransformer.AccessTransformer) Transforming net.minecraft.client.Options FIELD keyMappings PUBLIC REMOVEFINAL META-INF/accesstransformer.cfg:4 to access PUBLIC and REMOVEFINAL
[16:45:06] [Render thread/DEBUG] (net.neoforged.accesstransformer.AccessTransformer) Transforming net.minecraft.client.OptionInstance$ValueSet CLASS PUBLIC LEAVE META-INF/accesstransformer.cfg:8 to access PUBLIC and LEAVE
[16:45:06] [Render thread/DEBUG] (net.neoforged.accesstransformer.AccessTransformer) Transforming net.minecraft.client.Options$FieldAccess CLASS PUBLIC LEAVE META-INF/accesstransformer.cfg:5 to access PUBLIC and LEAVE
[16:45:06] [Render thread/DEBUG] (net.neoforged.accesstransformer.AccessTransformer) Transforming net.minecraft.client.OptionInstance INNERCLASS ValueSet PUBLIC LEAVE META-INF/accesstransformer.cfg:8 to access PUBLIC and LEAVE
[16:45:06] [Render thread/DEBUG] (net.neoforged.accesstransformer.AccessTransformer) Transforming net.minecraft.client.OptionInstance FIELD toString PUBLIC LEAVE META-INF/accesstransformer.cfg:7 to access PUBLIC and LEAVE
[16:45:06] [Render thread/DEBUG] (net.neoforged.accesstransformer.AccessTransformer) Transforming net.minecraft.client.OptionInstance FIELD caption PUBLIC LEAVE META-INF/accesstransformer.cfg:6 to access PUBLIC and LEAVE
[16:45:06] [Render thread/DEBUG] (net.neoforged.accesstransformer.AccessTransformer) Transforming net.minecraft.client.gui.components.AbstractSliderButton FIELD dragging PROTECTED LEAVE META-INF/accesstransformer.cfg:13 to access PROTECTED and LEAVE
[16:45:06] [Render thread/DEBUG] (net.neoforged.accesstransformer.AccessTransformer) Transforming net.minecraft.client.gui.components.AbstractSliderButton METHOD getSprite()Lnet/minecraft/resources/Identifier; PROTECTED LEAVE META-INF/accesstransformer.cfg:14 to access PROTECTED and LEAVE
[16:45:06] [Render thread/DEBUG] (net.neoforged.accesstransformer.AccessTransformer) Transforming net.minecraft.client.gui.components.AbstractSliderButton METHOD getHandleSprite()Lnet/minecraft/resources/Identifier; PROTECTED LEAVE META-INF/accesstransformer.cfg:15 to access PROTECTED and LEAVE
[16:45:06] [Render thread/DEBUG] (net.neoforged.accesstransformer.AccessTransformer) Transforming net.minecraft.client.input.InputQuirks FIELD ON_OSX PUBLIC LEAVE META-INF/accesstransformer.cfg:23 to access PUBLIC and LEAVE
[16:45:06] [Render thread/DEBUG] (net.neoforged.accesstransformer.AccessTransformer) Transforming net.minecraft.client.gui.components.ChatComponent METHOD getScale()D PUBLIC LEAVE META-INF/accesstransformer.cfg:340 to access PUBLIC and LEAVE
[16:45:06] [Render thread/DEBUG] (net.neoforged.accesstransformer.AccessTransformer) Transforming net.minecraft.client.gui.components.debug.DebugScreenEntries METHOD register(Lnet/minecraft/resources/Identifier;Lnet/minecraft/client/gui/components/debug/DebugScreenEntry;)Lnet/minecraft/resources/Identifier; PUBLIC LEAVE META-INF/accesstransformer.cfg:44 to access PUBLIC and LEAVE
[16:45:06] [Render thread/DEBUG] (net.neoforged.accesstransformer.AccessTransformer) Transforming net.minecraft.client.gui.components.debug.DebugEntryMemory FIELD GROUP PUBLIC LEAVE META-INF/accesstransformergenerated.cfg:307 to access PUBLIC and LEAVE
[16:45:06] [Render thread/DEBUG] (net.neoforged.accesstransformer.AccessTransformer) Transforming net.minecraft.client.gui.components.debug.DebugEntrySystemSpecs FIELD GROUP PUBLIC LEAVE META-INF/accesstransformergenerated.cfg:308 to access PUBLIC and LEAVE
[16:45:06] [Render thread/DEBUG] (net.neoforged.accesstransformer.AccessTransformer) Transforming net.minecraft.client.gui.components.debug.DebugEntryLookingAtBlock FIELD GROUP PUBLIC LEAVE META-INF/accesstransformergenerated.cfg:304 to access PUBLIC and LEAVE
[16:45:06] [Render thread/DEBUG] (net.neoforged.accesstransformer.AccessTransformer) Transforming net.minecraft.client.gui.components.debug.DebugEntryLookingAtFluid FIELD GROUP PUBLIC LEAVE META-INF/accesstransformergenerated.cfg:306 to access PUBLIC and LEAVE
[16:45:06] [Render thread/DEBUG] (net.neoforged.accesstransformer.AccessTransformer) Transforming net.minecraft.client.gui.components.debug.DebugEntryLookingAtEntity FIELD GROUP PUBLIC LEAVE META-INF/accesstransformergenerated.cfg:305 to access PUBLIC and LEAVE
[16:45:06] [Render thread/DEBUG] (net.neoforged.accesstransformer.AccessTransformer) Transforming net.minecraft.client.gui.components.debug.DebugEntryChunkGeneration FIELD GROUP PUBLIC LEAVE META-INF/accesstransformergenerated.cfg:302 to access PUBLIC and LEAVE
[16:45:06] [Render thread/DEBUG] (net.neoforged.accesstransformer.AccessTransformer) Transforming net.minecraft.client.gui.components.debug.DebugEntryHeightmap FIELD GROUP PUBLIC LEAVE META-INF/accesstransformergenerated.cfg:303 to access PUBLIC and LEAVE
[16:45:06] [Render thread/DEBUG] (net.neoforged.accesstransformer.AccessTransformer) Transforming net.minecraft.client.gui.components.debug.DebugEntryBiome FIELD GROUP PUBLIC LEAVE META-INF/accesstransformergenerated.cfg:301 to access PUBLIC and LEAVE
[16:45:06] [Render thread/INFO] (net.minecraft.client.Minecraft) Backend library: LWJGL version 3.3.3+5
[16:45:06] [Render thread/INFO] (net.minecraft.client.Minecraft) Using optional rendering extensions: GL_ARB_buffer_storage, GL_KHR_debug, GL_ARB_vertex_attrib_binding, GL_ARB_direct_state_access, GL_EXT_texture_filter_anisotropic
[16:45:06] [Render thread/DEBUG] (net.neoforged.accesstransformer.AccessTransformer) Transforming net.minecraft.server.packs.resources.ReloadableResourceManager FIELD listeners PRIVATE REMOVEFINAL META-INF/accesstransformer.cfg:320 to access PRIVATE and REMOVEFINAL
[16:45:06] [Render thread/DEBUG] (net.neoforged.accesstransformer.AccessTransformer) Transforming net.minecraft.client.renderer.rendertype.RenderType FIELD state PUBLIC LEAVE META-INF/accesstransformer.cfg:94 to access PUBLIC and LEAVE
[16:45:06] [Render thread/DEBUG] (net.neoforged.accesstransformer.AccessTransformer) Transforming net.minecraft.client.renderer.rendertype.RenderType FIELD outline PUBLIC LEAVE META-INF/accesstransformer.cfg:92 to access PUBLIC and LEAVE
[16:45:06] [Render thread/DEBUG] (net.neoforged.accesstransformer.AccessTransformer) Transforming net.minecraft.client.renderer.rendertype.RenderType FIELD name PUBLIC LEAVE META-INF/accesstransformer.cfg:93 to access PUBLIC and LEAVE
[16:45:06] [Render thread/DEBUG] (net.neoforged.accesstransformer.AccessTransformer) Transforming net.minecraft.client.renderer.rendertype.RenderType METHOD create(Ljava/lang/String;Lnet/minecraft/client/renderer/rendertype/RenderSetup;)Lnet/minecraft/client/renderer/rendertype/RenderType; PUBLIC LEAVE META-INF/accesstransformer.cfg:95, META-INF/accesstransformer.cfg:41 to access PUBLIC and LEAVE
[16:45:06] [Render thread/DEBUG] (net.neoforged.accesstransformer.AccessTransformer) Transforming net.minecraft.client.renderer.texture.atlas.sources.Unstitcher INNERCLASS Region PUBLIC LEAVE META-INF/accesstransformer.cfg:76 to access PUBLIC and LEAVE
[16:45:06] [Render thread/DEBUG] (net.neoforged.accesstransformer.AccessTransformer) Transforming net.minecraft.client.renderer.texture.atlas.sources.Unstitcher INNERCLASS RegionInstance PUBLIC LEAVE META-INF/accesstransformer.cfg:78 to access PUBLIC and LEAVE
[16:45:06] [Render thread/DEBUG] (net.neoforged.accesstransformer.AccessTransformer) Transforming net.minecraft.client.renderer.texture.atlas.sources.Unstitcher$Region CLASS PUBLIC LEAVE META-INF/accesstransformer.cfg:76 to access PUBLIC and LEAVE
[16:45:06] [Render thread/DEBUG] (net.neoforged.accesstransformer.AccessTransformer) Transforming net.minecraft.client.renderer.texture.atlas.sources.Unstitcher$Region METHOD <init>(Lnet/minecraft/resources/Identifier;DDDD)V PUBLIC LEAVE META-INF/accesstransformer.cfg:77 to access PUBLIC and LEAVE
[16:45:06] [Render thread/DEBUG] (net.neoforged.accesstransformer.AccessTransformer) Transforming net.minecraft.client.renderer.texture.atlas.sources.PalettedPermutations INNERCLASS PalettedSpriteSupplier PUBLIC LEAVE META-INF/accesstransformer.cfg:74 to access PUBLIC and LEAVE
[16:45:06] [Render thread/DEBUG] (net.neoforged.accesstransformer.AccessTransformer) Transforming net.minecraft.client.renderer.texture.atlas.sources.PalettedPermutations METHOD <init>(Ljava/util/List;Lnet/minecraft/resources/Identifier;Ljava/util/Map;)V PUBLIC LEAVE META-INF/accesstransformer.cfg:73 to access PUBLIC and LEAVE
[16:45:06] [Render thread/DEBUG] (net.neoforged.accesstransformer.AccessTransformer) Transforming net.minecraft.server.packs.OverlayMetadataSection$OverlayEntry INNERCLASS IntermediateEntry PUBLIC LEAVE META-INF/accesstransformer.cfg:146 to access PUBLIC and LEAVE
[16:45:06] [Render thread/DEBUG] (net.neoforged.accesstransformer.AccessTransformer) Transforming net.minecraft.server.packs.OverlayMetadataSection$OverlayEntry$IntermediateEntry CLASS PUBLIC LEAVE META-INF/accesstransformer.cfg:146 to access PUBLIC and LEAVE
[16:45:06] [Render thread/DEBUG] (net.neoforged.accesstransformer.AccessTransformer) Transforming net.minecraft.server.packs.OverlayMetadataSection$OverlayEntry$IntermediateEntry FIELD CODEC PUBLIC LEAVE META-INF/accesstransformer.cfg:148 to access PUBLIC and LEAVE
[16:45:06] [Render thread/DEBUG] (net.neoforged.accesstransformer.AccessTransformer) Transforming net.minecraft.server.packs.OverlayMetadataSection$OverlayEntry$IntermediateEntry METHOD <init>(Lnet/minecraft/server/packs/metadata/pack/PackFormat$IntermediaryFormat;Ljava/lang/String;)V PUBLIC LEAVE META-INF/accesstransformer.cfg:147 to access PUBLIC and LEAVE
[16:45:06] [Render thread/DEBUG] (net.neoforged.accesstransformer.AccessTransformer) Transforming net.minecraft.server.packs.FilePackResources$SharedZipFileAccess CLASS PUBLIC LEAVE META-INF/accesstransformer.cfg:144 to access PUBLIC and LEAVE
[16:45:06] [Render thread/DEBUG] (net.neoforged.accesstransformer.AccessTransformer) Transforming net.minecraft.server.packs.FilePackResources$SharedZipFileAccess METHOD <init>(Ljava/io/File;)V PUBLIC LEAVE META-INF/accesstransformer.cfg:145 to access PUBLIC and LEAVE
[16:45:06] [Render thread/DEBUG] (net.neoforged.accesstransformer.AccessTransformer) Transforming net.minecraft.server.packs.FilePackResources INNERCLASS SharedZipFileAccess PUBLIC LEAVE META-INF/accesstransformer.cfg:144 to access PUBLIC and LEAVE
[16:45:06] [Render thread/DEBUG] (net.neoforged.accesstransformer.AccessTransformer) Transforming net.minecraft.server.packs.FilePackResources METHOD <init>(Lnet/minecraft/server/packs/PackLocationInfo;Lnet/minecraft/server/packs/FilePackResources$SharedZipFileAccess;Ljava/lang/String;)V PUBLIC LEAVE META-INF/accesstransformer.cfg:143 to access PUBLIC and LEAVE
[16:45:06] [Render thread/DEBUG] (net.neoforged.accesstransformer.AccessTransformer) Transforming net.minecraft.client.sounds.SoundEngine FIELD soundManager PUBLIC LEAVE META-INF/accesstransformer.cfg:83 to access PUBLIC and LEAVE
[16:45:07] [Render thread/DEBUG] (net.neoforged.accesstransformer.AccessTransformer) Transforming net.minecraft.client.resources.SplashManager FIELD SPLASHES_LOCATION PUBLIC LEAVE META-INF/accesstransformer.cfg:333 to access PUBLIC and LEAVE
[16:45:07] [Render thread/DEBUG] (net.neoforged.accesstransformer.AccessTransformer) Transforming net.minecraft.client.resources.SplashManager METHOD literalSplash(Ljava/lang/String;)Lnet/minecraft/network/chat/Component; PUBLIC LEAVE META-INF/accesstransformer.cfg:338 to access PUBLIC and LEAVE
[16:45:07] [Render thread/DEBUG] (net.neoforged.accesstransformer.AccessTransformer) Transforming net.minecraft.client.renderer.blockentity.SkullBlockRenderer FIELD SKIN_BY_TYPE PUBLIC LEAVE META-INF/accesstransformer.cfg:67 to access PUBLIC and LEAVE
[16:45:07] [Render thread/DEBUG] (net.neoforged.accesstransformer.AccessTransformer) Transforming net.minecraft.client.renderer.block.ModelBlockRenderer INNERCLASS Cache PUBLIC LEAVE META-INF/accesstransformer.cfg:48 to access PUBLIC and LEAVE
[16:45:07] [Render thread/DEBUG] (net.neoforged.accesstransformer.AccessTransformer) Transforming net.minecraft.client.renderer.block.ModelBlockRenderer INNERCLASS SizeInfo PUBLIC LEAVE META-INF/accesstransformer.cfg:50 to access PUBLIC and LEAVE
[16:45:07] [Render thread/DEBUG] (net.neoforged.accesstransformer.AccessTransformer) Transforming net.minecraft.client.renderer.block.ModelBlockRenderer INNERCLASS CommonRenderStorage PUBLIC LEAVE META-INF/accesstransformer.cfg:49 to access PUBLIC and LEAVE
[16:45:07] [Render thread/DEBUG] (net.neoforged.accesstransformer.AccessTransformer) Transforming net.minecraft.client.renderer.block.ModelBlockRenderer INNERCLASS AmbientOcclusionRenderStorage PUBLIC LEAVE META-INF/accesstransformer.cfg:45 to access PUBLIC and LEAVE
[16:45:07] [Render thread/DEBUG] (net.neoforged.accesstransformer.AccessTransformer) Transforming net.minecraft.client.renderer.block.ModelBlockRenderer INNERCLASS AdjacencyInfo PUBLIC LEAVE META-INF/accesstransformer.cfg:43 to access PUBLIC and LEAVE
[16:45:07] [Render thread/DEBUG] (net.neoforged.accesstransformer.AccessTransformer) Transforming net.minecraft.client.renderer.block.ModelBlockRenderer FIELD CACHE PROTECTED LEAVE META-INF/accesstransformer.cfg:42 to access PROTECTED and LEAVE
[16:45:07] [Render thread/DEBUG] (net.neoforged.accesstransformer.AccessTransformer) Transforming net.minecraft.client.renderer.block.ModelBlockRenderer$CommonRenderStorage CLASS PUBLIC LEAVE META-INF/accesstransformer.cfg:49 to access PUBLIC and LEAVE
[16:45:07] [Render thread/DEBUG] (net.neoforged.accesstransformer.AccessTransformer) Transforming net.minecraft.client.renderer.block.ModelBlockRenderer$AmbientOcclusionRenderStorage CLASS PUBLIC LEAVE META-INF/accesstransformer.cfg:45 to access PUBLIC and LEAVE
[16:45:07] [Render thread/DEBUG] (net.neoforged.accesstransformer.AccessTransformer) Transforming net.minecraft.client.renderer.block.ModelBlockRenderer$AmbientOcclusionRenderStorage FIELD faceShape PROTECTED LEAVE META-INF/accesstransformer.cfg:46 to access PROTECTED and LEAVE
[16:45:07] [Render thread/DEBUG] (net.neoforged.accesstransformer.AccessTransformer) Transforming net.minecraft.client.renderer.block.ModelBlockRenderer$AmbientOcclusionRenderStorage METHOD blend(IIIIFFFF)I PROTECTED LEAVE META-INF/accesstransformer.cfg:47 to access PROTECTED and LEAVE
[16:45:07] [Render thread/DEBUG] (net.neoforged.accesstransformer.AccessTransformer) Transforming net.minecraft.client.renderer.block.ModelBlockRenderer$Cache CLASS PUBLIC LEAVE META-INF/accesstransformer.cfg:48 to access PUBLIC and LEAVE
[16:45:07] [Render thread/DEBUG] (net.neoforged.accesstransformer.AccessTransformer) Transforming net.minecraft.client.renderer.entity.LivingEntityRenderer METHOD addLayer(Lnet/minecraft/client/renderer/entity/layers/RenderLayer;)Z PUBLIC LEAVE META-INF/accesstransformer.cfg:69 to access PUBLIC and LEAVE
[16:45:07] [Render thread/DEBUG] (net.neoforged.accesstransformer.AccessTransformer) Transforming net.minecraft.client.particle.ParticleResources INNERCLASS SpriteParticleRegistration PUBLIC LEAVE META-INF/accesstransformer.cfg:35 to access PUBLIC and LEAVE
[16:45:07] [Render thread/DEBUG] (net.neoforged.accesstransformer.AccessTransformer) Transforming net.minecraft.client.particle.ParticleResources INNERCLASS MutableSpriteSet PUBLIC LEAVE META-INF/accesstransformer.cfg:9 to access PUBLIC and LEAVE
[16:45:07] [Render thread/DEBUG] (net.neoforged.accesstransformer.AccessTransformer) Transforming net.minecraft.client.particle.ParticleResources METHOD register(Lnet/minecraft/core/particles/ParticleType;Lnet/minecraft/client/particle/ParticleProvider;)V PUBLIC LEAVE META-INF/accesstransformer.cfg:36 to access PUBLIC and LEAVE
[16:45:07] [Render thread/DEBUG] (net.neoforged.accesstransformer.AccessTransformer) Transforming net.minecraft.client.particle.ParticleResources METHOD register(Lnet/minecraft/core/particles/ParticleType;Lnet/minecraft/client/particle/ParticleResources$SpriteParticleRegistration;)V PUBLIC LEAVE META-INF/accesstransformer.cfg:37 to access PUBLIC and LEAVE
[16:45:07] [Render thread/DEBUG] (net.neoforged.accesstransformer.AccessTransformer) Transforming net.minecraft.client.particle.ParticleResources$SpriteParticleRegistration CLASS PUBLIC LEAVE META-INF/accesstransformer.cfg:35 to access PUBLIC and LEAVE
[16:45:07] [Render thread/DEBUG] (net.neoforged.accesstransformer.AccessTransformer) Transforming net.minecraft.client.particle.Particle METHOD <init>(Lnet/minecraft/client/multiplayer/ClientLevel;DDD)V PUBLIC LEAVE META-INF/accesstransformergenerated.cfg:203 to access PUBLIC and LEAVE
[16:45:07] [Render thread/DEBUG] (net.neoforged.accesstransformer.AccessTransformer) Transforming net.minecraft.client.particle.HeartParticle METHOD <init>(Lnet/minecraft/client/multiplayer/ClientLevel;DDDLnet/minecraft/client/renderer/texture/TextureAtlasSprite;)V PUBLIC LEAVE META-INF/accesstransformergenerated.cfg:195 to access PUBLIC and LEAVE
[16:45:07] [Render thread/DEBUG] (net.neoforged.accesstransformer.AccessTransformer) Transforming net.minecraft.client.particle.SingleQuadParticle METHOD <init>(Lnet/minecraft/client/multiplayer/ClientLevel;DDDLnet/minecraft/client/renderer/texture/TextureAtlasSprite;)V PUBLIC LEAVE META-INF/accesstransformergenerated.cfg:213 to access PUBLIC and LEAVE
[16:45:07] [Render thread/DEBUG] (net.neoforged.accesstransformer.AccessTransformer) Transforming net.minecraft.client.particle.SingleQuadParticle METHOD <init>(Lnet/minecraft/client/multiplayer/ClientLevel;DDDDDDLnet/minecraft/client/renderer/texture/TextureAtlasSprite;)V PUBLIC LEAVE META-INF/accesstransformergenerated.cfg:212 to access PUBLIC and LEAVE
[16:45:07] [Render thread/DEBUG] (net.neoforged.accesstransformer.AccessTransformer) Transforming net.minecraft.client.particle.ParticleResources$MutableSpriteSet CLASS PUBLIC LEAVE META-INF/accesstransformer.cfg:9 to access PUBLIC and LEAVE
[16:45:07] [Render thread/DEBUG] (net.neoforged.accesstransformer.AccessTransformer) Transforming net.minecraft.client.particle.ParticleResources$MutableSpriteSet FIELD sprites PUBLIC LEAVE META-INF/accesstransformer.cfg:10 to access PUBLIC and LEAVE
[16:45:07] [Render thread/DEBUG] (net.neoforged.accesstransformer.AccessTransformer) Transforming net.minecraft.client.particle.BlockMarker METHOD <init>(Lnet/minecraft/client/multiplayer/ClientLevel;DDDLnet/minecraft/world/level/block/state/BlockState;)V PUBLIC LEAVE META-INF/accesstransformergenerated.cfg:159 to access PUBLIC and LEAVE
[16:45:07] [Render thread/DEBUG] (net.neoforged.accesstransformer.AccessTransformer) Transforming net.minecraft.client.particle.BubbleParticle METHOD <init>(Lnet/minecraft/client/multiplayer/ClientLevel;DDDDDDLnet/minecraft/client/renderer/texture/TextureAtlasSprite;)V PUBLIC LEAVE META-INF/accesstransformergenerated.cfg:163 to access PUBLIC and LEAVE
[16:45:07] [Render thread/DEBUG] (net.neoforged.accesstransformer.AccessTransformer) Transforming net.minecraft.client.particle.BubbleColumnUpParticle METHOD <init>(Lnet/minecraft/client/multiplayer/ClientLevel;DDDDDDLnet/minecraft/client/renderer/texture/TextureAtlasSprite;)V PUBLIC LEAVE META-INF/accesstransformergenerated.cfg:162 to access PUBLIC and LEAVE
[16:45:07] [Render thread/DEBUG] (net.neoforged.accesstransformer.AccessTransformer) Transforming net.minecraft.client.particle.BubblePopParticle METHOD <init>(Lnet/minecraft/client/multiplayer/ClientLevel;DDDDDDLnet/minecraft/client/particle/SpriteSet;)V PUBLIC LEAVE META-INF/accesstransformergenerated.cfg:164 to access PUBLIC and LEAVE
[16:45:07] [Render thread/DEBUG] (net.neoforged.accesstransformer.AccessTransformer) Transforming net.minecraft.client.particle.CampfireSmokeParticle METHOD <init>(Lnet/minecraft/client/multiplayer/ClientLevel;DDDDDDZLnet/minecraft/client/renderer/texture/TextureAtlasSprite;)V PUBLIC LEAVE META-INF/accesstransformergenerated.cfg:165 to access PUBLIC and LEAVE
[16:45:07] [Render thread/DEBUG] (net.neoforged.accesstransformer.AccessTransformer) Transforming net.minecraft.client.particle.PlayerCloudParticle METHOD <init>(Lnet/minecraft/client/multiplayer/ClientLevel;DDDDDDLnet/minecraft/client/particle/SpriteSet;)V PUBLIC LEAVE META-INF/accesstransformergenerated.cfg:204 to access PUBLIC and LEAVE
[16:45:07] [Render thread/DEBUG] (net.neoforged.accesstransformer.AccessTransformer) Transforming net.minecraft.client.particle.SuspendedTownParticle METHOD <init>(Lnet/minecraft/client/multiplayer/ClientLevel;DDDDDDLnet/minecraft/client/renderer/texture/TextureAtlasSprite;)V PUBLIC LEAVE META-INF/accesstransformergenerated.cfg:224 to access PUBLIC and LEAVE
[16:45:07] [Render thread/DEBUG] (net.neoforged.accesstransformer.AccessTransformer) Transforming net.minecraft.client.particle.FlameParticle METHOD <init>(Lnet/minecraft/client/multiplayer/ClientLevel;DDDDDDLnet/minecraft/client/renderer/texture/TextureAtlasSprite;)V PUBLIC LEAVE META-INF/accesstransformergenerated.cfg:188 to access PUBLIC and LEAVE
[16:45:07] [Render thread/DEBUG] (net.neoforged.accesstransformer.AccessTransformer) Transforming net.minecraft.client.particle.RisingParticle METHOD <init>(Lnet/minecraft/client/multiplayer/ClientLevel;DDDDDDLnet/minecraft/client/renderer/texture/TextureAtlasSprite;)V PUBLIC LEAVE META-INF/accesstransformergenerated.cfg:207 to access PUBLIC and LEAVE
[16:45:07] [Render thread/DEBUG] (net.neoforged.accesstransformer.AccessTransformer) Transforming net.minecraft.client.particle.CritParticle METHOD <init>(Lnet/minecraft/client/multiplayer/ClientLevel;DDDDDDLnet/minecraft/client/renderer/texture/TextureAtlasSprite;)V PUBLIC LEAVE META-INF/accesstransformergenerated.cfg:166 to access PUBLIC and LEAVE
[16:45:07] [Render thread/DEBUG] (net.neoforged.accesstransformer.AccessTransformer) Transforming net.minecraft.client.particle.WaterCurrentDownParticle METHOD <init>(Lnet/minecraft/client/multiplayer/ClientLevel;DDDLnet/minecraft/client/renderer/texture/TextureAtlasSprite;)V PUBLIC LEAVE META-INF/accesstransformergenerated.cfg:231 to access PUBLIC and LEAVE
[16:45:07] [Render thread/DEBUG] (net.neoforged.accesstransformer.AccessTransformer) Transforming net.minecraft.client.particle.DragonBreathParticle METHOD <init>(Lnet/minecraft/client/multiplayer/ClientLevel;DDDDDDLnet/minecraft/client/particle/SpriteSet;)V PUBLIC LEAVE META-INF/accesstransformergenerated.cfg:167 to access PUBLIC and LEAVE
[16:45:07] [Render thread/DEBUG] (net.neoforged.accesstransformer.AccessTransformer) Transforming net.minecraft.client.particle.DripParticle$CoolingDripHangParticle METHOD <init>(Lnet/minecraft/client/multiplayer/ClientLevel;DDDLnet/minecraft/world/level/material/Fluid;Lnet/minecraft/core/particles/ParticleOptions;Lnet/minecraft/client/renderer/texture/TextureAtlasSprite;)V PUBLIC LEAVE META-INF/accesstransformergenerated.cfg:169 to access PUBLIC and LEAVE
[16:45:07] [Render thread/DEBUG] (net.neoforged.accesstransformer.AccessTransformer) Transforming net.minecraft.client.particle.DripParticle$DripHangParticle METHOD <init>(Lnet/minecraft/client/multiplayer/ClientLevel;DDDLnet/minecraft/world/level/material/Fluid;Lnet/minecraft/core/particles/ParticleOptions;Lnet/minecraft/client/renderer/texture/TextureAtlasSprite;)V PUBLIC LEAVE META-INF/accesstransformergenerated.cfg:170 to access PUBLIC and LEAVE
[16:45:07] [Render thread/DEBUG] (net.neoforged.accesstransformer.AccessTransformer) Transforming net.minecraft.client.particle.DripParticle METHOD <init>(Lnet/minecraft/client/multiplayer/ClientLevel;DDDLnet/minecraft/world/level/material/Fluid;Lnet/minecraft/client/renderer/texture/TextureAtlasSprite;)V PUBLIC LEAVE META-INF/accesstransformergenerated.cfg:168 to access PUBLIC and LEAVE
[16:45:07] [Render thread/DEBUG] (net.neoforged.accesstransformer.AccessTransformer) Transforming net.minecraft.client.particle.DripParticle$FallAndLandParticle METHOD <init>(Lnet/minecraft/client/multiplayer/ClientLevel;DDDLnet/minecraft/world/level/material/Fluid;Lnet/minecraft/core/particles/ParticleOptions;Lnet/minecraft/client/renderer/texture/TextureAtlasSprite;)V PUBLIC LEAVE META-INF/accesstransformergenerated.cfg:173 to access PUBLIC and LEAVE
[16:45:07] [Render thread/DEBUG] (net.neoforged.accesstransformer.AccessTransformer) Transforming net.minecraft.client.particle.DripParticle$FallingParticle METHOD <init>(Lnet/minecraft/client/multiplayer/ClientLevel;DDDLnet/minecraft/world/level/material/Fluid;Lnet/minecraft/client/renderer/texture/TextureAtlasSprite;)V PUBLIC LEAVE META-INF/accesstransformergenerated.cfg:174 to access PUBLIC and LEAVE
[16:45:07] [Render thread/DEBUG] (net.neoforged.accesstransformer.AccessTransformer) Transforming net.minecraft.client.particle.DripParticle$DripLandParticle METHOD <init>(Lnet/minecraft/client/multiplayer/ClientLevel;DDDLnet/minecraft/world/level/material/Fluid;Lnet/minecraft/client/renderer/texture/TextureAtlasSprite;)V PUBLIC LEAVE META-INF/accesstransformergenerated.cfg:171 to access PUBLIC and LEAVE
[16:45:07] [Render thread/DEBUG] (net.neoforged.accesstransformer.AccessTransformer) Transforming net.minecraft.client.particle.DustParticle METHOD <init>(Lnet/minecraft/client/multiplayer/ClientLevel;DDDDDDLnet/minecraft/core/particles/DustParticleOptions;Lnet/minecraft/client/particle/SpriteSet;)V PUBLIC LEAVE META-INF/accesstransformergenerated.cfg:177 to access PUBLIC and LEAVE
[16:45:07] [Render thread/DEBUG] (net.neoforged.accesstransformer.AccessTransformer) Transforming net.minecraft.client.particle.DustParticleBase METHOD <init>(Lnet/minecraft/client/multiplayer/ClientLevel;DDDDDDLnet/minecraft/core/particles/ScalableParticleOptionsBase;Lnet/minecraft/client/particle/SpriteSet;)V PUBLIC LEAVE META-INF/accesstransformergenerated.cfg:178 to access PUBLIC and LEAVE
[16:45:07] [Render thread/DEBUG] (net.neoforged.accesstransformer.AccessTransformer) Transforming net.minecraft.client.particle.DustColorTransitionParticle METHOD <init>(Lnet/minecraft/client/multiplayer/ClientLevel;DDDDDDLnet/minecraft/core/particles/DustColorTransitionOptions;Lnet/minecraft/client/particle/SpriteSet;)V PUBLIC LEAVE META-INF/accesstransformergenerated.cfg:176 to access PUBLIC and LEAVE
[16:45:07] [Render thread/DEBUG] (net.neoforged.accesstransformer.AccessTransformer) Transforming net.minecraft.client.particle.SpellParticle METHOD <init>(Lnet/minecraft/client/multiplayer/ClientLevel;DDDDDDLnet/minecraft/client/particle/SpriteSet;)V PUBLIC LEAVE META-INF/accesstransformergenerated.cfg:218 to access PUBLIC and LEAVE
[16:45:07] [Render thread/DEBUG] (net.neoforged.accesstransformer.AccessTransformer) Transforming net.minecraft.client.particle.ElderGuardianParticle METHOD <init>(Lnet/minecraft/client/multiplayer/ClientLevel;DDD)V PUBLIC LEAVE META-INF/accesstransformergenerated.cfg:180 to access PUBLIC and LEAVE
[16:45:07] [Render thread/DEBUG] (net.neoforged.accesstransformer.AccessTransformer) Transforming net.minecraft.client.particle.FlyTowardsPositionParticle METHOD <init>(Lnet/minecraft/client/multiplayer/ClientLevel;DDDDDDLnet/minecraft/client/renderer/texture/TextureAtlasSprite;)V PUBLIC LEAVE META-INF/accesstransformergenerated.cfg:190 to access PUBLIC and LEAVE
[16:45:07] [Render thread/DEBUG] (net.neoforged.accesstransformer.AccessTransformer) Transforming net.minecraft.client.particle.FlyTowardsPositionParticle METHOD <init>(Lnet/minecraft/client/multiplayer/ClientLevel;DDDDDDZLnet/minecraft/client/particle/Particle$LifetimeAlpha;Lnet/minecraft/client/renderer/texture/TextureAtlasSprite;)V PUBLIC LEAVE META-INF/accesstransformergenerated.cfg:191 to access PUBLIC and LEAVE
[16:45:07] [Render thread/DEBUG] (net.neoforged.accesstransformer.AccessTransformer) Transforming net.minecraft.client.particle.EndRodParticle METHOD <init>(Lnet/minecraft/client/multiplayer/ClientLevel;DDDDDDLnet/minecraft/client/particle/SpriteSet;)V PUBLIC LEAVE META-INF/accesstransformergenerated.cfg:181 to access PUBLIC and LEAVE
[16:45:07] [Render thread/DEBUG] (net.neoforged.accesstransformer.AccessTransformer) Transforming net.minecraft.client.particle.SimpleAnimatedParticle METHOD <init>(Lnet/minecraft/client/multiplayer/ClientLevel;DDDLnet/minecraft/client/particle/SpriteSet;F)V PUBLIC LEAVE META-INF/accesstransformergenerated.cfg:211 to access PUBLIC and LEAVE
[16:45:07] [Render thread/DEBUG] (net.neoforged.accesstransformer.AccessTransformer) Transforming net.minecraft.client.particle.HugeExplosionSeedParticle METHOD <init>(Lnet/minecraft/client/multiplayer/ClientLevel;DDD)V PUBLIC LEAVE META-INF/accesstransformergenerated.cfg:197 to access PUBLIC and LEAVE
[16:45:07] [Render thread/DEBUG] (net.neoforged.accesstransformer.AccessTransformer) Transforming net.minecraft.client.particle.NoRenderParticle METHOD <init>(Lnet/minecraft/client/multiplayer/ClientLevel;DDD)V PUBLIC LEAVE META-INF/accesstransformergenerated.cfg:200 to access PUBLIC and LEAVE
[16:45:07] [Render thread/DEBUG] (net.neoforged.accesstransformer.AccessTransformer) Transforming net.minecraft.client.particle.NoRenderParticle METHOD <init>(Lnet/minecraft/client/multiplayer/ClientLevel;DDDDDD)V PUBLIC LEAVE META-INF/accesstransformergenerated.cfg:201 to access PUBLIC and LEAVE
[16:45:07] [Render thread/DEBUG] (net.neoforged.accesstransformer.AccessTransformer) Transforming net.minecraft.client.particle.HugeExplosionParticle METHOD <init>(Lnet/minecraft/client/multiplayer/ClientLevel;DDDDLnet/minecraft/client/particle/SpriteSet;)V PUBLIC LEAVE META-INF/accesstransformergenerated.cfg:196 to access PUBLIC and LEAVE
[16:45:07] [Render thread/DEBUG] (net.neoforged.accesstransformer.AccessTransformer) Transforming net.minecraft.client.particle.SonicBoomParticle METHOD <init>(Lnet/minecraft/client/multiplayer/ClientLevel;DDDDLnet/minecraft/client/particle/SpriteSet;)V PUBLIC LEAVE META-INF/accesstransformergenerated.cfg:216 to access PUBLIC and LEAVE
[16:45:07] [Render thread/DEBUG] (net.neoforged.accesstransformer.AccessTransformer) Transforming net.minecraft.client.particle.FallingDustParticle METHOD <init>(Lnet/minecraft/client/multiplayer/ClientLevel;DDDFFFLnet/minecraft/client/particle/SpriteSet;)V PUBLIC LEAVE META-INF/accesstransformergenerated.cfg:183 to access PUBLIC and LEAVE
[16:45:07] [Render thread/DEBUG] (net.neoforged.accesstransformer.AccessTransformer) Transforming net.minecraft.client.particle.GustParticle METHOD <init>(Lnet/minecraft/client/multiplayer/ClientLevel;DDDLnet/minecraft/client/particle/SpriteSet;)V PUBLIC LEAVE META-INF/accesstransformergenerated.cfg:193 to access PUBLIC and LEAVE
[16:45:07] [Render thread/DEBUG] (net.neoforged.accesstransformer.AccessTransformer) Transforming net.minecraft.client.particle.GustSeedParticle METHOD <init>(Lnet/minecraft/client/multiplayer/ClientLevel;DDDDII)V PUBLIC LEAVE META-INF/accesstransformergenerated.cfg:194 to access PUBLIC and LEAVE
[16:45:07] [Render thread/DEBUG] (net.neoforged.accesstransformer.AccessTransformer) Transforming net.minecraft.client.particle.FireworkParticles$SparkParticle METHOD <init>(Lnet/minecraft/client/multiplayer/ClientLevel;DDDDDDLnet/minecraft/client/particle/ParticleEngine;Lnet/minecraft/client/particle/SpriteSet;)V PUBLIC LEAVE META-INF/accesstransformergenerated.cfg:187 to access PUBLIC and LEAVE
[16:45:07] [Render thread/DEBUG] (net.neoforged.accesstransformer.AccessTransformer) Transforming net.minecraft.client.particle.WakeParticle METHOD <init>(Lnet/minecraft/client/multiplayer/ClientLevel;DDDDDDLnet/minecraft/client/particle/SpriteSet;)V PUBLIC LEAVE META-INF/accesstransformergenerated.cfg:230 to access PUBLIC and LEAVE
[16:45:07] [Render thread/DEBUG] (net.neoforged.accesstransformer.AccessTransformer) Transforming net.minecraft.client.particle.SoulParticle METHOD <init>(Lnet/minecraft/client/multiplayer/ClientLevel;DDDDDDLnet/minecraft/client/particle/SpriteSet;)V PUBLIC LEAVE META-INF/accesstransformergenerated.cfg:217 to access PUBLIC and LEAVE
[16:45:07] [Render thread/DEBUG] (net.neoforged.accesstransformer.AccessTransformer) Transforming net.minecraft.client.particle.SculkChargeParticle METHOD <init>(Lnet/minecraft/client/multiplayer/ClientLevel;DDDDDDLnet/minecraft/client/particle/SpriteSet;)V PUBLIC LEAVE META-INF/accesstransformergenerated.cfg:208 to access PUBLIC and LEAVE
[16:45:07] [Render thread/DEBUG] (net.neoforged.accesstransformer.AccessTransformer) Transforming net.minecraft.client.particle.SculkChargePopParticle METHOD <init>(Lnet/minecraft/client/multiplayer/ClientLevel;DDDDDDLnet/minecraft/client/particle/SpriteSet;)V PUBLIC LEAVE META-INF/accesstransformergenerated.cfg:209 to access PUBLIC and LEAVE
[16:45:07] [Render thread/DEBUG] (net.neoforged.accesstransformer.AccessTransformer) Transforming net.minecraft.client.particle.FireworkParticles$OverlayParticle METHOD <init>(Lnet/minecraft/client/multiplayer/ClientLevel;DDDLnet/minecraft/client/renderer/texture/TextureAtlasSprite;)V PUBLIC LEAVE META-INF/accesstransformergenerated.cfg:186 to access PUBLIC and LEAVE
[16:45:07] [Render thread/DEBUG] (net.neoforged.accesstransformer.AccessTransformer) Transforming net.minecraft.client.particle.BreakingItemParticle METHOD <init>(Lnet/minecraft/client/multiplayer/ClientLevel;DDDDDDLnet/minecraft/client/renderer/texture/TextureAtlasSprite;)V PUBLIC LEAVE META-INF/accesstransformergenerated.cfg:160 to access PUBLIC and LEAVE
[16:45:07] [Render thread/DEBUG] (net.neoforged.accesstransformer.AccessTransformer) Transforming net.minecraft.client.particle.BreakingItemParticle METHOD <init>(Lnet/minecraft/client/multiplayer/ClientLevel;DDDLnet/minecraft/client/renderer/texture/TextureAtlasSprite;)V PUBLIC LEAVE META-INF/accesstransformergenerated.cfg:161 to access PUBLIC and LEAVE
[16:45:07] [Render thread/DEBUG] (net.neoforged.accesstransformer.AccessTransformer) Transforming net.minecraft.client.renderer.block.model.ItemTransform INNERCLASS Deserializer PUBLIC LEAVE META-INF/accesstransformer.cfg:59 to access PUBLIC and LEAVE
[16:45:07] [Render thread/DEBUG] (net.neoforged.accesstransformer.AccessTransformer) Transforming net.minecraft.client.particle.LargeSmokeParticle METHOD <init>(Lnet/minecraft/client/multiplayer/ClientLevel;DDDDDDLnet/minecraft/client/particle/SpriteSet;)V PUBLIC LEAVE META-INF/accesstransformergenerated.cfg:198 to access PUBLIC and LEAVE
[16:45:07] [Render thread/DEBUG] (net.neoforged.accesstransformer.AccessTransformer) Transforming net.minecraft.client.particle.SmokeParticle METHOD <init>(Lnet/minecraft/client/multiplayer/ClientLevel;DDDDDDFLnet/minecraft/client/particle/SpriteSet;)V PUBLIC LEAVE META-INF/accesstransformergenerated.cfg:214 to access PUBLIC and LEAVE
[16:45:07] [Render thread/DEBUG] (net.neoforged.accesstransformer.AccessTransformer) Transforming net.minecraft.client.particle.BaseAshSmokeParticle METHOD <init>(Lnet/minecraft/client/multiplayer/ClientLevel;DDDFFFDDDFLnet/minecraft/client/particle/SpriteSet;FIFZ)V PUBLIC LEAVE META-INF/accesstransformergenerated.cfg:158 to access PUBLIC and LEAVE
[16:45:07] [Render thread/DEBUG] (net.neoforged.accesstransformer.AccessTransformer) Transforming net.minecraft.client.particle.LavaParticle METHOD <init>(Lnet/minecraft/client/multiplayer/ClientLevel;DDDLnet/minecraft/client/renderer/texture/TextureAtlasSprite;)V PUBLIC LEAVE META-INF/accesstransformergenerated.cfg:199 to access PUBLIC and LEAVE
[16:45:07] [Render thread/DEBUG] (net.neoforged.accesstransformer.AccessTransformer) Transforming net.minecraft.client.particle.NoteParticle METHOD <init>(Lnet/minecraft/client/multiplayer/ClientLevel;DDDDLnet/minecraft/client/renderer/texture/TextureAtlasSprite;)V PUBLIC LEAVE META-INF/accesstransformergenerated.cfg:202 to access PUBLIC and LEAVE
[16:45:07] [Render thread/DEBUG] (net.neoforged.accesstransformer.AccessTransformer) Transforming net.minecraft.client.particle.ExplodeParticle METHOD <init>(Lnet/minecraft/client/multiplayer/ClientLevel;DDDDDDLnet/minecraft/client/particle/SpriteSet;)V PUBLIC LEAVE META-INF/accesstransformergenerated.cfg:182 to access PUBLIC and LEAVE
[16:45:07] [Render thread/DEBUG] (net.neoforged.accesstransformer.AccessTransformer) Transforming net.minecraft.client.particle.PortalParticle METHOD <init>(Lnet/minecraft/client/multiplayer/ClientLevel;DDDDDDLnet/minecraft/client/renderer/texture/TextureAtlasSprite;)V PUBLIC LEAVE META-INF/accesstransformergenerated.cfg:205 to access PUBLIC and LEAVE
[16:45:07] [Render thread/DEBUG] (net.neoforged.accesstransformer.AccessTransformer) Transforming net.minecraft.client.particle.WaterDropParticle METHOD <init>(Lnet/minecraft/client/multiplayer/ClientLevel;DDDLnet/minecraft/client/renderer/texture/TextureAtlasSprite;)V PUBLIC LEAVE META-INF/accesstransformergenerated.cfg:232 to access PUBLIC and LEAVE
[16:45:07] [Render thread/DEBUG] (net.neoforged.accesstransformer.AccessTransformer) Transforming net.minecraft.client.particle.WhiteSmokeParticle METHOD <init>(Lnet/minecraft/client/multiplayer/ClientLevel;DDDDDDFLnet/minecraft/client/particle/SpriteSet;)V PUBLIC LEAVE META-INF/accesstransformergenerated.cfg:234 to access PUBLIC and LEAVE
[16:45:07] [Render thread/DEBUG] (net.neoforged.accesstransformer.AccessTransformer) Transforming net.minecraft.client.particle.SnowflakeParticle METHOD <init>(Lnet/minecraft/client/multiplayer/ClientLevel;DDDDDDLnet/minecraft/client/particle/SpriteSet;)V PUBLIC LEAVE META-INF/accesstransformergenerated.cfg:215 to access PUBLIC and LEAVE
[16:45:07] [Render thread/DEBUG] (net.neoforged.accesstransformer.AccessTransformer) Transforming net.minecraft.client.particle.SpitParticle METHOD <init>(Lnet/minecraft/client/multiplayer/ClientLevel;DDDDDDLnet/minecraft/client/particle/SpriteSet;)V PUBLIC LEAVE META-INF/accesstransformergenerated.cfg:219 to access PUBLIC and LEAVE
[16:45:07] [Render thread/DEBUG] (net.neoforged.accesstransformer.AccessTransformer) Transforming net.minecraft.client.particle.AttackSweepParticle METHOD <init>(Lnet/minecraft/client/multiplayer/ClientLevel;DDDDLnet/minecraft/client/particle/SpriteSet;)V PUBLIC LEAVE META-INF/accesstransformergenerated.cfg:157 to access PUBLIC and LEAVE
[16:45:07] [Render thread/DEBUG] (net.neoforged.accesstransformer.AccessTransformer) Transforming net.minecraft.client.particle.TotemParticle METHOD <init>(Lnet/minecraft/client/multiplayer/ClientLevel;DDDDDDLnet/minecraft/client/particle/SpriteSet;)V PUBLIC LEAVE META-INF/accesstransformergenerated.cfg:225 to access PUBLIC and LEAVE
[16:45:07] [Render thread/DEBUG] (net.neoforged.accesstransformer.AccessTransformer) Transforming net.minecraft.client.particle.SquidInkParticle METHOD <init>(Lnet/minecraft/client/multiplayer/ClientLevel;DDDDDDILnet/minecraft/client/particle/SpriteSet;)V PUBLIC LEAVE META-INF/accesstransformergenerated.cfg:221 to access PUBLIC and LEAVE
[16:45:07] [Render thread/DEBUG] (net.neoforged.accesstransformer.AccessTransformer) Transforming net.minecraft.client.particle.SuspendedParticle METHOD <init>(Lnet/minecraft/client/multiplayer/ClientLevel;DDDLnet/minecraft/client/renderer/texture/TextureAtlasSprite;)V PUBLIC LEAVE META-INF/accesstransformergenerated.cfg:223 to access PUBLIC and LEAVE
[16:45:07] [Render thread/DEBUG] (net.neoforged.accesstransformer.AccessTransformer) Transforming net.minecraft.client.particle.SuspendedParticle METHOD <init>(Lnet/minecraft/client/multiplayer/ClientLevel;DDDDDDLnet/minecraft/client/renderer/texture/TextureAtlasSprite;)V PUBLIC LEAVE META-INF/accesstransformergenerated.cfg:222 to access PUBLIC and LEAVE
[16:45:07] [Render thread/DEBUG] (net.neoforged.accesstransformer.AccessTransformer) Transforming net.minecraft.client.particle.SplashParticle METHOD <init>(Lnet/minecraft/client/multiplayer/ClientLevel;DDDDDDLnet/minecraft/client/renderer/texture/TextureAtlasSprite;)V PUBLIC LEAVE META-INF/accesstransformergenerated.cfg:220 to access PUBLIC and LEAVE
[16:45:07] [Render thread/DEBUG] (net.neoforged.accesstransformer.AccessTransformer) Transforming net.minecraft.client.particle.DripParticle$HoneyFallAndLandParticle METHOD <init>(Lnet/minecraft/client/multiplayer/ClientLevel;DDDLnet/minecraft/world/level/material/Fluid;Lnet/minecraft/core/particles/ParticleOptions;Lnet/minecraft/client/renderer/texture/TextureAtlasSprite;)V PUBLIC LEAVE META-INF/accesstransformergenerated.cfg:175 to access PUBLIC and LEAVE
[16:45:07] [Render thread/DEBUG] (net.neoforged.accesstransformer.AccessTransformer) Transforming net.minecraft.client.particle.AshParticle METHOD <init>(Lnet/minecraft/client/multiplayer/ClientLevel;DDDDDDFLnet/minecraft/client/particle/SpriteSet;)V PUBLIC LEAVE META-INF/accesstransformergenerated.cfg:156 to access PUBLIC and LEAVE
[16:45:07] [Render thread/DEBUG] (net.neoforged.accesstransformer.AccessTransformer) Transforming net.minecraft.client.particle.ReversePortalParticle METHOD <init>(Lnet/minecraft/client/multiplayer/ClientLevel;DDDDDDLnet/minecraft/client/renderer/texture/TextureAtlasSprite;)V PUBLIC LEAVE META-INF/accesstransformergenerated.cfg:206 to access PUBLIC and LEAVE
[16:45:07] [Render thread/DEBUG] (net.neoforged.accesstransformer.AccessTransformer) Transforming net.minecraft.client.particle.WhiteAshParticle METHOD <init>(Lnet/minecraft/client/multiplayer/ClientLevel;DDDDDDFLnet/minecraft/client/particle/SpriteSet;)V PUBLIC LEAVE META-INF/accesstransformergenerated.cfg:233 to access PUBLIC and LEAVE
[16:45:07] [Render thread/DEBUG] (net.neoforged.accesstransformer.AccessTransformer) Transforming net.minecraft.client.particle.DripParticle$DripstoneFallAndLandParticle METHOD <init>(Lnet/minecraft/client/multiplayer/ClientLevel;DDDLnet/minecraft/world/level/material/Fluid;Lnet/minecraft/core/particles/ParticleOptions;Lnet/minecraft/client/renderer/texture/TextureAtlasSprite;)V PUBLIC LEAVE META-INF/accesstransformergenerated.cfg:172 to access PUBLIC and LEAVE
[16:45:07] [Render thread/DEBUG] (net.neoforged.accesstransformer.AccessTransformer) Transforming net.minecraft.client.particle.FallingLeavesParticle METHOD <init>(Lnet/minecraft/client/multiplayer/ClientLevel;DDDLnet/minecraft/client/renderer/texture/TextureAtlasSprite;FFZZFF)V PUBLIC LEAVE META-INF/accesstransformergenerated.cfg:184 to access PUBLIC and LEAVE
[16:45:07] [Render thread/DEBUG] (net.neoforged.accesstransformer.AccessTransformer) Transforming net.minecraft.client.particle.VibrationSignalParticle METHOD <init>(Lnet/minecraft/client/multiplayer/ClientLevel;DDDLnet/minecraft/world/level/gameevent/PositionSource;ILnet/minecraft/client/renderer/texture/TextureAtlasSprite;)V PUBLIC LEAVE META-INF/accesstransformergenerated.cfg:229 to access PUBLIC and LEAVE
[16:45:07] [Render thread/DEBUG] (net.neoforged.accesstransformer.AccessTransformer) Transforming net.minecraft.client.particle.TrailParticle METHOD <init>(Lnet/minecraft/client/multiplayer/ClientLevel;DDDDDDLnet/minecraft/world/phys/Vec3;ILnet/minecraft/client/renderer/texture/TextureAtlasSprite;)V PUBLIC LEAVE META-INF/accesstransformergenerated.cfg:227 to access PUBLIC and LEAVE
[16:45:07] [Render thread/DEBUG] (net.neoforged.accesstransformer.AccessTransformer) Transforming net.minecraft.client.particle.GlowParticle METHOD <init>(Lnet/minecraft/client/multiplayer/ClientLevel;DDDDDDLnet/minecraft/client/particle/SpriteSet;)V PUBLIC LEAVE META-INF/accesstransformergenerated.cfg:192 to access PUBLIC and LEAVE
[16:45:07] [Render thread/DEBUG] (net.neoforged.accesstransformer.AccessTransformer) Transforming net.minecraft.client.particle.ShriekParticle METHOD <init>(Lnet/minecraft/client/multiplayer/ClientLevel;DDDILnet/minecraft/client/renderer/texture/TextureAtlasSprite;)V PUBLIC LEAVE META-INF/accesstransformergenerated.cfg:210 to access PUBLIC and LEAVE
[16:45:07] [Render thread/DEBUG] (net.neoforged.accesstransformer.AccessTransformer) Transforming net.minecraft.client.particle.DustPlumeParticle METHOD <init>(Lnet/minecraft/client/multiplayer/ClientLevel;DDDDDDFLnet/minecraft/client/particle/SpriteSet;)V PUBLIC LEAVE META-INF/accesstransformergenerated.cfg:179 to access PUBLIC and LEAVE
[16:45:07] [Render thread/DEBUG] (net.neoforged.accesstransformer.AccessTransformer) Transforming net.minecraft.client.particle.TrialSpawnerDetectionParticle METHOD <init>(Lnet/minecraft/client/multiplayer/ClientLevel;DDDDDDFLnet/minecraft/client/particle/SpriteSet;)V PUBLIC LEAVE META-INF/accesstransformergenerated.cfg:228 to access PUBLIC and LEAVE
[16:45:07] [Render thread/DEBUG] (net.neoforged.accesstransformer.AccessTransformer) Transforming net.minecraft.client.particle.FlyStraightTowardsParticle METHOD <init>(Lnet/minecraft/client/multiplayer/ClientLevel;DDDDDDIILnet/minecraft/client/renderer/texture/TextureAtlasSprite;)V PUBLIC LEAVE META-INF/accesstransformergenerated.cfg:189 to access PUBLIC and LEAVE
[16:45:07] [Render thread/DEBUG] (net.neoforged.accesstransformer.AccessTransformer) Transforming net.minecraft.client.particle.FireflyParticle METHOD <init>(Lnet/minecraft/client/multiplayer/ClientLevel;DDDDDDLnet/minecraft/client/renderer/texture/TextureAtlasSprite;)V PUBLIC LEAVE META-INF/accesstransformergenerated.cfg:185 to access PUBLIC and LEAVE
[16:45:07] [Render thread/DEBUG] (net.neoforged.accesstransformer.AccessTransformer) Transforming net.minecraft.client.renderer.GameRenderer METHOD setPostEffect(Lnet/minecraft/resources/Identifier;)V PUBLIC LEAVE META-INF/accesstransformer.cfg:38 to access PUBLIC and LEAVE
[16:45:07] [Render thread/DEBUG] (net.neoforged.accesstransformer.AccessTransformer) Transforming net.minecraft.client.renderer.LevelRenderer FIELD levelRenderState DEFAULT LEAVE META-INF/accesstransformer.cfg:39 to access DEFAULT and LEAVE
[16:45:07] [Render thread/DEBUG] (net.neoforged.accesstransformer.AccessTransformer) Transforming net.minecraft.client.renderer.LevelRenderer METHOD shouldShowEntityOutlines()Z PUBLIC LEAVE META-INF/accesstransformer.cfg:40 to access PUBLIC and LEAVE
[16:45:07] [Render thread/DEBUG] (net.neoforged.accesstransformer.AccessTransformer) Transforming net.minecraft.client.gui.Gui INNERCLASS HeartType PUBLIC LEAVE META-INF/accesstransformer.cfg:9 to access PUBLIC and LEAVE
[16:45:07] [Render thread/DEBUG] (net.neoforged.accesstransformer.AccessTransformer) Transforming net.minecraft.client.gui.Gui FIELD SPYGLASS_SCOPE_LOCATION PUBLIC LEAVE META-INF/accesstransformer.cfg:336 to access PUBLIC and LEAVE
[16:45:07] [Render thread/DEBUG] (net.neoforged.accesstransformer.AccessTransformer) Transforming net.minecraft.client.gui.screens.MenuScreens INNERCLASS ScreenConstructor PUBLIC LEAVE META-INF/accesstransformer.cfg:18 to access PUBLIC and LEAVE
[16:45:07] [Render thread/DEBUG] (net.neoforged.accesstransformer.AccessTransformer) Transforming net.minecraft.client.gui.screens.worldselection.EditGameRulesScreen INNERCLASS EntryFactory PUBLIC LEAVE META-INF/accesstransformer.cfg:346 to access PUBLIC and LEAVE
[16:45:07] [Render thread/DEBUG] (net.neoforged.accesstransformer.AccessTransformer) Transforming net.minecraft.client.gui.screens.worldselection.EditGameRulesScreen FIELD gameRules PUBLIC LEAVE META-INF/accesstransformer.cfg:345 to access PUBLIC and LEAVE
[16:45:07] [Render thread/DEBUG] (net.neoforged.accesstransformer.AccessTransformer) Transforming net.minecraft.client.gui.screens.worldselection.EditGameRulesScreen METHOD markInvalid(Lnet/minecraft/client/gui/screens/worldselection/EditGameRulesScreen$RuleEntry;)V PUBLIC LEAVE META-INF/accesstransformer.cfg:343 to access PUBLIC and LEAVE
[16:45:07] [Render thread/DEBUG] (net.neoforged.accesstransformer.AccessTransformer) Transforming net.minecraft.client.gui.screens.worldselection.EditGameRulesScreen METHOD clearInvalid(Lnet/minecraft/client/gui/screens/worldselection/EditGameRulesScreen$RuleEntry;)V PUBLIC LEAVE META-INF/accesstransformer.cfg:344 to access PUBLIC and LEAVE
[16:45:07] [Render thread/DEBUG] (net.neoforged.accesstransformer.AccessTransformer) Transforming net.minecraft.client.gui.components.AbstractSelectionList$Entry FIELD list PROTECTED LEAVE META-INF/accesstransformer.cfg:12 to access PROTECTED and LEAVE
[16:45:07] [Render thread/DEBUG] (net.neoforged.accesstransformer.AccessTransformer) Transforming net.minecraft.client.gui.components.LogoRenderer FIELD LOGO_TEXTURE_WIDTH PUBLIC LEAVE META-INF/accesstransformer.cfg:288 to access PUBLIC and LEAVE
[16:45:07] [Render thread/DEBUG] (net.neoforged.accesstransformer.AccessTransformer) Transforming net.minecraft.client.gui.components.LogoRenderer FIELD LOGO_TEXTURE_HEIGHT PUBLIC LEAVE META-INF/accesstransformer.cfg:289 to access PUBLIC and LEAVE
[16:45:07] [Render thread/INFO] (net.minecraft.server.packs.resources.ReloadableResourceManager) Reloading ResourceManager: vanilla, mod_resources, mod/generated_8d6810b, mod/architectury, mod/morph, mod/neoforge
[16:45:07] [Render thread/DEBUG] (net.neoforged.accesstransformer.AccessTransformer) Transforming net.minecraft.server.packs.resources.FallbackResourceManager FIELD fallbacks PUBLIC LEAVE META-INF/accesstransformer.cfg:152 to access PUBLIC and LEAVE
[16:45:07] [Render thread/DEBUG] (net.neoforged.accesstransformer.AccessTransformer) Transforming net.minecraft.client.renderer.texture.SpriteContents FIELD byMipLevel PUBLIC LEAVE META-INF/accesstransformer.cfg:71 to access PUBLIC and LEAVE
[16:45:07] [Render thread/DEBUG] (net.neoforged.accesstransformer.AccessTransformer) Transforming net.minecraft.client.renderer.texture.SpriteContents FIELD animatedTexture DEFAULT LEAVE META-INF/accesstransformer.cfg:72 to access DEFAULT and LEAVE
[16:45:07] [resourceLoad/DEBUG] (net.neoforged.accesstransformer.AccessTransformer) Transforming net.minecraft.client.renderer.texture.atlas.sources.PalettedPermutations$PalettedSpriteSupplier CLASS PUBLIC LEAVE META-INF/accesstransformer.cfg:74 to access PUBLIC and LEAVE
[16:45:07] [resourceLoad/DEBUG] (net.neoforged.accesstransformer.AccessTransformer) Transforming net.minecraft.client.renderer.texture.atlas.sources.PalettedPermutations$PalettedSpriteSupplier METHOD <init>(Lnet/minecraft/client/renderer/texture/atlas/sources/LazyLoadedImage;Ljava/util/function/Supplier;Lnet/minecraft/resources/Identifier;)V PUBLIC LEAVE META-INF/accesstransformer.cfg:75 to access PUBLIC and LEAVE
[16:45:07] [Render thread/DEBUG] (net.neoforged.fml.DeferredWorkQueue) Dispatching synchronous work for work queue Common setup: 1 jobs
[16:45:07] [Render thread/DEBUG] (net.neoforged.fml.DeferredWorkQueue) Synchronous work queue completed in 6.072 ms
[16:45:07] [Render thread/DEBUG] (com.mojang.blaze3d.systems.RenderSystem) Growing IndexBuffer: Old limit 0, new limit 12.
[16:45:07] [Render thread/DEBUG] (net.neoforged.fml.DeferredWorkQueue) Dispatching synchronous work for work queue Sided setup: 3 jobs
[16:45:07] [resourceLoad/DEBUG] (net.neoforged.accesstransformer.AccessTransformer) Transforming net.minecraft.client.model.geom.LayerDefinitions FIELD OUTER_ARMOR_DEFORMATION PUBLIC LEAVE META-INF/accesstransformer.cfg:24 to access PUBLIC and LEAVE
[16:45:07] [resourceLoad/DEBUG] (net.neoforged.accesstransformer.AccessTransformer) Transforming net.minecraft.client.model.geom.LayerDefinitions FIELD INNER_ARMOR_DEFORMATION PUBLIC LEAVE META-INF/accesstransformer.cfg:25 to access PUBLIC and LEAVE
[16:45:07] [resourceLoad/INFO] (net.minecraft.client.gui.font.providers.UnihexProvider) Found unifont_all_no_pua-17.0.01.hex, loading
[16:45:07] [resourceLoad/INFO] (net.minecraft.client.gui.font.providers.UnihexProvider) Found unifont_pua-17.0.01.hex, loading
[16:45:07] [resourceLoad/INFO] (net.minecraft.client.gui.font.providers.UnihexProvider) Found unifont_jp_patch-17.0.01.hex, loading
[16:45:07] [resourceLoad/WARN] (net.minecraft.client.renderer.texture.SpriteLoader) Texture morph:block/pipe_basic_transport with size 18x18 limits mip level from 4 to 1
[16:45:07] [resourceLoad/WARN] (net.minecraft.client.renderer.texture.SpriteLoader) minecraft:textures/atlas/blocks.png: dropping miplevel from 4 to 1, because of minimum power of two: 2
[16:45:07] [resourceLoad/DEBUG] (net.neoforged.accesstransformer.AccessTransformer) Transforming net.minecraft.client.renderer.block.model.BlockModel FIELD GSON PUBLIC LEAVE META-INF/accesstransformer.cfg:56 to access PUBLIC and LEAVE
[16:45:07] [resourceLoad/DEBUG] (net.neoforged.accesstransformer.AccessTransformer) Transforming net.minecraft.client.renderer.block.model.BlockElement INNERCLASS Deserializer PUBLIC LEAVE META-INF/accesstransformer.cfg:52 to access PUBLIC and LEAVE
[16:45:07] [resourceLoad/DEBUG] (net.neoforged.accesstransformer.AccessTransformer) Transforming net.minecraft.client.renderer.block.model.BlockElement$Deserializer CLASS PUBLIC LEAVE META-INF/accesstransformer.cfg:52 to access PUBLIC and LEAVE
[16:45:07] [resourceLoad/DEBUG] (net.neoforged.accesstransformer.AccessTransformer) Transforming net.minecraft.client.renderer.block.model.BlockElement$Deserializer METHOD <init>()V PUBLIC LEAVE META-INF/accesstransformer.cfg:53 to access PUBLIC and LEAVE
[16:45:07] [resourceLoad/DEBUG] (net.neoforged.accesstransformer.AccessTransformer) Transforming net.minecraft.client.renderer.block.model.BlockElementFace INNERCLASS Deserializer PUBLIC LEAVE META-INF/accesstransformer.cfg:54 to access PUBLIC and LEAVE
[16:45:07] [resourceLoad/DEBUG] (net.neoforged.accesstransformer.AccessTransformer) Transforming net.minecraft.client.renderer.block.model.BlockElementFace$Deserializer CLASS PUBLIC LEAVE META-INF/accesstransformer.cfg:54 to access PUBLIC and LEAVE
[16:45:07] [resourceLoad/DEBUG] (net.neoforged.accesstransformer.AccessTransformer) Transforming net.minecraft.client.renderer.block.model.BlockElementFace$Deserializer METHOD <init>()V PUBLIC LEAVE META-INF/accesstransformer.cfg:55 to access PUBLIC and LEAVE
[16:45:07] [resourceLoad/DEBUG] (net.neoforged.accesstransformer.AccessTransformer) Transforming net.minecraft.client.renderer.block.model.ItemTransform$Deserializer CLASS PUBLIC LEAVE META-INF/accesstransformer.cfg:59 to access PUBLIC and LEAVE
[16:45:07] [resourceLoad/DEBUG] (net.neoforged.accesstransformer.AccessTransformer) Transforming net.minecraft.client.renderer.block.model.ItemTransform$Deserializer FIELD DEFAULT_ROTATION PUBLIC LEAVE META-INF/accesstransformer.cfg:61 to access PUBLIC and LEAVE
[16:45:07] [resourceLoad/DEBUG] (net.neoforged.accesstransformer.AccessTransformer) Transforming net.minecraft.client.renderer.block.model.ItemTransform$Deserializer FIELD DEFAULT_TRANSLATION PUBLIC LEAVE META-INF/accesstransformer.cfg:62 to access PUBLIC and LEAVE
[16:45:07] [resourceLoad/DEBUG] (net.neoforged.accesstransformer.AccessTransformer) Transforming net.minecraft.client.renderer.block.model.ItemTransform$Deserializer FIELD DEFAULT_SCALE PUBLIC LEAVE META-INF/accesstransformer.cfg:63 to access PUBLIC and LEAVE
[16:45:07] [resourceLoad/DEBUG] (net.neoforged.accesstransformer.AccessTransformer) Transforming net.minecraft.client.renderer.block.model.ItemTransform$Deserializer METHOD <init>()V PUBLIC LEAVE META-INF/accesstransformer.cfg:60 to access PUBLIC and LEAVE
[16:45:07] [resourceLoad/DEBUG] (net.neoforged.accesstransformer.AccessTransformer) Transforming net.minecraft.client.renderer.block.model.ItemTransforms INNERCLASS Deserializer PUBLIC LEAVE META-INF/accesstransformer.cfg:64 to access PUBLIC and LEAVE
[16:45:07] [resourceLoad/DEBUG] (net.neoforged.accesstransformer.AccessTransformer) Transforming net.minecraft.client.renderer.block.model.ItemTransforms$Deserializer CLASS PUBLIC LEAVE META-INF/accesstransformer.cfg:64 to access PUBLIC and LEAVE
[16:45:07] [resourceLoad/DEBUG] (net.neoforged.accesstransformer.AccessTransformer) Transforming net.minecraft.client.renderer.block.model.ItemTransforms$Deserializer METHOD <init>()V PUBLIC LEAVE META-INF/accesstransformer.cfg:65 to access PUBLIC and LEAVE
[16:45:07] [Render thread/DEBUG] (net.neoforged.accesstransformer.AccessTransformer) Transforming net.minecraft.client.renderer.blockentity.BlockEntityRenderers METHOD register(Lnet/minecraft/world/level/block/entity/BlockEntityType;Lnet/minecraft/client/renderer/blockentity/BlockEntityRendererProvider;)V PUBLIC LEAVE META-INF/accesstransformer.cfg:66 to access PUBLIC and LEAVE
[16:45:07] [Render thread/DEBUG] (net.neoforged.fml.DeferredWorkQueue) Synchronous work queue completed in 295.6 ms
[16:45:08] [resourceLoad/DEBUG] (net.neoforged.accesstransformer.AccessTransformer) Transforming net.minecraft.client.renderer.block.model.ItemModelGenerator METHOD processFrames(ILjava/lang/String;Lnet/minecraft/client/renderer/texture/SpriteContents;)Ljava/util/List; PUBLIC LEAVE META-INF/accesstransformer.cfg:58 to access PUBLIC and LEAVE
[16:45:08] [resourceLoad/DEBUG] (net.neoforged.accesstransformer.AccessTransformer) Transforming net.minecraft.client.resources.model.BlockModelRotation INNERCLASS WithUvLock PUBLIC LEAVE META-INF/accesstransformer.cfg:81 to access PUBLIC and LEAVE
[16:45:08] [resourceLoad/DEBUG] (net.neoforged.accesstransformer.AccessTransformer) Transforming net.minecraft.client.resources.model.BlockModelRotation$WithUvLock CLASS PUBLIC LEAVE META-INF/accesstransformer.cfg:81 to access PUBLIC and LEAVE
[16:45:08] [resourceLoad/DEBUG] (net.neoforged.accesstransformer.AccessTransformer) Transforming net.minecraft.client.resources.model.BlockModelRotation$WithUvLock METHOD <init>(Lnet/minecraft/client/resources/model/BlockModelRotation;)V PUBLIC LEAVE META-INF/accesstransformer.cfg:82 to access PUBLIC and LEAVE
[16:45:08] [resourceLoad/DEBUG] (net.neoforged.accesstransformer.AccessTransformer) Transforming net.minecraft.client.renderer.block.model.FaceBakery METHOD defaultFaceUV(Lorg/joml/Vector3fc;Lorg/joml/Vector3fc;Lnet/minecraft/core/Direction;)Lnet/minecraft/client/renderer/block/model/BlockElementFace$UVs; PUBLIC LEAVE META-INF/accesstransformer.cfg:57 to access PUBLIC and LEAVE
[16:45:08] [resourceLoad/WARN] (net.minecraft.client.resources.model.ModelManager) Missing textures in model morph:item/module/module_enchantment_sink_mk2:
    minecraft:block_or_item:morph:item/module/enchantment_sink_mk2
[16:45:08] [resourceLoad/WARN] (net.minecraft.client.resources.model.ModelManager) Missing textures in model morph:item/module/module_enchantment_sink:
    minecraft:block_or_item:morph:item/module/enchantment_sink
[16:45:09] [Render thread/INFO] (com.mojang.blaze3d.audio.Library) OpenAL initialized on device OpenAL Soft on Speakers (Realtek(R) Audio)
[16:45:09] [Render thread/INFO] (net.minecraft.client.sounds.SoundEngine) Sound engine started
[16:45:09] [Render thread/INFO] (net.minecraft.client.renderer.texture.TextureAtlas) Created: 512x256x0 minecraft:textures/atlas/particles.png-atlas
[16:45:09] [Render thread/INFO] (net.minecraft.client.renderer.texture.TextureAtlas) Created: 128x128x0 minecraft:textures/atlas/decorated_pot.png-atlas
[16:45:09] [Render thread/INFO] (net.minecraft.client.renderer.texture.TextureAtlas) Created: 2048x1024x0 minecraft:textures/atlas/armor_trims.png-atlas
[16:45:09] [Render thread/INFO] (net.minecraft.client.renderer.texture.TextureAtlas) Created: 512x256x0 minecraft:textures/atlas/paintings.png-atlas
[16:45:09] [Render thread/INFO] (net.minecraft.client.renderer.texture.TextureAtlas) Created: 1024x512x0 minecraft:textures/atlas/shield_patterns.png-atlas
[16:45:09] [Render thread/INFO] (net.minecraft.client.renderer.texture.TextureAtlas) Created: 1024x1024x1 minecraft:textures/atlas/blocks.png-atlas
[16:45:09] [Render thread/INFO] (net.minecraft.client.renderer.texture.TextureAtlas) Created: 512x512x0 minecraft:textures/atlas/chest.png-atlas
[16:45:09] [Render thread/INFO] (net.minecraft.client.renderer.texture.TextureAtlas) Created: 256x128x0 minecraft:textures/atlas/celestials.png-atlas
[16:45:09] [Render thread/INFO] (net.minecraft.client.renderer.texture.TextureAtlas) Created: 1024x512x0 minecraft:textures/atlas/banner_patterns.png-atlas
[16:45:09] [Render thread/INFO] (net.minecraft.client.renderer.texture.TextureAtlas) Created: 512x512x0 minecraft:textures/atlas/beds.png-atlas
[16:45:09] [Render thread/INFO] (net.minecraft.client.renderer.texture.TextureAtlas) Created: 1024x512x0 minecraft:textures/atlas/items.png-atlas
[16:45:09] [Render thread/INFO] (net.minecraft.client.renderer.texture.TextureAtlas) Created: 1024x1024x0 minecraft:textures/atlas/gui.png-atlas
[16:45:09] [Render thread/INFO] (net.minecraft.client.renderer.texture.TextureAtlas) Created: 128x64x0 minecraft:textures/atlas/map_decorations.png-atlas
[16:45:09] [Render thread/INFO] (net.minecraft.client.renderer.texture.TextureAtlas) Created: 512x256x0 minecraft:textures/atlas/signs.png-atlas
[16:45:09] [Render thread/INFO] (net.minecraft.client.renderer.texture.TextureAtlas) Created: 512x512x0 minecraft:textures/atlas/shulker_boxes.png-atlas
[16:45:09] [Render thread/WARN] (net.minecraft.client.resources.model.ModelManager) No model loaded for default item model ID morph:pipe_request_table of morph:pipe_request_table
[16:45:09] [Render thread/INFO] (net.neoforged.neoforge.client.entity.animation.json.AnimationLoader) Loaded 0 entity animations
[16:45:09] [Render thread/DEBUG] (net.neoforged.accesstransformer.AccessTransformer) Transforming net.minecraft.client.renderer.entity.layers.EquipmentLayerRenderer METHOD getColorForLayer(Lnet/minecraft/client/resources/model/EquipmentClientInfo$Layer;I)I PUBLIC LEAVE META-INF/accesstransformer.cfg:70 to access PUBLIC and LEAVE
[16:45:09] [Render thread/DEBUG] (net.neoforged.accesstransformer.AccessTransformer) Transforming net.minecraft.client.renderer.entity.EntityRenderers METHOD register(Lnet/minecraft/world/entity/EntityType;Lnet/minecraft/client/renderer/entity/EntityRendererProvider;)V PUBLIC LEAVE META-INF/accesstransformer.cfg:68 to access PUBLIC and LEAVE
[16:45:09] [Render thread/DEBUG] (net.neoforged.fml.classloading.transformation.ClassTransformStatistics) Transformed/total loaded classes: 6082/7680 (79.19%) and 174 parsed for mixin
[16:45:09] [Render thread/ERROR] (net.neoforged.fml.classloading.transformation.ClassTransformStatistics) Class processor unprotect:processor transformed 81.07% of loaded class which is suspiciously high; it may be attempting mass-ASM. Please report this to the mod author.
[16:45:09] [Render thread/DEBUG] (net.neoforged.accesstransformer.AccessTransformer) Transforming net.minecraft.client.gui.components.AbstractSelectionList METHOD clearEntries()V PUBLIC LEAVE META-INF/accesstransformer.cfg:11 to access PUBLIC and LEAVE
[16:45:10] [Render thread/DEBUG] (com.mojang.blaze3d.systems.RenderSystem) Growing IndexBuffer: Old limit 12, new limit 1980.
[16:45:14] [Render thread/DEBUG] (com.mojang.blaze3d.systems.RenderSystem) Growing IndexBuffer: Old limit 1980, new limit 4296.
[16:45:15] [Render thread/DEBUG] (net.neoforged.accesstransformer.AccessTransformer) Transforming net.minecraft.client.gui.screens.worldselection.WorldSelectionList METHOD clearEntries()V PUBLIC LEAVE META-INF/accesstransformer.cfg:22 to access PUBLIC and LEAVE
[16:45:17] [Render thread/INFO] (net.minecraft.client.renderer.DynamicUniformStorage) Resizing Dynamic Transforms UBO, capacity limit of 2 reached during a single frame. New capacity will be 4.
[16:45:17] [Render thread/WARN] (net.neoforged.neoforge.common.CommonHooks) The following mods have version differences that were not resolved:
generated_56a1bb1 (version 1 -> MISSING)
Things may not work well.
[16:45:18] [Worker-Main-19/DEBUG] (net.neoforged.accesstransformer.AccessTransformer) Transforming net.minecraft.world.level.storage.loot.LootPool FIELD rolls PRIVATE REMOVEFINAL META-INF/accesstransformer.cfg:264 to access PRIVATE and REMOVEFINAL
[16:45:18] [Worker-Main-19/DEBUG] (net.neoforged.accesstransformer.AccessTransformer) Transforming net.minecraft.world.level.storage.loot.LootPool FIELD bonusRolls PRIVATE REMOVEFINAL META-INF/accesstransformer.cfg:265 to access PRIVATE and REMOVEFINAL
[16:45:19] [Render thread/INFO] (net.minecraft.world.item.crafting.RecipeManager) Loaded 1486 recipes
[16:45:19] [Render thread/INFO] (net.minecraft.advancements.AdvancementTree) Loaded 1584 advancements
[16:45:19] [Render thread/INFO] (net.neoforged.neoforge.common.crafting.RecipePriorityManager) Loaded 0 recipe priority overrides
[16:45:19] [Render thread/DEBUG] (net.neoforged.accesstransformer.AccessTransformer) Transforming net.minecraft.world.entity.npc.villager.VillagerTrades INNERCLASS FailureItemListing PUBLIC LEAVE META-INF/accesstransformergenerated.cfg:285 to access PUBLIC and LEAVE
[16:45:19] [Render thread/DEBUG] (net.neoforged.accesstransformer.AccessTransformer) Transforming net.minecraft.world.entity.npc.villager.VillagerTrades INNERCLASS TippedArrowForItemsAndEmeralds PUBLIC LEAVE META-INF/accesstransformergenerated.cfg:289 to access PUBLIC and LEAVE
[16:45:19] [Render thread/DEBUG] (net.neoforged.accesstransformer.AccessTransformer) Transforming net.minecraft.world.entity.npc.villager.VillagerTrades INNERCLASS DyedArmorForEmeralds PUBLIC LEAVE META-INF/accesstransformergenerated.cfg:280 to access PUBLIC and LEAVE
[16:45:19] [Render thread/DEBUG] (net.neoforged.accesstransformer.AccessTransformer) Transforming net.minecraft.world.entity.npc.villager.VillagerTrades INNERCLASS ItemsAndEmeraldsToItems PUBLIC LEAVE META-INF/accesstransformergenerated.cfg:286 to access PUBLIC and LEAVE
[16:45:19] [Render thread/DEBUG] (net.neoforged.accesstransformer.AccessTransformer) Transforming net.minecraft.world.entity.npc.villager.VillagerTrades INNERCLASS EnchantBookForEmeralds PUBLIC LEAVE META-INF/accesstransformergenerated.cfg:283 to access PUBLIC and LEAVE
[16:45:19] [Render thread/DEBUG] (net.neoforged.accesstransformer.AccessTransformer) Transforming net.minecraft.world.entity.npc.villager.VillagerTrades INNERCLASS EmeraldsForVillagerTypeItem PUBLIC LEAVE META-INF/accesstransformergenerated.cfg:282 to access PUBLIC and LEAVE
[16:45:19] [Render thread/DEBUG] (net.neoforged.accesstransformer.AccessTransformer) Transforming net.minecraft.world.entity.npc.villager.VillagerTrades INNERCLASS TypeSpecificTrade PUBLIC LEAVE META-INF/accesstransformergenerated.cfg:291 to access PUBLIC and LEAVE
[16:45:19] [Render thread/DEBUG] (net.neoforged.accesstransformer.AccessTransformer) Transforming net.minecraft.world.entity.npc.villager.VillagerTrades INNERCLASS TreasureMapForEmeralds PUBLIC LEAVE META-INF/accesstransformergenerated.cfg:290 to access PUBLIC and LEAVE
[16:45:19] [Render thread/DEBUG] (net.neoforged.accesstransformer.AccessTransformer) Transforming net.minecraft.world.entity.npc.villager.VillagerTrades INNERCLASS EmeraldForItems PUBLIC LEAVE META-INF/accesstransformergenerated.cfg:281 to access PUBLIC and LEAVE
[16:45:19] [Render thread/DEBUG] (net.neoforged.accesstransformer.AccessTransformer) Transforming net.minecraft.world.entity.npc.villager.VillagerTrades INNERCLASS EnchantedItemForEmeralds PUBLIC LEAVE META-INF/accesstransformergenerated.cfg:284 to access PUBLIC and LEAVE
[16:45:19] [Render thread/DEBUG] (net.neoforged.accesstransformer.AccessTransformer) Transforming net.minecraft.world.entity.npc.villager.VillagerTrades INNERCLASS ItemsForEmeralds PUBLIC LEAVE META-INF/accesstransformergenerated.cfg:287 to access PUBLIC and LEAVE
[16:45:19] [Render thread/DEBUG] (net.neoforged.accesstransformer.AccessTransformer) Transforming net.minecraft.world.entity.npc.villager.VillagerTrades INNERCLASS SuspiciousStewForEmerald PUBLIC LEAVE META-INF/accesstransformergenerated.cfg:288 to access PUBLIC and LEAVE
[16:45:19] [Render thread/DEBUG] (net.neoforged.accesstransformer.AccessTransformer) Transforming net.minecraft.world.entity.npc.villager.VillagerTrades FIELD WANDERING_TRADER_TRADES PUBLIC REMOVEFINAL META-INF/accesstransformer.cfg:267 to access PUBLIC and REMOVEFINAL
[16:45:19] [Render thread/DEBUG] (net.neoforged.accesstransformer.AccessTransformer) Transforming net.minecraft.world.entity.npc.villager.VillagerTrades$EmeraldForItems CLASS PUBLIC LEAVE META-INF/accesstransformergenerated.cfg:281 to access PUBLIC and LEAVE
[16:45:19] [Render thread/DEBUG] (net.neoforged.accesstransformer.AccessTransformer) Transforming net.minecraft.world.entity.npc.villager.VillagerTrades$ItemsForEmeralds CLASS PUBLIC LEAVE META-INF/accesstransformergenerated.cfg:287 to access PUBLIC and LEAVE
[16:45:19] [Render thread/DEBUG] (net.neoforged.accesstransformer.AccessTransformer) Transforming net.minecraft.world.entity.npc.villager.VillagerTrades$SuspiciousStewForEmerald CLASS PUBLIC LEAVE META-INF/accesstransformergenerated.cfg:288 to access PUBLIC and LEAVE
[16:45:19] [Render thread/DEBUG] (net.neoforged.accesstransformer.AccessTransformer) Transforming net.minecraft.world.entity.npc.villager.VillagerTrades$ItemsAndEmeraldsToItems CLASS PUBLIC LEAVE META-INF/accesstransformergenerated.cfg:286 to access PUBLIC and LEAVE
[16:45:19] [Render thread/DEBUG] (net.neoforged.accesstransformer.AccessTransformer) Transforming net.minecraft.world.entity.npc.villager.VillagerTrades$ItemsAndEmeraldsToItems METHOD <init>(Lnet/minecraft/world/level/ItemLike;IILnet/minecraft/world/item/ItemStack;IIIF)V PUBLIC LEAVE META-INF/accesstransformergenerated.cfg:296 to access PUBLIC and LEAVE
[16:45:19] [Render thread/DEBUG] (net.neoforged.accesstransformer.AccessTransformer) Transforming net.minecraft.world.entity.npc.villager.VillagerTrades$ItemsAndEmeraldsToItems METHOD <init>(Lnet/minecraft/world/level/ItemLike;IILnet/minecraft/world/level/ItemLike;IIIFLnet/minecraft/resources/ResourceKey;)V PUBLIC LEAVE META-INF/accesstransformergenerated.cfg:297 to access PUBLIC and LEAVE
[16:45:19] [Render thread/DEBUG] (net.neoforged.accesstransformer.AccessTransformer) Transforming net.minecraft.world.entity.npc.villager.VillagerTrades$EnchantedItemForEmeralds CLASS PUBLIC LEAVE META-INF/accesstransformergenerated.cfg:284 to access PUBLIC and LEAVE
[16:45:19] [Render thread/DEBUG] (net.neoforged.accesstransformer.AccessTransformer) Transforming net.minecraft.world.entity.npc.villager.VillagerTrades$EmeraldsForVillagerTypeItem CLASS PUBLIC LEAVE META-INF/accesstransformergenerated.cfg:282 to access PUBLIC and LEAVE
[16:45:19] [Render thread/DEBUG] (net.neoforged.accesstransformer.AccessTransformer) Transforming net.minecraft.world.entity.npc.villager.VillagerTrades$TippedArrowForItemsAndEmeralds CLASS PUBLIC LEAVE META-INF/accesstransformergenerated.cfg:289 to access PUBLIC and LEAVE
[16:45:19] [Render thread/DEBUG] (net.neoforged.accesstransformer.AccessTransformer) Transforming net.minecraft.world.entity.npc.villager.VillagerTrades$EnchantBookForEmeralds CLASS PUBLIC LEAVE META-INF/accesstransformergenerated.cfg:283 to access PUBLIC and LEAVE
[16:45:19] [Render thread/DEBUG] (net.neoforged.accesstransformer.AccessTransformer) Transforming net.minecraft.world.entity.npc.villager.VillagerTrades$TreasureMapForEmeralds CLASS PUBLIC LEAVE META-INF/accesstransformergenerated.cfg:290 to access PUBLIC and LEAVE
[16:45:19] [Render thread/DEBUG] (net.neoforged.accesstransformer.AccessTransformer) Transforming net.minecraft.world.entity.npc.villager.VillagerTrades$TypeSpecificTrade CLASS PUBLIC LEAVE META-INF/accesstransformergenerated.cfg:291 to access PUBLIC and LEAVE
[16:45:19] [Render thread/DEBUG] (net.neoforged.accesstransformer.AccessTransformer) Transforming net.minecraft.world.entity.npc.villager.VillagerTrades$TypeSpecificTrade METHOD <init>(Ljava/util/Map;)V PUBLIC LEAVE META-INF/accesstransformergenerated.cfg:292, META-INF/accesstransformergenerated.cfg:298 to access PUBLIC and LEAVE
[16:45:19] [Render thread/DEBUG] (net.neoforged.accesstransformer.AccessTransformer) Transforming net.minecraft.world.entity.npc.villager.VillagerTrades$DyedArmorForEmeralds CLASS PUBLIC LEAVE META-INF/accesstransformergenerated.cfg:280 to access PUBLIC and LEAVE
[16:45:19] [Render thread/DEBUG] (net.neoforged.neoforge.common.CommonHooks) Gathered mod list to write to world save New World
[16:45:19] [Render thread/DEBUG] (net.neoforged.accesstransformer.AccessTransformer) Transforming net.minecraft.server.MinecraftServer$ReloadableResources CLASS PUBLIC LEAVE META-INF/accesstransformer.cfg:133 to access PUBLIC and LEAVE
[16:45:19] [Render thread/DEBUG] (net.neoforged.accesstransformer.AccessTransformer) Transforming net.minecraft.server.MinecraftServer$ReloadableResources METHOD <init>(Lnet/minecraft/server/packs/resources/CloseableResourceManager;Lnet/minecraft/server/ReloadableServerResources;)V PUBLIC LEAVE META-INF/accesstransformer.cfg:134 to access PUBLIC and LEAVE
[16:45:19] [Render thread/DEBUG] (net.neoforged.accesstransformer.AccessTransformer) Transforming net.minecraft.world.level.block.entity.FuelValues$Builder FIELD values PUBLIC LEAVE META-INF/accesstransformer.cfg:42 to access PUBLIC and LEAVE
[16:45:19] [Server thread/INFO] (net.minecraft.client.server.IntegratedServer) Starting integrated minecraft server version 1.21.11
[16:45:19] [Server thread/INFO] (net.minecraft.server.MinecraftServer) Generating keypair
[16:45:19] [Render thread/DEBUG] (com.mojang.blaze3d.systems.RenderSystem) Growing IndexBuffer: Old limit 4296, new limit 14688.
[16:45:19] [Server thread/DEBUG] (net.neoforged.fml.config.ConfigTracker) Loading configs type SERVER
[16:45:19] [Server thread/DEBUG] (net.neoforged.neoforge.common.NeoForgeMod) Loaded NeoForge config file neoforge-server.toml
[16:45:19] [Server thread/DEBUG] (net.neoforged.fml.config.ConfigTracker) Loaded TOML config file F:\Minecraft modding\Projects\Fabric-Neoforge\Logistic Pipes 2\neoforge\run\config\neoforge-server.toml
[16:45:19] [Server thread/DEBUG] (net.neoforged.fml.config.ConfigTracker) Watching TOML config file F:\Minecraft modding\Projects\Fabric-Neoforge\Logistic Pipes 2\neoforge\run\config\neoforge-server.toml for changes
[16:45:19] [Server thread/DEBUG] (net.neoforged.accesstransformer.AccessTransformer) Transforming net.minecraft.world.damagesource.DamageSources FIELD damageTypes PUBLIC LEAVE META-INF/accesstransformer.cfg:165 to access PUBLIC and LEAVE
[16:45:19] [Server thread/DEBUG] (net.neoforged.accesstransformer.AccessTransformer) Transforming net.minecraft.world.damagesource.DamageSources METHOD source(Lnet/minecraft/resources/ResourceKey;)Lnet/minecraft/world/damagesource/DamageSource; PUBLIC LEAVE META-INF/accesstransformer.cfg:162 to access PUBLIC and LEAVE
[16:45:19] [Server thread/DEBUG] (net.neoforged.accesstransformer.AccessTransformer) Transforming net.minecraft.world.damagesource.DamageSources METHOD source(Lnet/minecraft/resources/ResourceKey;Lnet/minecraft/world/entity/Entity;)Lnet/minecraft/world/damagesource/DamageSource; PUBLIC LEAVE META-INF/accesstransformer.cfg:163 to access PUBLIC and LEAVE
[16:45:19] [Server thread/DEBUG] (net.neoforged.accesstransformer.AccessTransformer) Transforming net.minecraft.world.damagesource.DamageSources METHOD source(Lnet/minecraft/resources/ResourceKey;Lnet/minecraft/world/entity/Entity;Lnet/minecraft/world/entity/Entity;)Lnet/minecraft/world/damagesource/DamageSource; PUBLIC LEAVE META-INF/accesstransformer.cfg:164 to access PUBLIC and LEAVE
[16:45:19] [Server thread/DEBUG] (net.neoforged.accesstransformer.AccessTransformer) Transforming net.minecraft.server.level.ChunkMap METHOD getVisibleChunkIfPresent(J)Lnet/minecraft/server/level/ChunkHolder; PUBLIC LEAVE META-INF/accesstransformer.cfg:135 to access PUBLIC and LEAVE
[16:45:19] [Server thread/DEBUG] (mixin) Mixing neoforge.MixinChunkMap from architectury.mixins.json into net.minecraft.server.level.ChunkMap
[16:45:19] [Server thread/DEBUG] (mixin) architectury.mixins.json:neoforge.MixinChunkMap from mod architectury: Class version 65 required is higher than the class version supported by the current version of Mixin (JAVA_16 supports class version 60)
[16:45:19] [Server thread/DEBUG] (net.neoforged.accesstransformer.AccessTransformer) Transforming net.minecraft.world.level.portal.PortalForcer FIELD level PROTECTED LEAVE META-INF/accesstransformer.cfg:260 to access PROTECTED and LEAVE
[16:45:19] [Server thread/INFO] (net.minecraft.server.level.progress.LoggingLevelLoadListener) Loading 0 persistent chunks...
[16:45:19] [Server thread/INFO] (net.minecraft.server.level.progress.LoggingLevelLoadListener) Preparing spawn area: 16%
[16:45:19] [Server thread/INFO] (net.neoforged.neoforge.server.permission.PermissionAPI) Successfully initialized permission handler neoforge:default_handler
[16:45:20] [Render thread/DEBUG] (io.netty.channel.MultithreadEventLoopGroup) -Dio.netty.eventLoopThreads: 48
[16:45:20] [Render thread/DEBUG] (io.netty.util.concurrent.GlobalEventExecutor) -Dio.netty.globalEventExecutor.quietPeriodSeconds: 1
[16:45:20] [Render thread/DEBUG] (io.netty.util.internal.PlatformDependent) org.jctools-core.MpscChunkedArrayQueue: available
[16:45:20] [Render thread/DEBUG] (io.netty.channel.DefaultChannelId) -Dio.netty.processId: 96152 (auto-detected)
[16:45:20] [Render thread/DEBUG] (io.netty.util.NetUtil) -Djava.net.preferIPv4Stack: false
[16:45:20] [Render thread/DEBUG] (io.netty.util.NetUtil) -Djava.net.preferIPv6Addresses: system
[16:45:20] [Render thread/DEBUG] (io.netty.util.NetUtilInitializations) Loopback interface: loopback_0 (Software Loopback Interface 1, 0:0:0:0:0:0:0:1)
[16:45:20] [Render thread/DEBUG] (io.netty.util.NetUtil) Failed to get SOMAXCONN from sysctl and file \proc\sys\net\core\somaxconn. Default: 200
[16:45:20] [Render thread/DEBUG] (io.netty.channel.DefaultChannelId) -Dio.netty.machineId: c8:7f:54:ff:fe:68:47:01 (auto-detected)
[16:45:20] [Render thread/DEBUG] (io.netty.bootstrap.ChannelInitializerExtensions) -Dio.netty.bootstrap.extensions: null
[16:45:20] [Netty Local IO #1/DEBUG] (net.neoforged.accesstransformer.AccessTransformer) Transforming net.minecraft.server.network.ServerConfigurationPacketListenerImpl METHOD finishCurrentTask(Lnet/minecraft/server/network/ConfigurationTask$Type;)V PUBLIC LEAVE META-INF/accesstransformer.cfg:266 to access PUBLIC and LEAVE
[16:45:20] [Netty Local IO #1/DEBUG] (net.neoforged.neoforge.network.filters.NetworkFilters) Injected net.neoforged.neoforge.network.filters.GenericPacketSplitter@25be5cf1 into net.minecraft.network.Connection@24eca482
[16:45:20] [Netty Local IO #0/DEBUG] (net.neoforged.neoforge.network.filters.NetworkFilters) Injected net.neoforged.neoforge.network.filters.GenericPacketSplitter@417e38eb into net.minecraft.network.Connection@670e4437
[16:45:20] [Server thread/INFO] (net.minecraft.server.level.progress.LoggingLevelLoadListener) Loading 49 chunks for player spawn...
[16:45:20] [Server thread/INFO] (net.minecraft.server.level.progress.LoggingLevelLoadListener) Preparing spawn area: 16%
[16:45:20] [Server thread/INFO] (net.minecraft.server.level.progress.LoggingLevelLoadListener) Preparing spawn area: 100%
[16:45:20] [Server thread/INFO] (net.minecraft.server.level.progress.LoggingLevelLoadListener) Time elapsed: 1002 ms
[16:45:21] [Render thread/DEBUG] (net.neoforged.accesstransformer.AccessTransformer) Transforming net.minecraft.stats.RecipeBookSettings$TypeSettings METHOD codec(Ljava/lang/String;Ljava/lang/String;)Lcom/mojang/serialization/MapCodec; PUBLIC LEAVE META-INF/accesstransformer.cfg:119 to access PUBLIC and LEAVE
[16:45:21] [Render thread/DEBUG] (net.neoforged.accesstransformer.AccessTransformer) Transforming net.minecraft.client.multiplayer.ClientPacketListener FIELD commands PUBLIC LEAVE META-INF/accesstransformer.cfg:26 to access PUBLIC and LEAVE
[16:45:21] [Render thread/DEBUG] (mixin) Mixing client.MixinClientPacketListener from architectury.mixins.json into net.minecraft.client.multiplayer.ClientPacketListener
[16:45:21] [Render thread/DEBUG] (mixin) architectury.mixins.json:client.MixinClientPacketListener from mod architectury: Class version 65 required is higher than the class version supported by the current version of Mixin (JAVA_16 supports class version 60)
[16:45:21] [Render thread/DEBUG] (mixin) architectury.mixins.json:client.MixinClientPacketListener from mod architectury->@Inject::handleUpdateRecipes(Lnet/minecraft/network/protocol/game/ClientboundUpdateRecipesPacket;Lorg/spongepowered/asm/mixin/injection/callback/CallbackInfo;)V doesn't use it's CallbackInfo
[16:45:21] [Render thread/DEBUG] (mixin) architectury.mixins.json:client.MixinClientPacketListener from mod architectury->@Inject::handleUpdateRecipes(Lnet/minecraft/network/protocol/game/ClientboundUpdateRecipesPacket;Lorg/spongepowered/asm/mixin/injection/callback/CallbackInfo;)V has 0 override(s) in child classes
[16:45:21] [Render thread/DEBUG] (mixin) architectury.mixins.json:client.MixinClientPacketListener from mod architectury->@Inject::handleUpdateRecipes(Lnet/minecraft/network/protocol/game/ClientboundUpdateRecipesPacket;Lorg/spongepowered/asm/mixin/injection/callback/CallbackInfo;)V won't be passed a CallbackInfo as a result
[16:45:21] [Render thread/DEBUG] (mixin) architectury.mixins.json:client.MixinClientPacketListener from mod architectury->@Inject::handleRecipeBookAdd(Lnet/minecraft/network/protocol/game/ClientboundRecipeBookAddPacket;Lorg/spongepowered/asm/mixin/injection/callback/CallbackInfo;)V doesn't use it's CallbackInfo
[16:45:21] [Render thread/DEBUG] (mixin) architectury.mixins.json:client.MixinClientPacketListener from mod architectury->@Inject::handleRecipeBookAdd(Lnet/minecraft/network/protocol/game/ClientboundRecipeBookAddPacket;Lorg/spongepowered/asm/mixin/injection/callback/CallbackInfo;)V has 0 override(s) in child classes
[16:45:21] [Render thread/DEBUG] (mixin) architectury.mixins.json:client.MixinClientPacketListener from mod architectury->@Inject::handleRecipeBookAdd(Lnet/minecraft/network/protocol/game/ClientboundRecipeBookAddPacket;Lorg/spongepowered/asm/mixin/injection/callback/CallbackInfo;)V won't be passed a CallbackInfo as a result
[16:45:21] [Render thread/DEBUG] (mixin) architectury.mixins.json:client.MixinClientPacketListener from mod architectury->@Inject::handleRecipeBookRemove(Lnet/minecraft/network/protocol/game/ClientboundRecipeBookRemovePacket;Lorg/spongepowered/asm/mixin/injection/callback/CallbackInfo;)V doesn't use it's CallbackInfo
[16:45:21] [Render thread/DEBUG] (mixin) architectury.mixins.json:client.MixinClientPacketListener from mod architectury->@Inject::handleRecipeBookRemove(Lnet/minecraft/network/protocol/game/ClientboundRecipeBookRemovePacket;Lorg/spongepowered/asm/mixin/injection/callback/CallbackInfo;)V has 0 override(s) in child classes
[16:45:21] [Render thread/DEBUG] (mixin) architectury.mixins.json:client.MixinClientPacketListener from mod architectury->@Inject::handleRecipeBookRemove(Lnet/minecraft/network/protocol/game/ClientboundRecipeBookRemovePacket;Lorg/spongepowered/asm/mixin/injection/callback/CallbackInfo;)V won't be passed a CallbackInfo as a result
[16:45:21] [Render thread/DEBUG] (net.neoforged.accesstransformer.AccessTransformer) Transforming net.minecraft.client.multiplayer.SessionSearchTrees INNERCLASS Key PUBLIC LEAVE META-INF/accesstransformer.cfg:29 to access PUBLIC and LEAVE
[16:45:21] [Render thread/DEBUG] (net.neoforged.accesstransformer.AccessTransformer) Transforming net.minecraft.client.multiplayer.SessionSearchTrees FIELD CREATIVE_NAMES PUBLIC LEAVE META-INF/accesstransformer.cfg:27 to access PUBLIC and LEAVE
[16:45:21] [Render thread/DEBUG] (net.neoforged.accesstransformer.AccessTransformer) Transforming net.minecraft.client.multiplayer.SessionSearchTrees FIELD CREATIVE_TAGS PUBLIC LEAVE META-INF/accesstransformer.cfg:28 to access PUBLIC and LEAVE
[16:45:21] [Render thread/DEBUG] (net.neoforged.accesstransformer.AccessTransformer) Transforming net.minecraft.client.multiplayer.SessionSearchTrees$Key CLASS PUBLIC LEAVE META-INF/accesstransformer.cfg:29 to access PUBLIC and LEAVE
[16:45:21] [Render thread/DEBUG] (net.neoforged.accesstransformer.AccessTransformer) Transforming net.minecraft.client.multiplayer.SessionSearchTrees$Key METHOD <init>()V PUBLIC LEAVE META-INF/accesstransformer.cfg:30 to access PUBLIC and LEAVE
[16:45:21] [Netty Local IO #1/DEBUG] (net.neoforged.neoforge.network.filters.NetworkFilters) Injected net.neoforged.neoforge.network.filters.GenericPacketSplitter@2052c653 into net.minecraft.network.Connection@24eca482
[16:45:21] [Server thread/DEBUG] (net.neoforged.accesstransformer.AccessTransformer) Transforming net.minecraft.server.level.ServerPlayer$RespawnConfig METHOD getDimensionOrDefault(Lnet/minecraft/server/level/ServerPlayer$RespawnConfig;)Lnet/minecraft/resources/ResourceKey; PUBLIC LEAVE META-INF/accesstransformer.cfg:139 to access PUBLIC and LEAVE
[16:45:21] [Server thread/INFO] (net.minecraft.server.players.PlayerList) Dev[local:E:e98b13b3] logged in with entity id 76 at (146.48404021047932, 63.0, -24.620921309872973)
[16:45:21] [Server thread/DEBUG] (net.neoforged.accesstransformer.AccessTransformer) Transforming net.minecraft.server.network.ServerGamePacketListenerImpl METHOD markClientLoaded()V PUBLIC LEAVE META-INF/accesstransformer.cfg:142 to access PUBLIC and LEAVE
[16:45:21] [Server thread/DEBUG] (net.neoforged.neoforge.common.CommonHooks) Sending 0 recipes of the following types: []
[16:45:21] [Server thread/INFO] (net.minecraft.server.MinecraftServer) Dev joined the game
[16:45:21] [Render thread/DEBUG] (net.neoforged.accesstransformer.AccessTransformer) Transforming net.minecraft.client.multiplayer.MultiPlayerGameMode FIELD connection PUBLIC LEAVE META-INF/accesstransformer.cfg:197 to access PUBLIC and LEAVE
[16:45:21] [Render thread/DEBUG] (net.neoforged.accesstransformer.AccessTransformer) Transforming net.minecraft.client.particle.FireworkParticles$Starter METHOD createParticle(DDDDDDLit/unimi/dsi/fastutil/ints/IntList;Lit/unimi/dsi/fastutil/ints/IntList;ZZ)V PUBLIC LEAVE META-INF/accesstransformer.cfg:31 to access PUBLIC and LEAVE
[16:45:21] [Render thread/DEBUG] (net.neoforged.accesstransformer.AccessTransformer) Transforming net.minecraft.client.particle.FireworkParticles$Starter METHOD createParticleBall(DILit/unimi/dsi/fastutil/ints/IntList;Lit/unimi/dsi/fastutil/ints/IntList;ZZ)V PUBLIC LEAVE META-INF/accesstransformer.cfg:32 to access PUBLIC and LEAVE
[16:45:21] [Render thread/DEBUG] (net.neoforged.accesstransformer.AccessTransformer) Transforming net.minecraft.client.particle.FireworkParticles$Starter METHOD createParticleShape(D[[DLit/unimi/dsi/fastutil/ints/IntList;Lit/unimi/dsi/fastutil/ints/IntList;ZZZ)V PUBLIC LEAVE META-INF/accesstransformer.cfg:33 to access PUBLIC and LEAVE
[16:45:21] [Render thread/DEBUG] (net.neoforged.accesstransformer.AccessTransformer) Transforming net.minecraft.client.particle.FireworkParticles$Starter METHOD createParticleBurst(Lit/unimi/dsi/fastutil/ints/IntList;Lit/unimi/dsi/fastutil/ints/IntList;ZZ)V PUBLIC LEAVE META-INF/accesstransformer.cfg:34 to access PUBLIC and LEAVE
[16:45:21] [Render thread/WARN] (net.minecraft.client.multiplayer.ClientPacketListener) Ignoring chat session from Dev due to missing Services public key
[16:45:21] [Worker-Main-9/DEBUG] (net.neoforged.accesstransformer.AccessTransformer) Transforming net.minecraft.world.item.enchantment.EnchantmentHelper INNERCLASS EnchantmentInSlotVisitor PUBLIC LEAVE META-INF/accesstransformer.cfg:275 to access PUBLIC and LEAVE
[16:45:21] [Worker-Main-9/DEBUG] (net.neoforged.accesstransformer.AccessTransformer) Transforming net.minecraft.world.item.enchantment.EnchantmentHelper INNERCLASS EnchantmentVisitor PUBLIC LEAVE META-INF/accesstransformer.cfg:276 to access PUBLIC and LEAVE
[16:45:21] [Worker-Main-9/DEBUG] (net.neoforged.accesstransformer.AccessTransformer) Transforming net.minecraft.world.item.enchantment.EnchantmentHelper METHOD getComponentType(Lnet/minecraft/world/item/ItemStack;)Lnet/minecraft/core/component/DataComponentType; PUBLIC LEAVE META-INF/accesstransformer.cfg:274 to access PUBLIC and LEAVE
[16:45:21] [Worker-Main-9/DEBUG] (net.neoforged.accesstransformer.AccessTransformer) Transforming net.minecraft.world.item.enchantment.EnchantmentHelper METHOD runIterationOnItem(Lnet/minecraft/world/item/ItemStack;Lnet/minecraft/world/item/enchantment/EnchantmentHelper$EnchantmentVisitor;)V PUBLIC LEAVE META-INF/accesstransformer.cfg:271 to access PUBLIC and LEAVE
[16:45:21] [Worker-Main-9/DEBUG] (net.neoforged.accesstransformer.AccessTransformer) Transforming net.minecraft.world.item.enchantment.EnchantmentHelper METHOD runIterationOnItem(Lnet/minecraft/world/item/ItemStack;Lnet/minecraft/world/entity/EquipmentSlot;Lnet/minecraft/world/entity/LivingEntity;Lnet/minecraft/world/item/enchantment/EnchantmentHelper$EnchantmentInSlotVisitor;)V PUBLIC LEAVE META-INF/accesstransformer.cfg:272 to access PUBLIC and LEAVE
[16:45:21] [Worker-Main-9/DEBUG] (net.neoforged.accesstransformer.AccessTransformer) Transforming net.minecraft.world.item.enchantment.EnchantmentHelper METHOD runIterationOnEquipment(Lnet/minecraft/world/entity/LivingEntity;Lnet/minecraft/world/item/enchantment/EnchantmentHelper$EnchantmentInSlotVisitor;)V PUBLIC LEAVE META-INF/accesstransformer.cfg:273 to access PUBLIC and LEAVE
[16:45:21] [Worker-Main-9/DEBUG] (net.neoforged.accesstransformer.AccessTransformer) Transforming net.minecraft.world.item.enchantment.EnchantmentHelper$EnchantmentVisitor CLASS PUBLIC LEAVE META-INF/accesstransformer.cfg:276 to access PUBLIC and LEAVE
[16:45:21] [Server thread/DEBUG] (net.neoforged.accesstransformer.AccessTransformer) Transforming net.minecraft.world.item.enchantment.EnchantmentHelper$EnchantmentInSlotVisitor CLASS PUBLIC LEAVE META-INF/accesstransformer.cfg:275 to access PUBLIC and LEAVE
[16:45:21] [Render thread/INFO] (net.minecraft.client.renderer.DynamicUniformStorage) Resizing Dynamic Transforms UBO, capacity limit of 4 reached during a single frame. New capacity will be 8.
[16:45:21] [Render thread/INFO] (net.minecraft.advancements.AdvancementTree) Loaded 2 advancements
[16:45:21] [Server thread/INFO] (net.minecraft.client.server.IntegratedServer) Changing view distance to 16, from 10
[16:45:21] [Server thread/INFO] (net.minecraft.client.server.IntegratedServer) Changing simulation distance to 12, from 0
[16:45:21] [Render thread/DEBUG] (com.mojang.blaze3d.systems.RenderSystem) Growing IndexBuffer: Old limit 0, new limit 144.
[16:45:21] [Render thread/DEBUG] (com.mojang.blaze3d.systems.RenderSystem) Growing IndexBuffer: Old limit 14688, new limit 113808.
[16:45:21] [Render thread/INFO] (net.minecraft.client.renderer.DynamicUniformStorage) Resizing Dynamic Transforms UBO, capacity limit of 8 reached during a single frame. New capacity will be 16.
[16:45:21] [rend_chk_rebuild/DEBUG] (net.neoforged.accesstransformer.AccessTransformer) Transforming net.minecraft.client.renderer.block.ModelBlockRenderer$SizeInfo CLASS PUBLIC LEAVE META-INF/accesstransformer.cfg:50 to access PUBLIC and LEAVE
[16:45:21] [rend_chk_rebuild/DEBUG] (net.neoforged.accesstransformer.AccessTransformer) Transforming net.minecraft.client.renderer.block.ModelBlockRenderer$SizeInfo FIELD index PUBLIC LEAVE META-INF/accesstransformer.cfg:51 to access PUBLIC and LEAVE
[16:45:21] [rend_chk_rebuild/DEBUG] (net.neoforged.accesstransformer.AccessTransformer) Transforming net.minecraft.client.renderer.block.ModelBlockRenderer$AdjacencyInfo CLASS PUBLIC LEAVE META-INF/accesstransformer.cfg:43 to access PUBLIC and LEAVE
[16:45:21] [rend_chk_rebuild/DEBUG] (net.neoforged.accesstransformer.AccessTransformer) Transforming net.minecraft.client.renderer.block.ModelBlockRenderer$AdjacencyInfo FIELD corners PUBLIC LEAVE META-INF/accesstransformer.cfg:44 to access PUBLIC and LEAVE
[16:45:21] [Render thread/INFO] (net.minecraft.client.renderer.DynamicUniformStorage) Resizing Chunk Sections UBO, capacity limit of 2 reached during a single frame. New capacity will be 4.
[16:45:21] [Render thread/INFO] (net.minecraft.client.renderer.DynamicUniformStorage) Resizing Chunk Sections UBO, capacity limit of 4 reached during a single frame. New capacity will be 8.
[16:45:22] [Render thread/INFO] (net.minecraft.client.renderer.DynamicUniformStorage) Resizing Chunk Sections UBO, capacity limit of 8 reached during a single frame. New capacity will be 16.
[16:45:22] [Render thread/INFO] (net.minecraft.client.renderer.DynamicUniformStorage) Resizing Chunk Sections UBO, capacity limit of 16 reached during a single frame. New capacity will be 32.
[16:45:22] [Render thread/INFO] (net.minecraft.client.renderer.DynamicUniformStorage) Resizing Chunk Sections UBO, capacity limit of 32 reached during a single frame. New capacity will be 64.
[16:45:22] [Render thread/INFO] (net.minecraft.client.renderer.DynamicUniformStorage) Resizing Chunk Sections UBO, capacity limit of 64 reached during a single frame. New capacity will be 128.
[16:45:22] [Render thread/INFO] (net.minecraft.client.renderer.DynamicUniformStorage) Resizing Chunk Sections UBO, capacity limit of 128 reached during a single frame. New capacity will be 256.
[16:45:23] [Render thread/INFO] (net.minecraft.client.renderer.DynamicUniformStorage) Resizing Chunk Sections UBO, capacity limit of 256 reached during a single frame. New capacity will be 512.
[16:45:24] [Render thread/INFO] (net.minecraft.client.renderer.DynamicUniformStorage) Resizing Chunk Sections UBO, capacity limit of 512 reached during a single frame. New capacity will be 1024.
[16:45:47] [Server thread/INFO] (net.minecraft.client.server.IntegratedServer) Saving and pausing game...
[16:45:47] [Server thread/INFO] (net.minecraft.server.MinecraftServer) Saving chunks for level 'ServerLevel[New World]'/minecraft:overworld
[16:45:47] [Server thread/INFO] (net.minecraft.server.MinecraftServer) Saving chunks for level 'ServerLevel[New World]'/minecraft:the_nether
[16:45:47] [Server thread/INFO] (net.minecraft.server.MinecraftServer) Saving chunks for level 'ServerLevel[New World]'/minecraft:the_end
[16:45:47] [Server thread/DEBUG] (net.neoforged.neoforge.common.CommonHooks) Gathered mod list to write to world save New World
[16:45:48] [Server thread/INFO] (net.minecraft.server.network.ServerGamePacketListenerImpl) Dev lost connection: Disconnected
[16:45:48] [Server thread/INFO] (net.minecraft.server.MinecraftServer) Dev left the game
[16:45:48] [Server thread/INFO] (net.minecraft.server.network.ServerCommonPacketListenerImpl) Stopping singleplayer server as player logged out
[16:45:48] [Server thread/INFO] (net.minecraft.server.MinecraftServer) Stopping server
[16:45:48] [Server thread/INFO] (net.minecraft.server.MinecraftServer) Saving players
[16:45:48] [Server thread/INFO] (net.minecraft.server.MinecraftServer) Saving worlds
[16:45:49] [Server thread/INFO] (net.minecraft.server.MinecraftServer) Saving chunks for level 'ServerLevel[New World]'/minecraft:overworld
[16:45:49] [Server thread/INFO] (net.minecraft.server.MinecraftServer) Saving chunks for level 'ServerLevel[New World]'/minecraft:the_nether
[16:45:49] [Server thread/INFO] (net.minecraft.server.MinecraftServer) Saving chunks for level 'ServerLevel[New World]'/minecraft:the_end
[16:45:49] [Server thread/DEBUG] (net.neoforged.neoforge.common.CommonHooks) Gathered mod list to write to world save New World
[16:45:49] [Server thread/INFO] (net.minecraft.server.MinecraftServer) ThreadedAnvilChunkStorage (New World): All chunks are saved
[16:45:49] [Server thread/INFO] (net.minecraft.server.MinecraftServer) ThreadedAnvilChunkStorage (DIM-1): All chunks are saved
[16:45:49] [Server thread/INFO] (net.minecraft.server.MinecraftServer) ThreadedAnvilChunkStorage (DIM1): All chunks are saved
[16:45:49] [Server thread/INFO] (net.minecraft.server.MinecraftServer) ThreadedAnvilChunkStorage: All dimensions are saved
[16:45:49] [Server thread/DEBUG] (net.neoforged.fml.config.ConfigTracker) Unloading configs type SERVER
[16:45:50] [Render thread/DEBUG] (net.neoforged.fml.classloading.transformation.ClassTransformStatistics) Transformed/total loaded classes: 7579/9472 (80.01%) and 192 parsed for mixin
[16:45:50] [Render thread/ERROR] (net.neoforged.fml.classloading.transformation.ClassTransformStatistics) Class processor unprotect:processor transformed 81.77% of loaded class which is suspiciously high; it may be attempting mass-ASM. Please report this to the mod author.
[16:45:50] [Render thread/INFO] (net.minecraft.client.Minecraft) Stopping!
