[Architectury Transformer] Architectury Runtime 5.2.87
[Architectury Transformer DEBUG] Closed File Systems for F:\Minecraft modding\Projects\Fabric-Neoforge\Logistic Pipes 2\common\build\devlibs\morph-common-1.0.0-dev.jar
[Architectury Transformer DEBUG] Preparing tiny remapper prepared transformer: dev.architectury.transformer.handler.TinyRemapperPreparedTransformerHandler
[Architectury Transformer DEBUG] Provided 90 classpath jar(s):
[Architectury Transformer DEBUG]  - C:\Users\VoiceLessQ\.gradle\caches\fabric-loom\1.21.11\neoforge\21.11.38-beta\client-extra.jar
[Architectury Transformer DEBUG]  - C:\Users\VoiceLessQ\.gradle\caches\modules-2\files-2.1\dev.architectury\architectury-injectables\1.0.10\62db2a366d662606d1b23ad02ccc3212ed37ec3\architectury-injectables-1.0.10.jar
[Architectury Transformer DEBUG]  - C:\Users\VoiceLessQ\.gradle\caches\modules-2\files-2.1\net.fabricmc\fabric-loader\0.18.6\b823a25197a42c7f32bb904f187cd05730e8873c\fabric-loader-0.18.6.jar
[Architectury Transformer DEBUG]  - C:\Users\VoiceLessQ\.gradle\caches\modules-2\files-2.1\org.jetbrains\annotations\26.0.2\c7ce3cdeda3d18909368dfe5977332dfad326c6d\annotations-26.0.2.jar
[Architectury Transformer DEBUG]  - C:\Users\VoiceLessQ\.gradle\caches\modules-2\files-2.1\com.google.code.findbugs\jsr305\3.0.2\25ea2e8b0c338a877313bd4672d3fe056ea78f0d\jsr305-3.0.2.jar
[Architectury Transformer DEBUG]  - C:\Users\VoiceLessQ\.gradle\caches\modules-2\files-2.1\net.neoforged.fancymodloader\earlydisplay\10.0.36\dbd0e11d545443f602addede111c39d9639708f9\earlydisplay-10.0.36.jar
[Architectury Transformer DEBUG]  - C:\Users\VoiceLessQ\.gradle\caches\fabric-loom\forge\transformed-dependencies-v1\net\neoforged\fancymodloader\9bfaf3a66241288326c9f88ae8b30b31e11f5709d3506be0d5175715a0fc5daf\loader\10.0.36\loader-10.0.36.jar
[Architectury Transformer DEBUG]  - C:\Users\VoiceLessQ\.gradle\caches\modules-2\files-2.1\net.neoforged\accesstransformers\11.0.2\25dcb69c78b16669935f0ab91dff830ce192379d\accesstransformers-11.0.2.jar
[Architectury Transformer DEBUG]  - C:\Users\VoiceLessQ\.gradle\caches\modules-2\files-2.1\net.fabricmc\sponge-mixin\0.16.5+mixin.0.8.7\80fc3a9f592673cea87f4cd702f87991c6c9fe4d\sponge-mixin-0.16.5+mixin.0.8.7.jar
[Architectury Transformer DEBUG]  - C:\Users\VoiceLessQ\.gradle\caches\modules-2\files-2.1\org.ow2.asm\asm-commons\9.8\36e4d212970388e5bd2c5180292012502df461bb\asm-commons-9.8.jar
[Architectury Transformer DEBUG]  - C:\Users\VoiceLessQ\.gradle\caches\modules-2\files-2.1\net.neoforged\mergetool\2.0.0\52fe1949be64e3303aabaaa21e315f551db9c9f4\mergetool-2.0.0-api.jar
[Architectury Transformer DEBUG]  - C:\Users\VoiceLessQ\.gradle\caches\modules-2\files-2.1\org.ow2.asm\asm-util\9.8\395f1c1f035258511f27bc9b2583d76e4b143f59\asm-util-9.8.jar
[Architectury Transformer DEBUG]  - C:\Users\VoiceLessQ\.gradle\caches\modules-2\files-2.1\org.ow2.asm\asm-analysis\9.8\b9747a320844b6cb1eacd90d8ecfd260a16c01d3\asm-analysis-9.8.jar
[Architectury Transformer DEBUG]  - C:\Users\VoiceLessQ\.gradle\caches\modules-2\files-2.1\io.github.juuxel\unprotect-fancymodloader10\2.0.2\96f3771ea4502dd18d3e8e11d43e303dfe6df1d2\unprotect-fancymodloader10-2.0.2.jar
[Architectury Transformer DEBUG]  - C:\Users\VoiceLessQ\.gradle\caches\modules-2\files-2.1\io.github.juuxel\unprotect\2.0.2\d79e894ec170237a02281b45e3203df6306675d6\unprotect-2.0.2.jar
[Architectury Transformer DEBUG]  - C:\Users\VoiceLessQ\.gradle\caches\modules-2\files-2.1\org.ow2.asm\asm-tree\9.8\18419ca5b77a2f81097c741e7872e6ab8d2f40d\asm-tree-9.8.jar
[Architectury Transformer DEBUG]  - C:\Users\VoiceLessQ\.gradle\caches\modules-2\files-2.1\net.neoforged\bus\8.0.5\5b2d33285ab5d1554e9798ad98c40d6ea3868bd5\bus-8.0.5.jar
[Architectury Transformer DEBUG]  - C:\Users\VoiceLessQ\.gradle\caches\modules-2\files-2.1\org.ow2.asm\asm\9.8\dc19ecb3f7889b7860697215cae99c0f9b6f6b4b\asm-9.8.jar
[Architectury Transformer DEBUG]  - C:\Users\VoiceLessQ\.gradle\caches\modules-2\files-2.1\com.electronwill.night-config\toml\3.8.3\90b2fd6efcb4a7d5b9810cf78f9d824994d717f2\toml-3.8.3.jar
[Architectury Transformer DEBUG]  - C:\Users\VoiceLessQ\.gradle\caches\modules-2\files-2.1\com.electronwill.night-config\core\3.8.3\b442a95f09e349927f5a945ecb594455870fcf4f\core-3.8.3.jar
[Architectury Transformer DEBUG]  - C:\Users\VoiceLessQ\.gradle\caches\modules-2\files-2.1\net.neoforged\JarJarSelector\0.5.0\64e4956b8dcdd6537eba96590f12fa1f3ba2f831\JarJarSelector-0.5.0.jar
[Architectury Transformer DEBUG]  - C:\Users\VoiceLessQ\.gradle\caches\modules-2\files-2.1\net.neoforged\JarJarMetadata\0.5.0\6f03d0ac17102c33cb7384e42a2e22eda2a3ad8c\JarJarMetadata-0.5.0.jar
[Architectury Transformer DEBUG]  - C:\Users\VoiceLessQ\.gradle\caches\modules-2\files-2.1\org.apache.maven\maven-artifact\3.9.9\a130ec431ef32e12a4424f9b074735bb58e15d2d\maven-artifact-3.9.9.jar
[Architectury Transformer DEBUG]  - C:\Users\VoiceLessQ\.gradle\caches\modules-2\files-2.1\net.jodah\typetools\0.6.3\a01aaa6ddaea9ec07ec4f209487b7a46a526283a\typetools-0.6.3.jar
[Architectury Transformer DEBUG]  - C:\Users\VoiceLessQ\.gradle\caches\modules-2\files-2.1\net.minecrell\terminalconsoleappender\1.3.0\b562e9bb61235c9520e26282cdee71f8f802d1fc\terminalconsoleappender-1.3.0.jar
[Architectury Transformer DEBUG]  - C:\Users\VoiceLessQ\.gradle\caches\modules-2\files-2.1\io.github.llamalad7\mixinextras-neoforge\0.5.0\d734b83ce6542bb70ea31755c1595b88992dbe65\mixinextras-neoforge-0.5.0.jar
[Architectury Transformer DEBUG]  - C:\Users\VoiceLessQ\.gradle\caches\modules-2\files-2.1\net.sf.jopt-simple\jopt-simple\5.0.4\4fdac2fbe92dfad86aa6e9301736f6b4342a3f5c\jopt-simple-5.0.4.jar
[Architectury Transformer DEBUG]  - C:\Users\VoiceLessQ\.gradle\caches\modules-2\files-2.1\net.neoforged.accesstransformers\at-parser\11.0.2\64aae57d6d26d69543c5275181fe6971707a4e16\at-parser-11.0.2.jar
[Architectury Transformer DEBUG]  - C:\Users\VoiceLessQ\.gradle\caches\modules-2\files-2.1\com.mojang\logging\1.6.11\fd147240733010c158249d986323f9ef98977fe\logging-1.6.11.jar
[Architectury Transformer DEBUG]  - C:\Users\VoiceLessQ\.gradle\caches\modules-2\files-2.1\org.apache.logging.log4j\log4j-slf4j2-impl\2.25.2\5eec0c392661dee8a366baec17e8896900dd978f\log4j-slf4j2-impl-2.25.2.jar
[Architectury Transformer DEBUG]  - C:\Users\VoiceLessQ\.gradle\caches\modules-2\files-2.1\org.slf4j\slf4j-api\2.0.17\d9e58ac9c7779ba3bf8142aff6c830617a7fe60f\slf4j-api-2.0.17.jar
[Architectury Transformer DEBUG]  - C:\Users\VoiceLessQ\.gradle\caches\modules-2\files-2.1\org.apache.logging.log4j\log4j-core\2.25.2\d4d0ad2e51e03e531f784891fbfff1bae1e13a12\log4j-core-2.25.2.jar
[Architectury Transformer DEBUG]  - C:\Users\VoiceLessQ\.gradle\caches\modules-2\files-2.1\org.apache.logging.log4j\log4j-api\2.25.2\292c1a2b1702f1e1e3adb13e1c57e5bff60335ff\log4j-api-2.25.2.jar
[Architectury Transformer DEBUG]  - C:\Users\VoiceLessQ\.gradle\caches\modules-2\files-2.1\org.jline\jline-reader\3.20.0\8f15415b022a25b473e8e16c28ae913186ffb9c4\jline-reader-3.20.0.jar
[Architectury Transformer DEBUG]  - C:\Users\VoiceLessQ\.gradle\caches\modules-2\files-2.1\org.jline\jline-terminal\3.20.0\d0ddcc708ddf527a3454c941b7b9225cc83a15ff\jline-terminal-3.20.0.jar
[Architectury Transformer DEBUG]  - C:\Users\VoiceLessQ\.gradle\caches\modules-2\files-2.1\commons-io\commons-io\2.20.0\36f3474daec2849c149e877614e7f979b2082cd2\commons-io-2.20.0.jar
[Architectury Transformer DEBUG]  - C:\Users\VoiceLessQ\.gradle\caches\modules-2\files-2.1\org.lwjgl\lwjgl-tinyfd\3.3.3\82d755ca94b102e9ca77283b9e2dc46d1b15fbe5\lwjgl-tinyfd-3.3.3.jar
[Architectury Transformer DEBUG]  - C:\Users\VoiceLessQ\.gradle\caches\modules-2\files-2.1\org.lwjgl\lwjgl-glfw\3.3.3\efa1eb78c5ccd840e9f329717109b5e892d72f8e\lwjgl-glfw-3.3.3.jar
[Architectury Transformer DEBUG]  - C:\Users\VoiceLessQ\.gradle\caches\modules-2\files-2.1\org.lwjgl\lwjgl-opengl\3.3.3\2f6b0147078396a58979125a4c947664e98293a\lwjgl-opengl-3.3.3.jar
[Architectury Transformer DEBUG]  - C:\Users\VoiceLessQ\.gradle\caches\modules-2\files-2.1\org.lwjgl\lwjgl-stb\3.3.3\25dd6161988d7e65f71d5065c99902402ee32746\lwjgl-stb-3.3.3.jar
[Architectury Transformer DEBUG]  - C:\Users\VoiceLessQ\.gradle\caches\modules-2\files-2.1\org.lwjgl\lwjgl\3.3.3\29589b5f87ed335a6c7e7ee6a5775f81f97ecb84\lwjgl-3.3.3.jar
[Architectury Transformer DEBUG]  - C:\Users\VoiceLessQ\.gradle\caches\modules-2\files-2.1\net.minecraftforge\srgutils\0.4.15\ca408b131759478f164e010fae0d73997e125fb5\srgutils-0.4.15.jar
[Architectury Transformer DEBUG]  - C:\Users\VoiceLessQ\.gradle\caches\modules-2\files-2.1\com.google.guava\guava\33.5.0-jre\8699de25f2f979108d6c1b804a7ba38cda1116bc\guava-33.5.0-jre.jar
[Architectury Transformer DEBUG]  - C:\Users\VoiceLessQ\.gradle\caches\modules-2\files-2.1\com.google.guava\failureaccess\1.0.3\aeaffd00d57023a2c947393ed251f0354f0985fc\failureaccess-1.0.3.jar
[Architectury Transformer DEBUG]  - C:\Users\VoiceLessQ\.gradle\caches\modules-2\files-2.1\com.google.guava\listenablefuture\9999.0-empty-to-avoid-conflict-with-guava\b421526c5f297295adef1c886e5246c39d4ac629\listenablefuture-9999.0-empty-to-avoid-conflict-with-guava.jar
[Architectury Transformer DEBUG]  - C:\Users\VoiceLessQ\.gradle\caches\modules-2\files-2.1\org.jspecify\jspecify\1.0.0\7425a601c1c7ec76645a78d22b8c6a627edee507\jspecify-1.0.0.jar
[Architectury Transformer DEBUG]  - C:\Users\VoiceLessQ\.gradle\caches\modules-2\files-2.1\com.google.code.gson\gson\2.13.2\48b8230771e573b54ce6e867a9001e75977fe78e\gson-2.13.2.jar
[Architectury Transformer DEBUG]  - C:\Users\VoiceLessQ\.gradle\caches\modules-2\files-2.1\com.google.errorprone\error_prone_annotations\2.41.0\4381275efdef6ddfae38f002c31e84cd001c97f0\error_prone_annotations-2.41.0.jar
[Architectury Transformer DEBUG]  - C:\Users\VoiceLessQ\.gradle\caches\modules-2\files-2.1\com.google.j2objc\j2objc-annotations\3.1\a892ca9507839bbdb900d64310ac98256cab992f\j2objc-annotations-3.1.jar
[Architectury Transformer DEBUG]  - C:\Users\VoiceLessQ\.gradle\caches\modules-2\files-2.1\org.codehaus.plexus\plexus-utils\3.5.1\c6bfb17c97ecc8863e88778ea301be742c62b06d\plexus-utils-3.5.1.jar
[Architectury Transformer DEBUG]  - C:\Users\VoiceLessQ\.gradle\caches\modules-2\files-2.1\org.apache.commons\commons-lang3\3.19.0\d6524b169a6574cd253760c472d419b47bfd37e6\commons-lang3-3.19.0.jar
[Architectury Transformer DEBUG]  - C:\Users\VoiceLessQ\.gradle\caches\modules-2\files-2.1\at.yawk.lz4\lz4-java\1.8.1\1f30a180ee04ccd53339a716aec13cae60a013b5\lz4-java-1.8.1.jar
[Architectury Transformer DEBUG]  - C:\Users\VoiceLessQ\.gradle\caches\modules-2\files-2.1\com.azure\azure-json\1.4.0\fcc1d354dbc3e0300e5276b1bf124d0247799cd8\azure-json-1.4.0.jar
[Architectury Transformer DEBUG]  - C:\Users\VoiceLessQ\.gradle\caches\modules-2\files-2.1\com.github.oshi\oshi-core\6.9.0\3224870731860cfcd7744581a05b559e94291e7\oshi-core-6.9.0.jar
[Architectury Transformer DEBUG]  - C:\Users\VoiceLessQ\.gradle\caches\modules-2\files-2.1\com.ibm.icu\icu4j\77.1\38693cf0b1d7362a8b726af74dc06026a7c23809\icu4j-77.1.jar
[Architectury Transformer DEBUG]  - C:\Users\VoiceLessQ\.gradle\caches\modules-2\files-2.1\com.microsoft.azure\msal4j\1.23.1\6c722b514873b24a4e1ce9c22dca36ea3c22bdbe\msal4j-1.23.1.jar
[Architectury Transformer DEBUG]  - C:\Users\VoiceLessQ\.gradle\caches\modules-2\files-2.1\com.mojang\authlib\7.0.61\efee1e6b54e863108576eb3b3ae71144626aaefc\authlib-7.0.61.jar
[Architectury Transformer DEBUG]  - C:\Users\VoiceLessQ\.gradle\caches\modules-2\files-2.1\com.mojang\blocklist\1.0.10\5c685c5ffa94c4cd39496c7184c1d122e515ecef\blocklist-1.0.10.jar
[Architectury Transformer DEBUG]  - C:\Users\VoiceLessQ\.gradle\caches\modules-2\files-2.1\com.mojang\brigadier\1.3.10\d15b53a14cf20fdcaa98f731af5dda654452c010\brigadier-1.3.10.jar
[Architectury Transformer DEBUG]  - C:\Users\VoiceLessQ\.gradle\caches\modules-2\files-2.1\com.mojang\datafixerupper\9.0.19\4e91f9712fa1e83231d1501625381b0210a977da\datafixerupper-9.0.19.jar
[Architectury Transformer DEBUG]  - C:\Users\VoiceLessQ\.gradle\caches\modules-2\files-2.1\com.mojang\jtracy\1.0.37\a3fb649b2e2b2288d2978f0b0bc3d83f62809d1e\jtracy-1.0.37.jar
[Architectury Transformer DEBUG]  - C:\Users\VoiceLessQ\.gradle\caches\modules-2\files-2.1\com.mojang\patchy\2.2.10\da05971b07cbb379d002cf7eaec6a2048211fefc\patchy-2.2.10.jar
[Architectury Transformer DEBUG]  - C:\Users\VoiceLessQ\.gradle\caches\modules-2\files-2.1\com.mojang\text2speech\1.18.11\e853a12cdd6ba4f4836e8f4bf3b37844a13482b6\text2speech-1.18.11.jar
[Architectury Transformer DEBUG]  - C:\Users\VoiceLessQ\.gradle\caches\modules-2\files-2.1\commons-codec\commons-codec\1.19.0\8c0dbe3ae883fceda9b50a6c76e745e548073388\commons-codec-1.19.0.jar
[Architectury Transformer DEBUG]  - C:\Users\VoiceLessQ\.gradle\caches\modules-2\files-2.1\io.netty\netty-buffer\4.2.7.Final\5555ff561643bf2f8430fb57c24403c0efe15994\netty-buffer-4.2.7.Final.jar
[Architectury Transformer DEBUG]  - C:\Users\VoiceLessQ\.gradle\caches\modules-2\files-2.1\io.netty\netty-codec-base\4.2.7.Final\915e381ebabcf115f1c7ff7032d55c48afb50210\netty-codec-base-4.2.7.Final.jar
[Architectury Transformer DEBUG]  - C:\Users\VoiceLessQ\.gradle\caches\modules-2\files-2.1\io.netty\netty-codec-compression\4.2.7.Final\572341bc1ca90fd9d6e47f1d2694aab5258566e9\netty-codec-compression-4.2.7.Final.jar
[Architectury Transformer DEBUG]  - C:\Users\VoiceLessQ\.gradle\caches\modules-2\files-2.1\io.netty\netty-codec-http\4.2.7.Final\b734c108854099c421fd94d92d9f865e4d4da853\netty-codec-http-4.2.7.Final.jar
[Architectury Transformer DEBUG]  - C:\Users\VoiceLessQ\.gradle\caches\modules-2\files-2.1\io.netty\netty-common\4.2.7.Final\11aa30df26af4fca3239ac1917f303a280f301e1\netty-common-4.2.7.Final.jar
[Architectury Transformer DEBUG]  - C:\Users\VoiceLessQ\.gradle\caches\modules-2\files-2.1\io.netty\netty-handler\4.2.7.Final\7ad8a1f851e2e6fe93cdd091871fda2b81c03b5b\netty-handler-4.2.7.Final.jar
[Architectury Transformer DEBUG]  - C:\Users\VoiceLessQ\.gradle\caches\modules-2\files-2.1\io.netty\netty-resolver\4.2.7.Final\5f3e5ef8de03992cd4fb46960dc0085ec1a12a12\netty-resolver-4.2.7.Final.jar
[Architectury Transformer DEBUG]  - C:\Users\VoiceLessQ\.gradle\caches\modules-2\files-2.1\io.netty\netty-transport-classes-epoll\4.2.7.Final\1075c09f48a78eef9d819fbfd9096b903fdd362a\netty-transport-classes-epoll-4.2.7.Final.jar
[Architectury Transformer DEBUG]  - C:\Users\VoiceLessQ\.gradle\caches\modules-2\files-2.1\io.netty\netty-transport-classes-kqueue\4.2.7.Final\bdec7c23c75caabd848426d073c09568e8d5f94e\netty-transport-classes-kqueue-4.2.7.Final.jar
[Architectury Transformer DEBUG]  - C:\Users\VoiceLessQ\.gradle\caches\modules-2\files-2.1\io.netty\netty-transport-native-unix-common\4.2.7.Final\89953f04259ea7502cffb313630dd51e00e60669\netty-transport-native-unix-common-4.2.7.Final.jar
[Architectury Transformer DEBUG]  - C:\Users\VoiceLessQ\.gradle\caches\modules-2\files-2.1\io.netty\netty-transport\4.2.7.Final\83ea548981d0d8c4a98027cc1a6f9624f902e142\netty-transport-4.2.7.Final.jar
[Architectury Transformer DEBUG]  - C:\Users\VoiceLessQ\.gradle\caches\modules-2\files-2.1\it.unimi.dsi\fastutil\8.5.18\a6cff377eecc19c2037bf31568a6d7106b50ba1f\fastutil-8.5.18.jar
[Architectury Transformer DEBUG]  - C:\Users\VoiceLessQ\.gradle\caches\modules-2\files-2.1\net.java.dev.jna\jna-platform\5.17.0\a4934c44d25a9d8c2ddf4203affd20330cb3426f\jna-platform-5.17.0.jar
[Architectury Transformer DEBUG]  - C:\Users\VoiceLessQ\.gradle\caches\modules-2\files-2.1\net.java.dev.jna\jna\5.17.0\33d12735bef894440780fce64f9758d420c7bae2\jna-5.17.0.jar
[Architectury Transformer DEBUG]  - C:\Users\VoiceLessQ\.gradle\caches\modules-2\files-2.1\org.apache.commons\commons-compress\1.28.0\e482f2c7a88dac3c497e96aa420b6a769f59c8d7\commons-compress-1.28.0.jar
[Architectury Transformer DEBUG]  - C:\Users\VoiceLessQ\.gradle\caches\modules-2\files-2.1\org.jcraft\jorbis\0.0.17\8872d22b293e8f5d7d56ff92be966e6dc28ebdc6\jorbis-0.0.17.jar
[Architectury Transformer DEBUG]  - C:\Users\VoiceLessQ\.gradle\caches\modules-2\files-2.1\org.joml\joml\1.10.8\fc0a71dad90a2cf41d82a76156a0e700af8e4f8d\joml-1.10.8.jar
[Architectury Transformer DEBUG]  - C:\Users\VoiceLessQ\.gradle\caches\modules-2\files-2.1\org.lwjgl\lwjgl-freetype\3.3.3\a0db6c84a8becc8ca05f9dbfa985edc348a824c7\lwjgl-freetype-3.3.3.jar
[Architectury Transformer DEBUG]  - C:\Users\VoiceLessQ\.gradle\caches\modules-2\files-2.1\org.lwjgl\lwjgl-jemalloc\3.3.3\b543467b7ff3c6920539a88ee602d34098628be5\lwjgl-jemalloc-3.3.3.jar
[Architectury Transformer DEBUG]  - C:\Users\VoiceLessQ\.gradle\caches\modules-2\files-2.1\org.lwjgl\lwjgl-openal\3.3.3\daada81ceb5fc0c291fbfdd4433cb8d9423577f2\lwjgl-openal-3.3.3.jar
[Architectury Transformer DEBUG]  - C:\Users\VoiceLessQ\.gradle\caches\fabric-loom\minecraftMaven\net\minecraft\neoforge-21.11.38-beta-minecraft-merged\1.21.11-loom.mappings.1_21_11.layered+hash.40359-v2-neoforge-21.11.38-beta\neoforge-21.11.38-beta-minecraft-merged-1.21.11-loom.mappings.1_21_11.layered+hash.40359-v2-neoforge-21.11.38-beta.jar
[Architectury Transformer DEBUG]  - C:\Users\VoiceLessQ\.gradle\caches\modules-2\files-2.1\io.netty\netty-transport-native-epoll\4.2.7.Final\e83998bfc10b5289d9bcbe807c4079ef0eed8e6f\netty-transport-native-epoll-4.2.7.Final-linux-x86_64.jar
[Architectury Transformer DEBUG]  - C:\Users\VoiceLessQ\.gradle\caches\modules-2\files-2.1\io.netty\netty-transport-native-epoll\4.2.7.Final\98d02251c98c8f07a23ac5ea27657d9e0ef57614\netty-transport-native-epoll-4.2.7.Final-linux-aarch_64.jar
[Architectury Transformer DEBUG]  - C:\Users\VoiceLessQ\.gradle\caches\modules-2\files-2.1\io.netty\netty-transport-native-kqueue\4.2.7.Final\40868fd4e43bce2798245f790624b58803dc26b6\netty-transport-native-kqueue-4.2.7.Final-osx-x86_64.jar
[Architectury Transformer DEBUG]  - C:\Users\VoiceLessQ\.gradle\caches\modules-2\files-2.1\io.netty\netty-transport-native-kqueue\4.2.7.Final\e5a0feef41410c8a5ae00c6cb4e0c99bd0aded6a\netty-transport-native-kqueue-4.2.7.Final-osx-aarch_64.jar
[Architectury Transformer DEBUG]  - F:\Minecraft modding\Projects\Fabric-Neoforge\Logistic Pipes 2\.gradle\loom-cache\remapped_mods\remapped\dev\architectury\architectury-neoforge-d73eb3ca\19.0.1\architectury-neoforge-d73eb3ca-19.0.1.jar
[Architectury Transformer] Read classpath in 1.191 s
[Architectury Transformer DEBUG] Closed File Systems for F:\Minecraft modding\Projects\Fabric-Neoforge\Logistic Pipes 2\common\build\devlibs\morph-common-1.0.0-dev.jar
[Architectury Transformer DEBUG] Transforming 6 transformer(s) from F:\Minecraft modding\Projects\Fabric-Neoforge\Logistic Pipes 2\common\build\devlibs\morph-common-1.0.0-dev.jar to C:\Users\VOICEL~1\AppData\Local\Temp\18073502988082505907.jar: 
[Architectury Transformer DEBUG]  - dev.architectury.transformer.transformers.TransformExpectPlatform@5f0fd5a0
[Architectury Transformer DEBUG]  - dev.architectury.transformer.transformers.RemapInjectables@64e7619d
[Architectury Transformer DEBUG]  - dev.architectury.transformer.transformers.TransformPlatformOnly@495ee280
[Architectury Transformer DEBUG]  - dev.architectury.transformer.transformers.TransformNeoForgeAnnotations@4fa1c212
[Architectury Transformer DEBUG]  - dev.architectury.transformer.transformers.TransformNeoForgeEnvironment@6ea2bc93
[Architectury Transformer DEBUG]  - dev.architectury.transformer.transformers.GenerateFakeNeoForgeMod@3116c353
[Architectury Transformer DEBUG] Transforming from F:\Minecraft modding\Projects\Fabric-Neoforge\Logistic Pipes 2\common\build\devlibs\morph-common-1.0.0-dev.jar to C:\Users\VOICEL~1\AppData\Local\Temp\18073502988082505907.jar with 6 transformer(s) on dev.architectury.transformer.handler.SimpleTransformerHandler
[Architectury Transformer DEBUG] Remapping with 1 mapping provider(s):
[Architectury Transformer DEBUG]  - dev.architectury.transformer.transformers.TransformNeoForgeEnvironment$$Lambda/0x0000029f5502fb20@7a3793c7
[Architectury Transformer DEBUG] Remapping Classes:
[Architectury Transformer DEBUG] net/fabricmc/api/EnvType -> net/neoforged/api/distmarker/Dist
[Architectury Transformer DEBUG] net/fabricmc/api/Environment -> net/neoforged/api/distmarker/OnlyIn
[Architectury Transformer DEBUG] Found class transformer
[Architectury Transformer DEBUG] Writing com/Morph/ExampleMod with maxs=true frames=true
[Architectury Transformer DEBUG] Writing com/Morph/logisticspipes/LPItems with maxs=true frames=true
[Architectury Transformer DEBUG] Writing com/Morph/logisticspipes/LPMenuTypes with maxs=true frames=true
[Architectury Transformer DEBUG] Writing com/Morph/logisticspipes/LPClientSetup with maxs=true frames=true
[Architectury Transformer DEBUG] Writing com/Morph/logisticspipes/LPBlocks with maxs=true frames=true
[Architectury Transformer DEBUG] Writing com/Morph/logisticspipes/LPConstants with maxs=true frames=true
[Architectury Transformer DEBUG] Writing com/Morph/logisticspipes/LPCreativeTab with maxs=true frames=true
[Architectury Transformer DEBUG] Writing com/Morph/logisticspipes/client/LPPipeRenderer with maxs=true frames=true
[Architectury Transformer DEBUG] Writing com/Morph/logisticspipes/client/LPPipeRenderer$RenderState with maxs=true frames=true
[Architectury Transformer DEBUG] Writing com/Morph/logisticspipes/client/LPPipeRenderer$ItemSnapshot with maxs=true frames=true
[Architectury Transformer DEBUG] Writing com/Morph/logisticspipes/client/LPOverlayRenderer with maxs=true frames=true
[Architectury Transformer DEBUG] Writing com/Morph/logisticspipes/config/LPConfig with maxs=true frames=true
[Architectury Transformer DEBUG] Writing com/Morph/logisticspipes/gui/GhostSlot with maxs=true frames=true
[Architectury Transformer DEBUG] Writing com/Morph/logisticspipes/gui/menu/MenuConnectionUpgrade with maxs=true frames=true
[Architectury Transformer DEBUG] Writing com/Morph/logisticspipes/gui/menu/MenuRequest with maxs=true frames=true
[Architectury Transformer DEBUG] Writing com/Morph/logisticspipes/gui/menu/MenuRequestTable with maxs=true frames=true
[Architectury Transformer DEBUG] Writing com/Morph/logisticspipes/gui/menu/MenuSecurityStation with maxs=true frames=true
[Architectury Transformer DEBUG] Writing com/Morph/logisticspipes/gui/menu/MenuFluidSupplierMk2 with maxs=true frames=true
[Architectury Transformer DEBUG] Writing com/Morph/logisticspipes/gui/menu/MenuOreDictItemSink with maxs=true frames=true
[Architectury Transformer DEBUG] Writing com/Morph/logisticspipes/gui/menu/MenuSatellite with maxs=true frames=true
[Architectury Transformer DEBUG] Writing com/Morph/logisticspipes/gui/menu/MenuSupplier with maxs=true frames=true
[Architectury Transformer DEBUG] Writing com/Morph/logisticspipes/gui/menu/MenuSneakyUpgrade with maxs=true frames=true
[Architectury Transformer DEBUG] Writing com/Morph/logisticspipes/gui/menu/MenuUpgrade$UpgradeSlot with maxs=true frames=true
[Architectury Transformer DEBUG] Writing com/Morph/logisticspipes/gui/menu/MenuCrafter with maxs=true frames=true
[Architectury Transformer DEBUG] Writing com/Morph/logisticspipes/gui/menu/MenuModBasedItemSink with maxs=true frames=true
[Architectury Transformer DEBUG] Writing com/Morph/logisticspipes/gui/menu/MenuFirewall with maxs=true frames=true
[Architectury Transformer DEBUG] Writing com/Morph/logisticspipes/gui/menu/MenuEnchantmentSinkMK2 with maxs=true frames=true
[Architectury Transformer DEBUG] Writing com/Morph/logisticspipes/gui/menu/MenuChassis with maxs=true frames=true
[Architectury Transformer DEBUG] Writing com/Morph/logisticspipes/gui/menu/MenuItemSink with maxs=true frames=true
[Architectury Transformer DEBUG] Writing com/Morph/logisticspipes/gui/menu/MenuProviderFilter with maxs=true frames=true
[Architectury Transformer DEBUG] Writing com/Morph/logisticspipes/gui/menu/MenuUpgrade with maxs=true frames=true
[Architectury Transformer DEBUG] Writing com/Morph/logisticspipes/gui/menu/MenuCreativeTabBasedItemSink with maxs=true frames=true
[Architectury Transformer DEBUG] Writing com/Morph/logisticspipes/gui/menu/MenuFluidRequest with maxs=true frames=true
[Architectury Transformer DEBUG] Writing com/Morph/logisticspipes/gui/screen/ScreenCreativeTabBasedItemSink with maxs=true frames=true
[Architectury Transformer DEBUG] Writing com/Morph/logisticspipes/gui/screen/ScreenOreDictItemSink with maxs=true frames=true
[Architectury Transformer DEBUG] Writing com/Morph/logisticspipes/gui/screen/ScreenModBasedItemSink with maxs=true frames=true
[Architectury Transformer DEBUG] Writing com/Morph/logisticspipes/gui/screen/ScreenProviderFilter with maxs=true frames=true
[Architectury Transformer DEBUG] Writing com/Morph/logisticspipes/gui/screen/ScreenRequestTable with maxs=true frames=true
[Architectury Transformer DEBUG] Writing com/Morph/logisticspipes/gui/screen/ScreenSupplier with maxs=true frames=true
[Architectury Transformer DEBUG] Writing com/Morph/logisticspipes/gui/screen/ScreenFluidRequest with maxs=true frames=true
[Architectury Transformer DEBUG] Writing com/Morph/logisticspipes/gui/screen/ScreenCrafter with maxs=true frames=true
[Architectury Transformer DEBUG] Writing com/Morph/logisticspipes/gui/screen/ScreenConnectionUpgrade with maxs=true frames=true
[Architectury Transformer DEBUG] Writing com/Morph/logisticspipes/gui/screen/ScreenSneakyUpgrade with maxs=true frames=true
[Architectury Transformer DEBUG] Writing com/Morph/logisticspipes/gui/screen/ScreenSecurityStation with maxs=true frames=true
[Architectury Transformer DEBUG] Writing com/Morph/logisticspipes/gui/screen/ScreenFirewall with maxs=true frames=true
[Architectury Transformer DEBUG] Writing com/Morph/logisticspipes/gui/screen/ScreenItemSink with maxs=true frames=true
[Architectury Transformer DEBUG] Writing com/Morph/logisticspipes/gui/screen/ScreenUpgrade with maxs=true frames=true
[Architectury Transformer DEBUG] Writing com/Morph/logisticspipes/gui/screen/ScreenChassis with maxs=true frames=true
[Architectury Transformer DEBUG] Writing com/Morph/logisticspipes/gui/screen/ScreenEnchantmentSinkMK2 with maxs=true frames=true
[Architectury Transformer DEBUG] Writing com/Morph/logisticspipes/gui/screen/ScreenSatellite with maxs=true frames=true
[Architectury Transformer DEBUG] Writing com/Morph/logisticspipes/gui/screen/ScreenFluidSupplierMk2 with maxs=true frames=true
[Architectury Transformer DEBUG] Writing com/Morph/logisticspipes/gui/screen/ScreenRequest with maxs=true frames=true
[Architectury Transformer DEBUG] Writing com/Morph/logisticspipes/interfaces/ILPItemAcceptor with maxs=true frames=true
[Architectury Transformer DEBUG] Writing com/Morph/logisticspipes/interfaces/IRequestWatcher with maxs=true frames=true
[Architectury Transformer DEBUG] Writing com/Morph/logisticspipes/interfaces/IGuiTileEntity with maxs=true frames=true
[Architectury Transformer DEBUG] Writing com/Morph/logisticspipes/interfaces/IInventoryUtil with maxs=true frames=true
[Architectury Transformer DEBUG] Writing com/Morph/logisticspipes/interfaces/ISpawnParticles with maxs=true frames=true
[Architectury Transformer DEBUG] Writing com/Morph/logisticspipes/interfaces/ISlotUpgradeManager with maxs=true frames=true
[Architectury Transformer DEBUG] Writing com/Morph/logisticspipes/interfaces/IChangeListener with maxs=true frames=true
[Architectury Transformer DEBUG] Writing com/Morph/logisticspipes/interfaces/ISpecialInsertion with maxs=true frames=true
[Architectury Transformer DEBUG] Writing com/Morph/logisticspipes/interfaces/ISecurityStationManager with maxs=true frames=true
[Architectury Transformer DEBUG] Writing com/Morph/logisticspipes/interfaces/IPipeUpgradeManager with maxs=true frames=true
[Architectury Transformer DEBUG] Writing com/Morph/logisticspipes/interfaces/ISendRoutedItem with maxs=true frames=true
[Architectury Transformer DEBUG] Writing com/Morph/logisticspipes/interfaces/IStringBasedModule with maxs=true frames=true
[Architectury Transformer DEBUG] Writing com/Morph/logisticspipes/interfaces/IItemSpaceControl with maxs=true frames=true
[Architectury Transformer DEBUG] Writing com/Morph/logisticspipes/interfaces/ILPPositionProvider with maxs=true frames=true
[Architectury Transformer DEBUG] Writing com/Morph/logisticspipes/interfaces/IPipeServiceProvider with maxs=true frames=true
[Architectury Transformer DEBUG] Writing com/Morph/logisticspipes/interfaces/IChainAddList with maxs=true frames=true
[Architectury Transformer DEBUG] Writing com/Morph/logisticspipes/interfaces/ILegacyActiveModule with maxs=true frames=true
[Architectury Transformer DEBUG] Writing com/Morph/logisticspipes/interfaces/routing/IRequestItems with maxs=true frames=true
[Architectury Transformer DEBUG] Writing com/Morph/logisticspipes/interfaces/routing/IFilter with maxs=true frames=true
[Architectury Transformer DEBUG] Writing com/Morph/logisticspipes/interfaces/routing/IProvide with maxs=true frames=true
[Architectury Transformer DEBUG] Writing com/Morph/logisticspipes/interfaces/routing/ICraft with maxs=true frames=true
[Architectury Transformer DEBUG] Writing com/Morph/logisticspipes/interfaces/routing/IItemSpaceControl with maxs=true frames=true
[Architectury Transformer DEBUG] Writing com/Morph/logisticspipes/interfaces/routing/IRequireReliableTransport with maxs=true frames=true
[Architectury Transformer DEBUG] Writing com/Morph/logisticspipes/interfaces/routing/IProvideItems with maxs=true frames=true
[Architectury Transformer DEBUG] Writing com/Morph/logisticspipes/interfaces/routing/IRequest with maxs=true frames=true
[Architectury Transformer DEBUG] Writing com/Morph/logisticspipes/interfaces/routing/IFilteringPipe with maxs=true frames=true
[Architectury Transformer DEBUG] Writing com/Morph/logisticspipes/interfaces/routing/IProvideFluids with maxs=true frames=true
[Architectury Transformer DEBUG] Writing com/Morph/logisticspipes/interfaces/routing/ICraftItems with maxs=true frames=true
[Architectury Transformer DEBUG] Writing com/Morph/logisticspipes/interfaces/routing/IRequestFluid with maxs=true frames=true
[Architectury Transformer DEBUG] Writing com/Morph/logisticspipes/interfaces/routing/IAdditionalTargetInformation with maxs=true frames=true
[Architectury Transformer DEBUG] Writing com/Morph/logisticspipes/inventory/ProviderMode with maxs=true frames=true
[Architectury Transformer DEBUG] Writing com/Morph/logisticspipes/items/PipeBlockItem with maxs=true frames=true
[Architectury Transformer DEBUG] Writing com/Morph/logisticspipes/items/ItemUpgrade with maxs=true frames=true
[Architectury Transformer DEBUG] Writing com/Morph/logisticspipes/items/ItemUpgrade$1 with maxs=true frames=true
[Architectury Transformer DEBUG] Writing com/Morph/logisticspipes/items/ItemUpgrade$2 with maxs=true frames=true
[Architectury Transformer DEBUG] Writing com/Morph/logisticspipes/items/ItemModule with maxs=true frames=true
[Architectury Transformer DEBUG] Writing com/Morph/logisticspipes/logisticspipes/ItemModuleInformationManager with maxs=true frames=true
[Architectury Transformer DEBUG] Writing com/Morph/logisticspipes/logisticspipes/IRoutedItem with maxs=true frames=true
[Architectury Transformer DEBUG] Writing com/Morph/logisticspipes/logisticspipes/IRoutedItem$TransportMode with maxs=true frames=true
[Architectury Transformer DEBUG] Writing com/Morph/logisticspipes/modules/ModuleItemSink with maxs=true frames=true
[Architectury Transformer DEBUG] Writing com/Morph/logisticspipes/modules/ModulePolymorphicItemSink with maxs=true frames=true
[Architectury Transformer DEBUG] Writing com/Morph/logisticspipes/modules/ModuleTerminus with maxs=true frames=true
[Architectury Transformer DEBUG] Writing com/Morph/logisticspipes/modules/ModuleFluidSupplier with maxs=true frames=true
[Architectury Transformer DEBUG] Writing com/Morph/logisticspipes/modules/ModuleSatellite with maxs=true frames=true
[Architectury Transformer DEBUG] Writing com/Morph/logisticspipes/modules/ModuleEnchantmentSink with maxs=true frames=true
[Architectury Transformer DEBUG] Writing com/Morph/logisticspipes/modules/ChassisModule with maxs=true frames=true
[Architectury Transformer DEBUG] Writing com/Morph/logisticspipes/modules/ModuleCrafterMk3 with maxs=true frames=true
[Architectury Transformer DEBUG] Writing com/Morph/logisticspipes/modules/ModuleCrafterMk2 with maxs=true frames=true
[Architectury Transformer DEBUG] Writing com/Morph/logisticspipes/modules/ModuleProvider with maxs=true frames=true
[Architectury Transformer DEBUG] Writing com/Morph/logisticspipes/modules/ModuleCrafter with maxs=true frames=true
[Architectury Transformer DEBUG] Writing com/Morph/logisticspipes/modules/ModuleExtractor with maxs=true frames=true
[Architectury Transformer DEBUG] Writing com/Morph/logisticspipes/modules/ModuleCreativeTabBasedItemSink with maxs=true frames=true
[Architectury Transformer DEBUG] Writing com/Morph/logisticspipes/modules/ModuleCrafter$LostItem with maxs=true frames=true
[Architectury Transformer DEBUG] Writing com/Morph/logisticspipes/modules/ModuleActiveSupplier with maxs=true frames=true
[Architectury Transformer DEBUG] Writing com/Morph/logisticspipes/modules/ModuleModBasedItemSink with maxs=true frames=true
[Architectury Transformer DEBUG] Writing com/Morph/logisticspipes/modules/LogisticsModule with maxs=true frames=true
[Architectury Transformer DEBUG] Writing com/Morph/logisticspipes/modules/LogisticsModule$ModulePositionType with maxs=true frames=true
[Architectury Transformer DEBUG] Writing com/Morph/logisticspipes/modules/ModuleOreDictItemSink with maxs=true frames=true
[Architectury Transformer DEBUG] Writing com/Morph/logisticspipes/modules/ModuleActiveSupplier$PatternMode with maxs=true frames=true
[Architectury Transformer DEBUG] Writing com/Morph/logisticspipes/modules/ModulePassiveSupplier with maxs=true frames=true
[Architectury Transformer DEBUG] Writing com/Morph/logisticspipes/modules/ModuleEnchantmentSinkMK2 with maxs=true frames=true
[Architectury Transformer DEBUG] Writing com/Morph/logisticspipes/modules/ModuleActiveSupplier$SupplyMode with maxs=true frames=true
[Architectury Transformer DEBUG] Writing com/Morph/logisticspipes/network/LPNetworking with maxs=true frames=true
[Architectury Transformer DEBUG] Writing com/Morph/logisticspipes/network/PacketItemSinkImportC2S with maxs=true frames=true
[Architectury Transformer DEBUG] Writing com/Morph/logisticspipes/network/PacketChassisSlotsS2C with maxs=true frames=true
[Architectury Transformer DEBUG] Writing com/Morph/logisticspipes/network/PacketOrdererContentS2C with maxs=true frames=true
[Architectury Transformer DEBUG] Writing com/Morph/logisticspipes/network/PacketSecurityFriendC2S with maxs=true frames=true
[Architectury Transformer DEBUG] Writing com/Morph/logisticspipes/network/PacketNetworkItemsS2C with maxs=true frames=true
[Architectury Transformer DEBUG] Writing com/Morph/logisticspipes/network/PacketMissingItemsS2C with maxs=true frames=true
[Architectury Transformer DEBUG] Writing com/Morph/logisticspipes/network/PacketItemBufferSyncS2C with maxs=true frames=true
[Architectury Transformer DEBUG] Writing com/Morph/logisticspipes/network/PacketModulePropertiesC2S with maxs=true frames=true
[Architectury Transformer DEBUG] Writing com/Morph/logisticspipes/network/PacketPipeStateS2C with maxs=true frames=true
[Architectury Transformer DEBUG] Writing com/Morph/logisticspipes/network/LPNetworking$10 with maxs=true frames=true
[Architectury Transformer DEBUG] Writing com/Morph/logisticspipes/network/PacketPipeManagerContentS2C with maxs=true frames=true
[Architectury Transformer DEBUG] Writing com/Morph/logisticspipes/network/PacketComponentListS2C with maxs=true frames=true
[Architectury Transformer DEBUG] Writing com/Morph/logisticspipes/network/PacketSatelliteNamesS2C with maxs=true frames=true
[Architectury Transformer DEBUG] Writing com/Morph/logisticspipes/network/PacketSecurityStationS2C with maxs=true frames=true
[Architectury Transformer DEBUG] Writing com/Morph/logisticspipes/network/PacketPipeStatS2C with maxs=true frames=true
[Architectury Transformer DEBUG] Writing com/Morph/logisticspipes/network/PacketSubmitRequestC2S with maxs=true frames=true
[Architectury Transformer DEBUG] Writing com/Morph/logisticspipes/network/PacketSupplierModeC2S with maxs=true frames=true
[Architectury Transformer DEBUG] Writing com/Morph/logisticspipes/network/PacketFirewallFlagsC2S with maxs=true frames=true
[Architectury Transformer DEBUG] Writing com/Morph/logisticspipes/network/PacketSecurityLevelC2S with maxs=true frames=true
[Architectury Transformer DEBUG] Writing com/Morph/logisticspipes/network/PacketFluidNetworkS2C with maxs=true frames=true
[Architectury Transformer DEBUG] Writing com/Morph/logisticspipes/network/PacketCraftingPipeUpdateS2C with maxs=true frames=true
[Architectury Transformer DEBUG] Writing com/Morph/logisticspipes/network/PacketPipePositionS2C with maxs=true frames=true
[Architectury Transformer DEBUG] Writing com/Morph/logisticspipes/network/PacketPipeSyncS2C with maxs=true frames=true
[Architectury Transformer DEBUG] Writing com/Morph/logisticspipes/network/PacketRequestItemC2S with maxs=true frames=true
[Architectury Transformer DEBUG] Writing com/Morph/logisticspipes/network/PacketRequestStatC2S with maxs=true frames=true
[Architectury Transformer DEBUG] Writing com/Morph/logisticspipes/network/PacketRequestTableC2S with maxs=true frames=true
[Architectury Transformer DEBUG] Writing com/Morph/logisticspipes/network/LPNetworking$3 with maxs=true frames=true
[Architectury Transformer DEBUG] Writing com/Morph/logisticspipes/network/LPNetworking$5 with maxs=true frames=true
[Architectury Transformer DEBUG] Writing com/Morph/logisticspipes/network/LPNetworking$4 with maxs=true frames=true
[Architectury Transformer DEBUG] Writing com/Morph/logisticspipes/network/LPNetworking$7 with maxs=true frames=true
[Architectury Transformer DEBUG] Writing com/Morph/logisticspipes/network/LPNetworking$8 with maxs=true frames=true
[Architectury Transformer DEBUG] Writing com/Morph/logisticspipes/network/LPNetworking$6 with maxs=true frames=true
[Architectury Transformer DEBUG] Writing com/Morph/logisticspipes/network/LPNetworking$2 with maxs=true frames=true
[Architectury Transformer DEBUG] Writing com/Morph/logisticspipes/network/LPNetworking$9 with maxs=true frames=true
[Architectury Transformer DEBUG] Writing com/Morph/logisticspipes/network/LPNetworking$1 with maxs=true frames=true
[Architectury Transformer DEBUG] Writing com/Morph/logisticspipes/network/PacketSatelliteSetNameC2S with maxs=true frames=true
[Architectury Transformer DEBUG] Writing com/Morph/logisticspipes/network/PacketModuleInvS2C with maxs=true frames=true
[Architectury Transformer DEBUG] Writing com/Morph/logisticspipes/network/PacketSneakySideC2S with maxs=true frames=true
[Architectury Transformer DEBUG] Writing com/Morph/logisticspipes/network/PacketOpenGuiC2S with maxs=true frames=true
[Architectury Transformer DEBUG] Writing com/Morph/logisticspipes/network/PacketModuleInvRequestC2S with maxs=true frames=true
[Architectury Transformer DEBUG] Writing com/Morph/logisticspipes/network/PacketConnectionSidesC2S with maxs=true frames=true
[Architectury Transformer DEBUG] Writing com/Morph/logisticspipes/network/PacketRequestFluidC2S with maxs=true frames=true
[Architectury Transformer DEBUG] Writing com/Morph/logisticspipes/pipefxhandlers/Particles with maxs=true frames=true
[Architectury Transformer DEBUG] Writing com/Morph/logisticspipes/pipes/PipeItemsRemoteOrdererLogistics$1 with maxs=true frames=true
[Architectury Transformer DEBUG] Writing com/Morph/logisticspipes/pipes/PipeItemsRemoteOrdererLogistics with maxs=true frames=true
[Architectury Transformer DEBUG] Writing com/Morph/logisticspipes/pipes/PipeItemsRequestLogistics with maxs=true frames=true
[Architectury Transformer DEBUG] Writing com/Morph/logisticspipes/pipes/PipeBlockRequestTable$PipeTransportRequestTable with maxs=true frames=true
[Architectury Transformer DEBUG] Writing com/Morph/logisticspipes/pipes/PipeItemsBasicLogistics with maxs=true frames=true
[Architectury Transformer DEBUG] Writing com/Morph/logisticspipes/pipes/PipeFluidSatellite with maxs=true frames=true
[Architectury Transformer DEBUG] Writing com/Morph/logisticspipes/pipes/PipeFluidInsertion with maxs=true frames=true
[Architectury Transformer DEBUG] Writing com/Morph/logisticspipes/pipes/PipeItemsSupplierLogistics with maxs=true frames=true
[Architectury Transformer DEBUG] Writing com/Morph/logisticspipes/pipes/PipeItemsCraftingLogistics$1 with maxs=true frames=true
[Architectury Transformer DEBUG] Writing com/Morph/logisticspipes/pipes/PipeFluidSupplier with maxs=true frames=true
[Architectury Transformer DEBUG] Writing com/Morph/logisticspipes/pipes/PipeLogisticsChassis$ChassiTargetInformation with maxs=true frames=true
[Architectury Transformer DEBUG] Writing com/Morph/logisticspipes/pipes/PipeFluidSupplierMk2 with maxs=true frames=true
[Architectury Transformer DEBUG] Writing com/Morph/logisticspipes/pipes/PipeFluidBasic with maxs=true frames=true
[Architectury Transformer DEBUG] Writing com/Morph/logisticspipes/pipes/PipeFluidSupplierMk2$1 with maxs=true frames=true
[Architectury Transformer DEBUG] Writing com/Morph/logisticspipes/pipes/PipeFluidRequestLogistics with maxs=true frames=true
[Architectury Transformer DEBUG] Writing com/Morph/logisticspipes/pipes/PipeItemsCraftingLogisticsMk2$1 with maxs=true frames=true
[Architectury Transformer DEBUG] Writing com/Morph/logisticspipes/pipes/PipeItemsCraftingLogisticsMk2 with maxs=true frames=true
[Architectury Transformer DEBUG] Writing com/Morph/logisticspipes/pipes/PipeItemsCraftingLogisticsMk3 with maxs=true frames=true
[Architectury Transformer DEBUG] Writing com/Morph/logisticspipes/pipes/PipeItemsRequestLogisticsMk3 with maxs=true frames=true
[Architectury Transformer DEBUG] Writing com/Morph/logisticspipes/pipes/PipeItemsRequestLogisticsMk2 with maxs=true frames=true
[Architectury Transformer DEBUG] Writing com/Morph/logisticspipes/pipes/PipeItemsSupplierLogistics$1 with maxs=true frames=true
[Architectury Transformer DEBUG] Writing com/Morph/logisticspipes/pipes/PipeItemsBasicTransport with maxs=true frames=true
[Architectury Transformer DEBUG] Writing com/Morph/logisticspipes/pipes/PipeFluidRequestLogistics$1 with maxs=true frames=true
[Architectury Transformer DEBUG] Writing com/Morph/logisticspipes/pipes/PipeLogisticsChassis$1 with maxs=true frames=true
[Architectury Transformer DEBUG] Writing com/Morph/logisticspipes/pipes/PipeLogisticsChassis$2 with maxs=true frames=true
[Architectury Transformer DEBUG] Writing com/Morph/logisticspipes/pipes/PipeBlockRequestTable with maxs=true frames=true
[Architectury Transformer DEBUG] Writing com/Morph/logisticspipes/pipes/PipeItemsRequestLogisticsMk3$1 with maxs=true frames=true
[Architectury Transformer DEBUG] Writing com/Morph/logisticspipes/pipes/PipeFluidCrafting with maxs=true frames=true
[Architectury Transformer DEBUG] Writing com/Morph/logisticspipes/pipes/PipeItemsCraftingLogisticsMk3$1 with maxs=true frames=true
[Architectury Transformer DEBUG] Writing com/Morph/logisticspipes/pipes/PipeItemsRequestLogisticsMk3$2 with maxs=true frames=true
[Architectury Transformer DEBUG] Writing com/Morph/logisticspipes/pipes/PipeItemsQuickSortLogistics with maxs=true frames=true
[Architectury Transformer DEBUG] Writing com/Morph/logisticspipes/pipes/PipeFluidProvider with maxs=true frames=true
[Architectury Transformer DEBUG] Writing com/Morph/logisticspipes/pipes/PipeItemsRequestLogistics$2 with maxs=true frames=true
[Architectury Transformer DEBUG] Writing com/Morph/logisticspipes/pipes/PipeItemsRequestLogistics$1 with maxs=true frames=true
[Architectury Transformer DEBUG] Writing com/Morph/logisticspipes/pipes/PipeItemsBasicLogistics$1 with maxs=true frames=true
[Architectury Transformer DEBUG] Writing com/Morph/logisticspipes/pipes/PipeItemsCraftingLogistics with maxs=true frames=true
[Architectury Transformer DEBUG] Writing com/Morph/logisticspipes/pipes/PipeItemsRequestLogisticsMk2$2 with maxs=true frames=true
[Architectury Transformer DEBUG] Writing com/Morph/logisticspipes/pipes/PipeItemsRequestLogisticsMk2$1 with maxs=true frames=true
[Architectury Transformer DEBUG] Writing com/Morph/logisticspipes/pipes/PipeItemsFirewall with maxs=true frames=true
[Architectury Transformer DEBUG] Writing com/Morph/logisticspipes/pipes/PipeItemsSatelliteLogistics with maxs=true frames=true
[Architectury Transformer DEBUG] Writing com/Morph/logisticspipes/pipes/PipeFluidSatellite$1 with maxs=true frames=true
[Architectury Transformer DEBUG] Writing com/Morph/logisticspipes/pipes/PipeItemsFluidSupplier$1 with maxs=true frames=true
[Architectury Transformer DEBUG] Writing com/Morph/logisticspipes/pipes/PipeItemsSystemDestinationLogistics with maxs=true frames=true
[Architectury Transformer DEBUG] Writing com/Morph/logisticspipes/pipes/PipeItemsFluidSupplier$2 with maxs=true frames=true
[Architectury Transformer DEBUG] Writing com/Morph/logisticspipes/pipes/PipeItemsChassisMk3 with maxs=true frames=true
[Architectury Transformer DEBUG] Writing com/Morph/logisticspipes/pipes/PipeFluidProvider$PendingDelivery with maxs=true frames=true
[Architectury Transformer DEBUG] Writing com/Morph/logisticspipes/pipes/PipeItemsChassisMk5 with maxs=true frames=true
[Architectury Transformer DEBUG] Writing com/Morph/logisticspipes/pipes/PipeItemsChassisMk1 with maxs=true frames=true
[Architectury Transformer DEBUG] Writing com/Morph/logisticspipes/pipes/PipeItemsChassisMk4 with maxs=true frames=true
[Architectury Transformer DEBUG] Writing com/Morph/logisticspipes/pipes/PipeItemsChassisMk2 with maxs=true frames=true
[Architectury Transformer DEBUG] Writing com/Morph/logisticspipes/pipes/PipeItemsProviderLogistics with maxs=true frames=true
[Architectury Transformer DEBUG] Writing com/Morph/logisticspipes/pipes/PipeItemsFluidSupplier with maxs=true frames=true
[Architectury Transformer DEBUG] Writing com/Morph/logisticspipes/pipes/PipeLogisticsChassis with maxs=true frames=true
[Architectury Transformer DEBUG] Writing com/Morph/logisticspipes/pipes/PipeItemsFirewall$1 with maxs=true frames=true
[Architectury Transformer DEBUG] Writing com/Morph/logisticspipes/pipes/PipeItemsFirewall$2 with maxs=true frames=true
[Architectury Transformer DEBUG] Writing com/Morph/logisticspipes/pipes/PipeFluidExtractor with maxs=true frames=true
[Architectury Transformer DEBUG] Writing com/Morph/logisticspipes/pipes/PipeItemsSatelliteLogistics$1 with maxs=true frames=true
[Architectury Transformer DEBUG] Writing com/Morph/logisticspipes/pipes/PipeItemsProviderLogistics$1 with maxs=true frames=true
[Architectury Transformer DEBUG] Writing com/Morph/logisticspipes/pipes/PipeItemsSystemEntranceLogistics with maxs=true frames=true
[Architectury Transformer DEBUG] Writing com/Morph/logisticspipes/pipes/PipeBlockRequestTable$1 with maxs=true frames=true
[Architectury Transformer DEBUG] Writing com/Morph/logisticspipes/pipes/basic/CoreRoutedPipe with maxs=true frames=true
[Architectury Transformer DEBUG] Writing com/Morph/logisticspipes/pipes/basic/CoreUnroutedPipe with maxs=true frames=true
[Architectury Transformer DEBUG] Writing com/Morph/logisticspipes/pipes/basic/LogisticsPipeBlock with maxs=true frames=true
[Architectury Transformer DEBUG] Writing com/Morph/logisticspipes/pipes/basic/CoreRoutedPipe$1 with maxs=true frames=true
[Architectury Transformer DEBUG] Writing com/Morph/logisticspipes/pipes/basic/LogisticsPipeBlockEntity with maxs=true frames=true
[Architectury Transformer DEBUG] Writing com/Morph/logisticspipes/pipes/basic/CoreRoutedPipe$ItemSendMode with maxs=true frames=true
[Architectury Transformer DEBUG] Writing com/Morph/logisticspipes/pipes/upgrades/AdvancedSatelliteUpgrade with maxs=true frames=true
[Architectury Transformer DEBUG] Writing com/Morph/logisticspipes/pipes/upgrades/IConfigPipeUpgrade with maxs=true frames=true
[Architectury Transformer DEBUG] Writing com/Morph/logisticspipes/pipes/upgrades/UpgradeModuleUpgrade with maxs=true frames=true
[Architectury Transformer DEBUG] Writing com/Morph/logisticspipes/pipes/upgrades/CombinedSneakyUpgrade with maxs=true frames=true
[Architectury Transformer DEBUG] Writing com/Morph/logisticspipes/pipes/upgrades/PowerTransportationUpgrade with maxs=true frames=true
[Architectury Transformer DEBUG] Writing com/Morph/logisticspipes/pipes/upgrades/ConnectionUpgradeConfig$Sides with maxs=true frames=true
[Architectury Transformer DEBUG] Writing com/Morph/logisticspipes/pipes/upgrades/SneakyUpgradeConfig with maxs=true frames=true
[Architectury Transformer DEBUG] Writing com/Morph/logisticspipes/pipes/upgrades/SpeedUpgrade with maxs=true frames=true
[Architectury Transformer DEBUG] Writing com/Morph/logisticspipes/pipes/upgrades/UpgradeManager with maxs=true frames=true
[Architectury Transformer DEBUG] Writing com/Morph/logisticspipes/pipes/upgrades/ConnectionUpgradeConfig with maxs=true frames=true
[Architectury Transformer DEBUG] Writing com/Morph/logisticspipes/pipes/upgrades/UpgradeManager$1 with maxs=true frames=true
[Architectury Transformer DEBUG] Writing com/Morph/logisticspipes/pipes/upgrades/ActionSpeedUpgrade with maxs=true frames=true
[Architectury Transformer DEBUG] Writing com/Morph/logisticspipes/pipes/upgrades/SneakyUpgradeConfig$Sides with maxs=true frames=true
[Architectury Transformer DEBUG] Writing com/Morph/logisticspipes/pipes/upgrades/LogicControllerUpgrade with maxs=true frames=true
[Architectury Transformer DEBUG] Writing com/Morph/logisticspipes/pipes/upgrades/FuzzyUpgrade with maxs=true frames=true
[Architectury Transformer DEBUG] Writing com/Morph/logisticspipes/pipes/upgrades/ModuleUpgradeManager with maxs=true frames=true
[Architectury Transformer DEBUG] Writing com/Morph/logisticspipes/pipes/upgrades/CraftingCleanupUpgrade with maxs=true frames=true
[Architectury Transformer DEBUG] Writing com/Morph/logisticspipes/pipes/upgrades/CraftingMonitoringUpgrade with maxs=true frames=true
[Architectury Transformer DEBUG] Writing com/Morph/logisticspipes/pipes/upgrades/CraftingByproductUpgrade with maxs=true frames=true
[Architectury Transformer DEBUG] Writing com/Morph/logisticspipes/pipes/upgrades/ItemExtractionUpgrade with maxs=true frames=true
[Architectury Transformer DEBUG] Writing com/Morph/logisticspipes/pipes/upgrades/FluidCraftingUpgrade with maxs=true frames=true
[Architectury Transformer DEBUG] Writing com/Morph/logisticspipes/pipes/upgrades/PatternUpgrade with maxs=true frames=true
[Architectury Transformer DEBUG] Writing com/Morph/logisticspipes/pipes/upgrades/IPipeUpgrade with maxs=true frames=true
[Architectury Transformer DEBUG] Writing com/Morph/logisticspipes/pipes/upgrades/ItemStackExtractionUpgrade with maxs=true frames=true
[Architectury Transformer DEBUG] Writing com/Morph/logisticspipes/pipes/upgrades/OpaqueUpgrade with maxs=true frames=true
[Architectury Transformer DEBUG] Writing com/Morph/logisticspipes/platform/IPlatformHelper with maxs=true frames=true
[Architectury Transformer DEBUG] Writing com/Morph/logisticspipes/platform/PlatformHelper with maxs=true frames=true
[Architectury Transformer DEBUG] Writing com/Morph/logisticspipes/power/FreePowerProvider with maxs=true frames=true
[Architectury Transformer DEBUG] Writing com/Morph/logisticspipes/power/IPowerProvider with maxs=true frames=true
[Architectury Transformer DEBUG] Writing com/Morph/logisticspipes/proxy/computers/interfaces/ILPCCTypeHolder with maxs=true frames=true
[Architectury Transformer DEBUG] Writing com/Morph/logisticspipes/request/RequestTreeNode with maxs=true frames=true
[Architectury Transformer DEBUG] Writing com/Morph/logisticspipes/request/RequestTree$ActiveRequestType with maxs=true frames=true
[Architectury Transformer DEBUG] Writing com/Morph/logisticspipes/request/RequestTreeNode$CraftingSorterNode with maxs=true frames=true
[Architectury Transformer DEBUG] Writing com/Morph/logisticspipes/request/IExtraPromise with maxs=true frames=true
[Architectury Transformer DEBUG] Writing com/Morph/logisticspipes/request/ItemCraftingTemplate with maxs=true frames=true
[Architectury Transformer DEBUG] Writing com/Morph/logisticspipes/request/IPromise with maxs=true frames=true
[Architectury Transformer DEBUG] Writing com/Morph/logisticspipes/request/RequestTree with maxs=true frames=true
[Architectury Transformer DEBUG] Writing com/Morph/logisticspipes/request/RequestHandler with maxs=true frames=true
[Architectury Transformer DEBUG] Writing com/Morph/logisticspipes/request/RequestHandler$4 with maxs=true frames=true
[Architectury Transformer DEBUG] Writing com/Morph/logisticspipes/request/RequestHandler$DisplayOptions with maxs=true frames=true
[Architectury Transformer DEBUG] Writing com/Morph/logisticspipes/request/RequestHandler$1 with maxs=true frames=true
[Architectury Transformer DEBUG] Writing com/Morph/logisticspipes/request/RequestHandler$3 with maxs=true frames=true
[Architectury Transformer DEBUG] Writing com/Morph/logisticspipes/request/RequestHandler$2 with maxs=true frames=true
[Architectury Transformer DEBUG] Writing com/Morph/logisticspipes/request/RequestTree$WorkWeightedSorter with maxs=true frames=true
[Architectury Transformer DEBUG] Writing com/Morph/logisticspipes/request/IReqCraftingTemplate with maxs=true frames=true
[Architectury Transformer DEBUG] Writing com/Morph/logisticspipes/request/ICraftingTemplate with maxs=true frames=true
[Architectury Transformer DEBUG] Writing com/Morph/logisticspipes/request/RequestLog with maxs=true frames=true
[Architectury Transformer DEBUG] Writing com/Morph/logisticspipes/request/resources/DictResource with maxs=true frames=true
[Architectury Transformer DEBUG] Writing com/Morph/logisticspipes/request/resources/FluidResource with maxs=true frames=true
[Architectury Transformer DEBUG] Writing com/Morph/logisticspipes/request/resources/ItemResource with maxs=true frames=true
[Architectury Transformer DEBUG] Writing com/Morph/logisticspipes/request/resources/IResource with maxs=true frames=true
[Architectury Transformer DEBUG] Writing com/Morph/logisticspipes/request/resources/DictResource$FuzzyFlag with maxs=true frames=true
[Architectury Transformer DEBUG] Writing com/Morph/logisticspipes/request/resources/IResource$MatchSettings with maxs=true frames=true
[Architectury Transformer DEBUG] Writing com/Morph/logisticspipes/request/resources/ItemResource$1 with maxs=true frames=true
[Architectury Transformer DEBUG] Writing com/Morph/logisticspipes/routing/ClientRouter with maxs=true frames=true
[Architectury Transformer DEBUG] Writing com/Morph/logisticspipes/routing/LogisticsExtraPromise with maxs=true frames=true
[Architectury Transformer DEBUG] Writing com/Morph/logisticspipes/routing/ServerRouter with maxs=true frames=true
[Architectury Transformer DEBUG] Writing com/Morph/logisticspipes/routing/RouterCost with maxs=true frames=true
[Architectury Transformer DEBUG] Writing com/Morph/logisticspipes/routing/IRouterQueuedTask$CoreRoutedPipeRef with maxs=true frames=true
[Architectury Transformer DEBUG] Writing com/Morph/logisticspipes/routing/IRouterQueuedTask with maxs=true frames=true
[Architectury Transformer DEBUG] Writing com/Morph/logisticspipes/routing/FluidLogisticsPromise with maxs=true frames=true
[Architectury Transformer DEBUG] Writing com/Morph/logisticspipes/routing/IRouter with maxs=true frames=true
[Architectury Transformer DEBUG] Writing com/Morph/logisticspipes/routing/ExitRoute with maxs=true frames=true
[Architectury Transformer DEBUG] Writing com/Morph/logisticspipes/routing/ServerRouter$LSA with maxs=true frames=true
[Architectury Transformer DEBUG] Writing com/Morph/logisticspipes/routing/LogisticsPromise with maxs=true frames=true
[Architectury Transformer DEBUG] Writing com/Morph/logisticspipes/routing/ItemRoutingInformation with maxs=true frames=true
[Architectury Transformer DEBUG] Writing com/Morph/logisticspipes/routing/RouterManager with maxs=true frames=true
[Architectury Transformer DEBUG] Writing com/Morph/logisticspipes/routing/ItemRoutingInformation$DelayComparator with maxs=true frames=true
[Architectury Transformer DEBUG] Writing com/Morph/logisticspipes/routing/PipeRoutingConnectionType with maxs=true frames=true
[Architectury Transformer DEBUG] Writing com/Morph/logisticspipes/routing/order/LogisticsFluidOrder with maxs=true frames=true
[Architectury Transformer DEBUG] Writing com/Morph/logisticspipes/routing/order/LogisticsItemOrderManager with maxs=true frames=true
[Architectury Transformer DEBUG] Writing com/Morph/logisticspipes/routing/order/LogisticsOrder with maxs=true frames=true
[Architectury Transformer DEBUG] Writing com/Morph/logisticspipes/routing/order/LogisticsItemOrderManager$LogisticsItemOrderExtra with maxs=true frames=true
[Architectury Transformer DEBUG] Writing com/Morph/logisticspipes/routing/order/ClientSideOrderInfo with maxs=true frames=true
[Architectury Transformer DEBUG] Writing com/Morph/logisticspipes/routing/order/LogisticsOrderLinkedList with maxs=true frames=true
[Architectury Transformer DEBUG] Writing com/Morph/logisticspipes/routing/order/LogisticsOrderLinkedList$IIdentityProvider with maxs=true frames=true
[Architectury Transformer DEBUG] Writing com/Morph/logisticspipes/routing/order/DistanceTracker with maxs=true frames=true
[Architectury Transformer DEBUG] Writing com/Morph/logisticspipes/routing/order/IDistanceTracker with maxs=true frames=true
[Architectury Transformer DEBUG] Writing com/Morph/logisticspipes/routing/order/LinkedLogisticsOrderList with maxs=true frames=true
[Architectury Transformer DEBUG] Writing com/Morph/logisticspipes/routing/order/LogisticsItemOrderManager$IC with maxs=true frames=true
[Architectury Transformer DEBUG] Writing com/Morph/logisticspipes/routing/order/LogisticsFluidOrderManager$IC with maxs=true frames=true
[Architectury Transformer DEBUG] Writing com/Morph/logisticspipes/routing/order/IOrderInfoProvider with maxs=true frames=true
[Architectury Transformer DEBUG] Writing com/Morph/logisticspipes/routing/order/LogisticsFluidOrderManager with maxs=true frames=true
[Architectury Transformer DEBUG] Writing com/Morph/logisticspipes/routing/order/IOrderInfoProvider$ResourceType with maxs=true frames=true
[Architectury Transformer DEBUG] Writing com/Morph/logisticspipes/routing/order/LogisticsOrderManager with maxs=true frames=true
[Architectury Transformer DEBUG] Writing com/Morph/logisticspipes/routing/order/LogisticsItemOrder with maxs=true frames=true
[Architectury Transformer DEBUG] Writing com/Morph/logisticspipes/routing/order/LogisticsOrder$ResourceType with maxs=true frames=true
[Architectury Transformer DEBUG] Writing com/Morph/logisticspipes/routing/pathfinder/IPipeInformationProvider with maxs=true frames=true
[Architectury Transformer DEBUG] Writing com/Morph/logisticspipes/routing/pathfinder/PathFinder with maxs=true frames=true
[Architectury Transformer DEBUG] Writing com/Morph/logisticspipes/security/SecurityStationManager with maxs=true frames=true
[Architectury Transformer DEBUG] Writing com/Morph/logisticspipes/security/SecurityStationBlockEntity with maxs=true frames=true
[Architectury Transformer DEBUG] Writing com/Morph/logisticspipes/security/SecurityStationBlock with maxs=true frames=true
[Architectury Transformer DEBUG] Writing com/Morph/logisticspipes/security/SecurityStationBlock$1 with maxs=true frames=true
[Architectury Transformer DEBUG] Writing com/Morph/logisticspipes/security/SecurityLevel with maxs=true frames=true
[Architectury Transformer DEBUG] Writing com/Morph/logisticspipes/security/ISecurityProvider with maxs=true frames=true
[Architectury Transformer DEBUG] Writing com/Morph/logisticspipes/ticks/RoutingTableUpdateThread with maxs=true frames=true
[Architectury Transformer DEBUG] Writing com/Morph/logisticspipes/ticks/LPTickHandler$LPWorldInfo with maxs=true frames=true
[Architectury Transformer DEBUG] Writing com/Morph/logisticspipes/ticks/QueuedTasks with maxs=true frames=true
[Architectury Transformer DEBUG] Writing com/Morph/logisticspipes/ticks/LPTickHandler with maxs=true frames=true
[Architectury Transformer DEBUG] Writing com/Morph/logisticspipes/transport/LPTravelingItem$LPTravelingItemServer with maxs=true frames=true
[Architectury Transformer DEBUG] Writing com/Morph/logisticspipes/transport/PipeTransportLogistics with maxs=true frames=true
[Architectury Transformer DEBUG] Writing com/Morph/logisticspipes/transport/PipeTransportLogistics$RoutingResult with maxs=true frames=true
[Architectury Transformer DEBUG] Writing com/Morph/logisticspipes/transport/IRouteLayer with maxs=true frames=true
[Architectury Transformer DEBUG] Writing com/Morph/logisticspipes/transport/LPItemList with maxs=true frames=true
[Architectury Transformer DEBUG] Writing com/Morph/logisticspipes/transport/LPTravelingItem$LPTravelingItemClient with maxs=true frames=true
[Architectury Transformer DEBUG] Writing com/Morph/logisticspipes/transport/PipeTransportLogistics$1 with maxs=true frames=true
[Architectury Transformer DEBUG] Writing com/Morph/logisticspipes/transport/ITransportLayer with maxs=true frames=true
[Architectury Transformer DEBUG] Writing com/Morph/logisticspipes/transport/LPTravelingItem$1 with maxs=true frames=true
[Architectury Transformer DEBUG] Writing com/Morph/logisticspipes/transport/LPTravelingItem with maxs=true frames=true
[Architectury Transformer DEBUG] Writing com/Morph/logisticspipes/util/BlockEntityTypeHelper with maxs=true frames=true
[Architectury Transformer DEBUG] Writing com/Morph/logisticspipes/utils/CacheHolder with maxs=true frames=true
[Architectury Transformer DEBUG] Writing com/Morph/logisticspipes/utils/OneList$1 with maxs=true frames=true
[Architectury Transformer DEBUG] Writing com/Morph/logisticspipes/utils/PlayerIdentifier with maxs=true frames=true
[Architectury Transformer DEBUG] Writing com/Morph/logisticspipes/utils/SinkReply$FixedPriority with maxs=true frames=true
[Architectury Transformer DEBUG] Writing com/Morph/logisticspipes/utils/SafeTimeTracker with maxs=true frames=true
[Architectury Transformer DEBUG] Writing com/Morph/logisticspipes/utils/FinalPair with maxs=true frames=true
[Architectury Transformer DEBUG] Writing com/Morph/logisticspipes/utils/OneList with maxs=true frames=true
[Architectury Transformer DEBUG] Writing com/Morph/logisticspipes/utils/CacheHolder$ICacheHolder with maxs=true frames=true
[Architectury Transformer DEBUG] Writing com/Morph/logisticspipes/utils/IHavePriority with maxs=true frames=true
[Architectury Transformer DEBUG] Writing com/Morph/logisticspipes/utils/SyncList$SyncIter with maxs=true frames=true
[Architectury Transformer DEBUG] Writing com/Morph/logisticspipes/utils/SinkReply$BufferMode with maxs=true frames=true
[Architectury Transformer DEBUG] Writing com/Morph/logisticspipes/utils/LPPositionSet with maxs=true frames=true
[Architectury Transformer DEBUG] Writing com/Morph/logisticspipes/utils/EqualWeakReference with maxs=true frames=true
[Architectury Transformer DEBUG] Writing com/Morph/logisticspipes/utils/Color with maxs=true frames=true
[Architectury Transformer DEBUG] Writing com/Morph/logisticspipes/utils/RoutedItemHelper with maxs=true frames=true
[Architectury Transformer DEBUG] Writing com/Morph/logisticspipes/utils/IPositionRotateble with maxs=true frames=true
[Architectury Transformer DEBUG] Writing com/Morph/logisticspipes/utils/SyncList with maxs=true frames=true
[Architectury Transformer DEBUG] Writing com/Morph/logisticspipes/utils/FluidIdentifier with maxs=true frames=true
[Architectury Transformer DEBUG] Writing com/Morph/logisticspipes/utils/ChainAddArrayList with maxs=true frames=true
[Architectury Transformer DEBUG] Writing com/Morph/logisticspipes/utils/TileBuffer with maxs=true frames=true
[Architectury Transformer DEBUG] Writing com/Morph/logisticspipes/utils/PlayerCollectionList$Itr with maxs=true frames=true
[Architectury Transformer DEBUG] Writing com/Morph/logisticspipes/utils/InventoryHelper with maxs=true frames=true
[Architectury Transformer DEBUG] Writing com/Morph/logisticspipes/utils/SinkReply with maxs=true frames=true
[Architectury Transformer DEBUG] Writing com/Morph/logisticspipes/utils/FluidIdentifierStack with maxs=true frames=true
[Architectury Transformer DEBUG] Writing com/Morph/logisticspipes/utils/OrientationsUtil with maxs=true frames=true
[Architectury Transformer DEBUG] Writing com/Morph/logisticspipes/utils/PlayerCollectionList with maxs=true frames=true
[Architectury Transformer DEBUG] Writing com/Morph/logisticspipes/utils/InventoryUtil with maxs=true frames=true
[Architectury Transformer DEBUG] Writing com/Morph/logisticspipes/utils/CacheHolder$CacheTypes with maxs=true frames=true
[Architectury Transformer DEBUG] Writing com/Morph/logisticspipes/utils/DirectionUtil with maxs=true frames=true
[Architectury Transformer DEBUG] Writing com/Morph/logisticspipes/utils/ISimpleInventoryEventHandler with maxs=true frames=true
[Architectury Transformer DEBUG] Writing com/Morph/logisticspipes/utils/FinalCompoundTag with maxs=true frames=true
[Architectury Transformer DEBUG] Writing com/Morph/logisticspipes/utils/SyncList$SyncListIter with maxs=true frames=true
[Architectury Transformer DEBUG] Writing com/Morph/logisticspipes/utils/item/ItemIdentifier with maxs=true frames=true
[Architectury Transformer DEBUG] Writing com/Morph/logisticspipes/utils/item/SimpleStackInventory with maxs=true frames=true
[Architectury Transformer DEBUG] Writing com/Morph/logisticspipes/utils/item/ItemIdentifier$ItemKey with maxs=true frames=true
[Architectury Transformer DEBUG] Writing com/Morph/logisticspipes/utils/item/ItemIdentifierStack with maxs=true frames=true
[Architectury Transformer DEBUG] Writing com/Morph/logisticspipes/utils/item/ItemIdentifier$IDReference with maxs=true frames=true
[Architectury Transformer DEBUG] Writing com/Morph/logisticspipes/utils/tuples/Quartet with maxs=true frames=true
[Architectury Transformer DEBUG] Writing com/Morph/logisticspipes/utils/tuples/Triplet with maxs=true frames=true
[Architectury Transformer DEBUG] Writing com/Morph/logisticspipes/utils/tuples/Pair with maxs=true frames=true
[Architectury Transformer DEBUG] Writing com/Morph/logisticspipes/world/DoubleCoordinates with maxs=true frames=true
[Architectury Transformer DEBUG] Closed File Systems for C:\Users\VOICEL~1\AppData\Local\Temp\18073502988082505907.jar
[Architectury Transformer] Listening at F:\Minecraft modding\Projects\Fabric-Neoforge\Logistic Pipes 2\common\build\devlibs\morph-common-1.0.0-dev.jar
[Architectury Transformer DEBUG] Temporary jar [C:\Users\VOICEL~1\AppData\Local\Temp\18073502988082505907.jar] contains packages: com.Morph.logisticspipes.world, com.Morph.logisticspipes.gui.screen, com.Morph.logisticspipes.inventory, com.Morph.logisticspipes.security, com.Morph.logisticspipes.platform, com.Morph.logisticspipes.utils, com.Morph.logisticspipes.proxy.computers.interfaces, com.Morph.logisticspipes.gui, com.Morph.logisticspipes.gui.menu, com.Morph.logisticspipes.routing.order, com.Morph.logisticspipes.pipes.upgrades, com.Morph.logisticspipes, com.Morph.logisticspipes.config, com.Morph.logisticspipes.pipes.basic, com.Morph.logisticspipes.util, com.Morph.logisticspipes.power, com.Morph.logisticspipes.pipes, com.Morph.logisticspipes.logisticspipes, com.Morph.logisticspipes.utils.item, com.Morph.logisticspipes.transport, com.Morph.logisticspipes.client, com.Morph, com.Morph.logisticspipes.routing.pathfinder, com.Morph.logisticspipes.modules, com.Morph.logisticspipes.interfaces.routing, com.Morph.logisticspipes.network, com.Morph.logisticspipes.interfaces, com.Morph.logisticspipes.request.resources, com.Morph.logisticspipes.ticks, com.Morph.logisticspipes.items, com.Morph.logisticspipes.routing, com.Morph.logisticspipes.pipefxhandlers, com.Morph.logisticspipes.utils.tuples, com.Morph.logisticspipes.request
[Architectury Transformer DEBUG] Closed File Systems for F:\Minecraft modding\Projects\Fabric-Neoforge\Logistic Pipes 2\common\build\devlibs\morph-common-1.0.0-dev.jar
[Architectury Transformer DEBUG] Classpath entry [F:\Minecraft modding\Projects\Fabric-Neoforge\Logistic Pipes 2\neoforge\build\resources\main] contains packages: 
[Architectury Transformer DEBUG] Transforming from com/Morph/logisticspipes/platform/IPlatformHelper.class to com/Morph/logisticspipes/platform/IPlatformHelper.class with 6 transformer(s) on dev.architectury.transformer.handler.TinyRemapperPreparedTransformerHandler
[Architectury Transformer DEBUG] Remapping with 1 mapping provider(s):
[Architectury Transformer DEBUG]  - dev.architectury.transformer.transformers.TransformNeoForgeEnvironment$$Lambda/0x0000029f5502fb20@7a3793c7
[Architectury Transformer DEBUG] Remapping with Dirty Mappings...
[Architectury Transformer DEBUG] Remapping Classes:
[Architectury Transformer DEBUG] net/fabricmc/api/EnvType -> net/neoforged/api/distmarker/Dist
[Architectury Transformer DEBUG] net/fabricmc/api/Environment -> net/neoforged/api/distmarker/OnlyIn
[Architectury Transformer DEBUG] Found class transformer
[Architectury Transformer DEBUG] Writing com/Morph/logisticspipes/platform/IPlatformHelper with maxs=true frames=true
[Architectury Transformer DEBUG] Transformed com/Morph/logisticspipes/platform/IPlatformHelper in 54.20 ms
[Architectury Transformer DEBUG] Transforming from com/Morph/logisticspipes/platform/PlatformHelper.class to com/Morph/logisticspipes/platform/PlatformHelper.class with 6 transformer(s) on dev.architectury.transformer.handler.TinyRemapperPreparedTransformerHandler
[Architectury Transformer DEBUG] Remapping with 1 mapping provider(s):
[Architectury Transformer DEBUG]  - dev.architectury.transformer.transformers.TransformNeoForgeEnvironment$$Lambda/0x0000029f5502fb20@7a3793c7
[Architectury Transformer DEBUG] Remapping Classes:
[Architectury Transformer DEBUG] net/fabricmc/api/EnvType -> net/neoforged/api/distmarker/Dist
[Architectury Transformer DEBUG] net/fabricmc/api/Environment -> net/neoforged/api/distmarker/OnlyIn
[Architectury Transformer DEBUG] Found class transformer
[Architectury Transformer DEBUG] Writing com/Morph/logisticspipes/platform/PlatformHelper with maxs=true frames=true
[Architectury Transformer DEBUG] Transformed com/Morph/logisticspipes/platform/PlatformHelper in 11.18 ms
[Architectury Transformer DEBUG] Transforming from com/Morph/ExampleMod.class to com/Morph/ExampleMod.class with 6 transformer(s) on dev.architectury.transformer.handler.TinyRemapperPreparedTransformerHandler
[Architectury Transformer DEBUG] Remapping with 1 mapping provider(s):
[Architectury Transformer DEBUG]  - dev.architectury.transformer.transformers.TransformNeoForgeEnvironment$$Lambda/0x0000029f5502fb20@7a3793c7
[Architectury Transformer DEBUG] Remapping Classes:
[Architectury Transformer DEBUG] net/fabricmc/api/EnvType -> net/neoforged/api/distmarker/Dist
[Architectury Transformer DEBUG] net/fabricmc/api/Environment -> net/neoforged/api/distmarker/OnlyIn
[Architectury Transformer DEBUG] Found class transformer
[Architectury Transformer DEBUG] Writing com/Morph/ExampleMod with maxs=true frames=true
[Architectury Transformer DEBUG] Transformed com/Morph/ExampleMod in 4.795 ms
[Architectury Transformer DEBUG] Transforming from com/Morph/logisticspipes/LPBlocks.class to com/Morph/logisticspipes/LPBlocks.class with 6 transformer(s) on dev.architectury.transformer.handler.TinyRemapperPreparedTransformerHandler
[Architectury Transformer DEBUG] Remapping with 1 mapping provider(s):
[Architectury Transformer DEBUG]  - dev.architectury.transformer.transformers.TransformNeoForgeEnvironment$$Lambda/0x0000029f5502fb20@7a3793c7
[Architectury Transformer DEBUG] Remapping Classes:
[Architectury Transformer DEBUG] net/fabricmc/api/EnvType -> net/neoforged/api/distmarker/Dist
[Architectury Transformer DEBUG] net/fabricmc/api/Environment -> net/neoforged/api/distmarker/OnlyIn
[Architectury Transformer DEBUG] Found class transformer
[Architectury Transformer DEBUG] Writing com/Morph/logisticspipes/LPBlocks with maxs=true frames=true
[Architectury Transformer DEBUG] Transformed com/Morph/logisticspipes/LPBlocks in 3.824 ms
[Architectury Transformer DEBUG] Transforming from com/Morph/logisticspipes/pipes/basic/LogisticsPipeBlock.class to com/Morph/logisticspipes/pipes/basic/LogisticsPipeBlock.class with 6 transformer(s) on dev.architectury.transformer.handler.TinyRemapperPreparedTransformerHandler
[Architectury Transformer DEBUG] Remapping with 1 mapping provider(s):
[Architectury Transformer DEBUG]  - dev.architectury.transformer.transformers.TransformNeoForgeEnvironment$$Lambda/0x0000029f5502fb20@7a3793c7
[Architectury Transformer DEBUG] Remapping Classes:
[Architectury Transformer DEBUG] net/fabricmc/api/EnvType -> net/neoforged/api/distmarker/Dist
[Architectury Transformer DEBUG] net/fabricmc/api/Environment -> net/neoforged/api/distmarker/OnlyIn
[Architectury Transformer DEBUG] Found class transformer
[Architectury Transformer DEBUG] Writing com/Morph/logisticspipes/pipes/basic/LogisticsPipeBlock with maxs=true frames=true
[Architectury Transformer DEBUG] Transformed com/Morph/logisticspipes/pipes/basic/LogisticsPipeBlock in 7.307 ms
[Architectury Transformer DEBUG] Transforming from com/Morph/logisticspipes/security/SecurityStationBlock.class to com/Morph/logisticspipes/security/SecurityStationBlock.class with 6 transformer(s) on dev.architectury.transformer.handler.TinyRemapperPreparedTransformerHandler
[Architectury Transformer DEBUG] Remapping with 1 mapping provider(s):
[Architectury Transformer DEBUG]  - dev.architectury.transformer.transformers.TransformNeoForgeEnvironment$$Lambda/0x0000029f5502fb20@7a3793c7
[Architectury Transformer DEBUG] Remapping Classes:
[Architectury Transformer DEBUG] net/fabricmc/api/EnvType -> net/neoforged/api/distmarker/Dist
[Architectury Transformer DEBUG] net/fabricmc/api/Environment -> net/neoforged/api/distmarker/OnlyIn
[Architectury Transformer DEBUG] Found class transformer
[Architectury Transformer DEBUG] Writing com/Morph/logisticspipes/security/SecurityStationBlock with maxs=true frames=true
[Architectury Transformer DEBUG] Transformed com/Morph/logisticspipes/security/SecurityStationBlock in 5.642 ms
[Architectury Transformer DEBUG] Transforming from com/Morph/logisticspipes/LPItems.class to com/Morph/logisticspipes/LPItems.class with 6 transformer(s) on dev.architectury.transformer.handler.TinyRemapperPreparedTransformerHandler
[Architectury Transformer DEBUG] Remapping with 1 mapping provider(s):
[Architectury Transformer DEBUG]  - dev.architectury.transformer.transformers.TransformNeoForgeEnvironment$$Lambda/0x0000029f5502fb20@7a3793c7
[Architectury Transformer DEBUG] Remapping Classes:
[Architectury Transformer DEBUG] net/fabricmc/api/EnvType -> net/neoforged/api/distmarker/Dist
[Architectury Transformer DEBUG] net/fabricmc/api/Environment -> net/neoforged/api/distmarker/OnlyIn
[Architectury Transformer DEBUG] Found class transformer
[Architectury Transformer DEBUG] Writing com/Morph/logisticspipes/LPItems with maxs=true frames=true
[Architectury Transformer DEBUG] Transformed com/Morph/logisticspipes/LPItems in 7.614 ms
[Architectury Transformer DEBUG] Transforming from com/Morph/logisticspipes/items/PipeBlockItem.class to com/Morph/logisticspipes/items/PipeBlockItem.class with 6 transformer(s) on dev.architectury.transformer.handler.TinyRemapperPreparedTransformerHandler
[Architectury Transformer DEBUG] Remapping with 1 mapping provider(s):
[Architectury Transformer DEBUG]  - dev.architectury.transformer.transformers.TransformNeoForgeEnvironment$$Lambda/0x0000029f5502fb20@7a3793c7
[Architectury Transformer DEBUG] Remapping Classes:
[Architectury Transformer DEBUG] net/fabricmc/api/EnvType -> net/neoforged/api/distmarker/Dist
[Architectury Transformer DEBUG] net/fabricmc/api/Environment -> net/neoforged/api/distmarker/OnlyIn
[Architectury Transformer DEBUG] Found class transformer
[Architectury Transformer DEBUG] Writing com/Morph/logisticspipes/items/PipeBlockItem with maxs=true frames=true
[Architectury Transformer DEBUG] Transformed com/Morph/logisticspipes/items/PipeBlockItem in 5.785 ms
[Architectury Transformer DEBUG] Transforming from com/Morph/logisticspipes/items/ItemUpgrade.class to com/Morph/logisticspipes/items/ItemUpgrade.class with 6 transformer(s) on dev.architectury.transformer.handler.TinyRemapperPreparedTransformerHandler
[Architectury Transformer DEBUG] Remapping with 1 mapping provider(s):
[Architectury Transformer DEBUG]  - dev.architectury.transformer.transformers.TransformNeoForgeEnvironment$$Lambda/0x0000029f5502fb20@7a3793c7
[Architectury Transformer DEBUG] Remapping Classes:
[Architectury Transformer DEBUG] net/fabricmc/api/EnvType -> net/neoforged/api/distmarker/Dist
[Architectury Transformer DEBUG] net/fabricmc/api/Environment -> net/neoforged/api/distmarker/OnlyIn
[Architectury Transformer DEBUG] Found class transformer
[Architectury Transformer DEBUG] Writing com/Morph/logisticspipes/items/ItemUpgrade with maxs=true frames=true
[Architectury Transformer DEBUG] Transformed com/Morph/logisticspipes/items/ItemUpgrade in 6.177 ms
[Architectury Transformer DEBUG] Transforming from com/Morph/logisticspipes/items/ItemModule.class to com/Morph/logisticspipes/items/ItemModule.class with 6 transformer(s) on dev.architectury.transformer.handler.TinyRemapperPreparedTransformerHandler
[Architectury Transformer DEBUG] Remapping with 1 mapping provider(s):
[Architectury Transformer DEBUG]  - dev.architectury.transformer.transformers.TransformNeoForgeEnvironment$$Lambda/0x0000029f5502fb20@7a3793c7
[Architectury Transformer DEBUG] Remapping Classes:
[Architectury Transformer DEBUG] net/fabricmc/api/EnvType -> net/neoforged/api/distmarker/Dist
[Architectury Transformer DEBUG] net/fabricmc/api/Environment -> net/neoforged/api/distmarker/OnlyIn
[Architectury Transformer DEBUG] Found class transformer
[Architectury Transformer DEBUG] Writing com/Morph/logisticspipes/items/ItemModule with maxs=true frames=true
[Architectury Transformer DEBUG] Transformed com/Morph/logisticspipes/items/ItemModule in 7.956 ms
[Architectury Transformer DEBUG] Transforming from com/Morph/logisticspipes/LPMenuTypes.class to com/Morph/logisticspipes/LPMenuTypes.class with 6 transformer(s) on dev.architectury.transformer.handler.TinyRemapperPreparedTransformerHandler
[Architectury Transformer DEBUG] Remapping with 1 mapping provider(s):
[Architectury Transformer DEBUG]  - dev.architectury.transformer.transformers.TransformNeoForgeEnvironment$$Lambda/0x0000029f5502fb20@7a3793c7
[Architectury Transformer DEBUG] Remapping Classes:
[Architectury Transformer DEBUG] net/fabricmc/api/EnvType -> net/neoforged/api/distmarker/Dist
[Architectury Transformer DEBUG] net/fabricmc/api/Environment -> net/neoforged/api/distmarker/OnlyIn
[Architectury Transformer DEBUG] Found class transformer
[Architectury Transformer DEBUG] Writing com/Morph/logisticspipes/LPMenuTypes with maxs=true frames=true
[Architectury Transformer DEBUG] Transformed com/Morph/logisticspipes/LPMenuTypes in 7.769 ms
[Architectury Transformer DEBUG] Transforming from com/Morph/logisticspipes/LPCreativeTab.class to com/Morph/logisticspipes/LPCreativeTab.class with 6 transformer(s) on dev.architectury.transformer.handler.TinyRemapperPreparedTransformerHandler
[Architectury Transformer DEBUG] Remapping with 1 mapping provider(s):
[Architectury Transformer DEBUG]  - dev.architectury.transformer.transformers.TransformNeoForgeEnvironment$$Lambda/0x0000029f5502fb20@7a3793c7
[Architectury Transformer DEBUG] Remapping Classes:
[Architectury Transformer DEBUG] net/fabricmc/api/EnvType -> net/neoforged/api/distmarker/Dist
[Architectury Transformer DEBUG] net/fabricmc/api/Environment -> net/neoforged/api/distmarker/OnlyIn
[Architectury Transformer DEBUG] Found class transformer
[Architectury Transformer DEBUG] Writing com/Morph/logisticspipes/LPCreativeTab with maxs=true frames=true
[Architectury Transformer DEBUG] Transformed com/Morph/logisticspipes/LPCreativeTab in 6.043 ms
[Architectury Transformer DEBUG] Transforming from com/Morph/logisticspipes/network/LPNetworking.class to com/Morph/logisticspipes/network/LPNetworking.class with 6 transformer(s) on dev.architectury.transformer.handler.TinyRemapperPreparedTransformerHandler
[Architectury Transformer DEBUG] Remapping with 1 mapping provider(s):
[Architectury Transformer DEBUG]  - dev.architectury.transformer.transformers.TransformNeoForgeEnvironment$$Lambda/0x0000029f5502fb20@7a3793c7
[Architectury Transformer DEBUG] Remapping Classes:
[Architectury Transformer DEBUG] net/fabricmc/api/EnvType -> net/neoforged/api/distmarker/Dist
[Architectury Transformer DEBUG] net/fabricmc/api/Environment -> net/neoforged/api/distmarker/OnlyIn
[Architectury Transformer DEBUG] Found class transformer
[Architectury Transformer DEBUG] Writing com/Morph/logisticspipes/network/LPNetworking with maxs=true frames=true
[Architectury Transformer DEBUG] Transformed com/Morph/logisticspipes/network/LPNetworking in 12.99 ms
[Architectury Transformer DEBUG] Transforming from com/Morph/logisticspipes/modules/ModuleActiveSupplier$PatternMode.class to com/Morph/logisticspipes/modules/ModuleActiveSupplier$PatternMode.class with 6 transformer(s) on dev.architectury.transformer.handler.TinyRemapperPreparedTransformerHandler
[Architectury Transformer DEBUG] Remapping with 1 mapping provider(s):
[Architectury Transformer DEBUG]  - dev.architectury.transformer.transformers.TransformNeoForgeEnvironment$$Lambda/0x0000029f5502fb20@7a3793c7
[Architectury Transformer DEBUG] Remapping Classes:
[Architectury Transformer DEBUG] net/fabricmc/api/EnvType -> net/neoforged/api/distmarker/Dist
[Architectury Transformer DEBUG] net/fabricmc/api/Environment -> net/neoforged/api/distmarker/OnlyIn
[Architectury Transformer DEBUG] Found class transformer
[Architectury Transformer DEBUG] Writing com/Morph/logisticspipes/modules/ModuleActiveSupplier$PatternMode with maxs=true frames=true
[Architectury Transformer DEBUG] Transformed com/Morph/logisticspipes/modules/ModuleActiveSupplier$PatternMode in 5.958 ms
[Architectury Transformer DEBUG] Transforming from com/Morph/logisticspipes/modules/ModuleActiveSupplier$SupplyMode.class to com/Morph/logisticspipes/modules/ModuleActiveSupplier$SupplyMode.class with 6 transformer(s) on dev.architectury.transformer.handler.TinyRemapperPreparedTransformerHandler
[Architectury Transformer DEBUG] Remapping with 1 mapping provider(s):
[Architectury Transformer DEBUG]  - dev.architectury.transformer.transformers.TransformNeoForgeEnvironment$$Lambda/0x0000029f5502fb20@7a3793c7
[Architectury Transformer DEBUG] Remapping Classes:
[Architectury Transformer DEBUG] net/fabricmc/api/EnvType -> net/neoforged/api/distmarker/Dist
[Architectury Transformer DEBUG] net/fabricmc/api/Environment -> net/neoforged/api/distmarker/OnlyIn
[Architectury Transformer DEBUG] Found class transformer
[Architectury Transformer DEBUG] Writing com/Morph/logisticspipes/modules/ModuleActiveSupplier$SupplyMode with maxs=true frames=true
[Architectury Transformer DEBUG] Transformed com/Morph/logisticspipes/modules/ModuleActiveSupplier$SupplyMode in 3.931 ms
[Architectury Transformer DEBUG] Transforming from com/Morph/logisticspipes/transport/LPTravelingItem.class to com/Morph/logisticspipes/transport/LPTravelingItem.class with 6 transformer(s) on dev.architectury.transformer.handler.TinyRemapperPreparedTransformerHandler
[Architectury Transformer DEBUG] Remapping with 1 mapping provider(s):
[Architectury Transformer DEBUG]  - dev.architectury.transformer.transformers.TransformNeoForgeEnvironment$$Lambda/0x0000029f5502fb20@7a3793c7
[Architectury Transformer DEBUG] Remapping Classes:
[Architectury Transformer DEBUG] net/fabricmc/api/EnvType -> net/neoforged/api/distmarker/Dist
[Architectury Transformer DEBUG] net/fabricmc/api/Environment -> net/neoforged/api/distmarker/OnlyIn
[Architectury Transformer DEBUG] Found class transformer
[Architectury Transformer DEBUG] Writing com/Morph/logisticspipes/transport/LPTravelingItem with maxs=true frames=true
[Architectury Transformer DEBUG] Transformed com/Morph/logisticspipes/transport/LPTravelingItem in 8.313 ms
[Architectury Transformer DEBUG] Transforming from com/Morph/logisticspipes/transport/LPTravelingItem$LPTravelingItemServer.class to com/Morph/logisticspipes/transport/LPTravelingItem$LPTravelingItemServer.class with 6 transformer(s) on dev.architectury.transformer.handler.TinyRemapperPreparedTransformerHandler
[Architectury Transformer DEBUG] Remapping with 1 mapping provider(s):
[Architectury Transformer DEBUG]  - dev.architectury.transformer.transformers.TransformNeoForgeEnvironment$$Lambda/0x0000029f5502fb20@7a3793c7
[Architectury Transformer DEBUG] Remapping Classes:
[Architectury Transformer DEBUG] net/fabricmc/api/EnvType -> net/neoforged/api/distmarker/Dist
[Architectury Transformer DEBUG] net/fabricmc/api/Environment -> net/neoforged/api/distmarker/OnlyIn
[Architectury Transformer DEBUG] Found class transformer
[Architectury Transformer DEBUG] Writing com/Morph/logisticspipes/transport/LPTravelingItem$LPTravelingItemServer with maxs=true frames=true
[Architectury Transformer DEBUG] Transformed com/Morph/logisticspipes/transport/LPTravelingItem$LPTravelingItemServer in 6.722 ms
[Architectury Transformer DEBUG] Transforming from com/Morph/logisticspipes/logisticspipes/IRoutedItem.class to com/Morph/logisticspipes/logisticspipes/IRoutedItem.class with 6 transformer(s) on dev.architectury.transformer.handler.TinyRemapperPreparedTransformerHandler
[Architectury Transformer DEBUG] Remapping with 1 mapping provider(s):
[Architectury Transformer DEBUG]  - dev.architectury.transformer.transformers.TransformNeoForgeEnvironment$$Lambda/0x0000029f5502fb20@7a3793c7
[Architectury Transformer DEBUG] Remapping Classes:
[Architectury Transformer DEBUG] net/fabricmc/api/EnvType -> net/neoforged/api/distmarker/Dist
[Architectury Transformer DEBUG] net/fabricmc/api/Environment -> net/neoforged/api/distmarker/OnlyIn
[Architectury Transformer DEBUG] Found class transformer
[Architectury Transformer DEBUG] Writing com/Morph/logisticspipes/logisticspipes/IRoutedItem with maxs=true frames=true
[Architectury Transformer DEBUG] Transformed com/Morph/logisticspipes/logisticspipes/IRoutedItem in 5.559 ms
[Architectury Transformer DEBUG] Transforming from com/Morph/logisticspipes/network/PacketPipeSyncS2C.class to com/Morph/logisticspipes/network/PacketPipeSyncS2C.class with 6 transformer(s) on dev.architectury.transformer.handler.TinyRemapperPreparedTransformerHandler
[Architectury Transformer DEBUG] Remapping with 1 mapping provider(s):
[Architectury Transformer DEBUG]  - dev.architectury.transformer.transformers.TransformNeoForgeEnvironment$$Lambda/0x0000029f5502fb20@7a3793c7
[Architectury Transformer DEBUG] Remapping Classes:
[Architectury Transformer DEBUG] net/fabricmc/api/EnvType -> net/neoforged/api/distmarker/Dist
[Architectury Transformer DEBUG] net/fabricmc/api/Environment -> net/neoforged/api/distmarker/OnlyIn
[Architectury Transformer DEBUG] Found class transformer
[Architectury Transformer DEBUG] Writing com/Morph/logisticspipes/network/PacketPipeSyncS2C with maxs=true frames=true
[Architectury Transformer DEBUG] Transformed com/Morph/logisticspipes/network/PacketPipeSyncS2C in 5.066 ms
[Architectury Transformer DEBUG] Transforming from com/Morph/logisticspipes/network/PacketModuleInvS2C.class to com/Morph/logisticspipes/network/PacketModuleInvS2C.class with 6 transformer(s) on dev.architectury.transformer.handler.TinyRemapperPreparedTransformerHandler
[Architectury Transformer DEBUG] Remapping with 1 mapping provider(s):
[Architectury Transformer DEBUG]  - dev.architectury.transformer.transformers.TransformNeoForgeEnvironment$$Lambda/0x0000029f5502fb20@7a3793c7
[Architectury Transformer DEBUG] Remapping Classes:
[Architectury Transformer DEBUG] net/fabricmc/api/EnvType -> net/neoforged/api/distmarker/Dist
[Architectury Transformer DEBUG] net/fabricmc/api/Environment -> net/neoforged/api/distmarker/OnlyIn
[Architectury Transformer DEBUG] Found class transformer
[Architectury Transformer DEBUG] Writing com/Morph/logisticspipes/network/PacketModuleInvS2C with maxs=true frames=true
[Architectury Transformer DEBUG] Transformed com/Morph/logisticspipes/network/PacketModuleInvS2C in 6.803 ms
[Architectury Transformer DEBUG] Transforming from com/Morph/logisticspipes/utils/item/ItemIdentifierStack.class to com/Morph/logisticspipes/utils/item/ItemIdentifierStack.class with 6 transformer(s) on dev.architectury.transformer.handler.TinyRemapperPreparedTransformerHandler
[Architectury Transformer DEBUG] Remapping with 1 mapping provider(s):
[Architectury Transformer DEBUG]  - dev.architectury.transformer.transformers.TransformNeoForgeEnvironment$$Lambda/0x0000029f5502fb20@7a3793c7
[Architectury Transformer DEBUG] Remapping Classes:
[Architectury Transformer DEBUG] net/fabricmc/api/EnvType -> net/neoforged/api/distmarker/Dist
[Architectury Transformer DEBUG] net/fabricmc/api/Environment -> net/neoforged/api/distmarker/OnlyIn
[Architectury Transformer DEBUG] Found class transformer
[Architectury Transformer DEBUG] Writing com/Morph/logisticspipes/utils/item/ItemIdentifierStack with maxs=true frames=true
[Architectury Transformer DEBUG] Transformed com/Morph/logisticspipes/utils/item/ItemIdentifierStack in 5.002 ms
[Architectury Transformer DEBUG] Transforming from com/Morph/logisticspipes/proxy/computers/interfaces/ILPCCTypeHolder.class to com/Morph/logisticspipes/proxy/computers/interfaces/ILPCCTypeHolder.class with 6 transformer(s) on dev.architectury.transformer.handler.TinyRemapperPreparedTransformerHandler
[Architectury Transformer DEBUG] Remapping with 1 mapping provider(s):
[Architectury Transformer DEBUG]  - dev.architectury.transformer.transformers.TransformNeoForgeEnvironment$$Lambda/0x0000029f5502fb20@7a3793c7
[Architectury Transformer DEBUG] Remapping Classes:
[Architectury Transformer DEBUG] net/fabricmc/api/EnvType -> net/neoforged/api/distmarker/Dist
[Architectury Transformer DEBUG] net/fabricmc/api/Environment -> net/neoforged/api/distmarker/OnlyIn
[Architectury Transformer DEBUG] Found class transformer
[Architectury Transformer DEBUG] Writing com/Morph/logisticspipes/proxy/computers/interfaces/ILPCCTypeHolder with maxs=true frames=true
[Architectury Transformer DEBUG] Transformed com/Morph/logisticspipes/proxy/computers/interfaces/ILPCCTypeHolder in 3.718 ms
[Architectury Transformer DEBUG] Transforming from com/Morph/logisticspipes/network/PacketNetworkItemsS2C.class to com/Morph/logisticspipes/network/PacketNetworkItemsS2C.class with 6 transformer(s) on dev.architectury.transformer.handler.TinyRemapperPreparedTransformerHandler
[Architectury Transformer DEBUG] Remapping with 1 mapping provider(s):
[Architectury Transformer DEBUG]  - dev.architectury.transformer.transformers.TransformNeoForgeEnvironment$$Lambda/0x0000029f5502fb20@7a3793c7
[Architectury Transformer DEBUG] Remapping Classes:
[Architectury Transformer DEBUG] net/fabricmc/api/EnvType -> net/neoforged/api/distmarker/Dist
[Architectury Transformer DEBUG] net/fabricmc/api/Environment -> net/neoforged/api/distmarker/OnlyIn
[Architectury Transformer DEBUG] Found class transformer
[Architectury Transformer DEBUG] Writing com/Morph/logisticspipes/network/PacketNetworkItemsS2C with maxs=true frames=true
[Architectury Transformer DEBUG] Transformed com/Morph/logisticspipes/network/PacketNetworkItemsS2C in 4.568 ms
[Architectury Transformer DEBUG] Transforming from com/Morph/logisticspipes/utils/item/ItemIdentifier.class to com/Morph/logisticspipes/utils/item/ItemIdentifier.class with 6 transformer(s) on dev.architectury.transformer.handler.TinyRemapperPreparedTransformerHandler
[Architectury Transformer DEBUG] Remapping with 1 mapping provider(s):
[Architectury Transformer DEBUG]  - dev.architectury.transformer.transformers.TransformNeoForgeEnvironment$$Lambda/0x0000029f5502fb20@7a3793c7
[Architectury Transformer DEBUG] Remapping Classes:
[Architectury Transformer DEBUG] net/fabricmc/api/EnvType -> net/neoforged/api/distmarker/Dist
[Architectury Transformer DEBUG] net/fabricmc/api/Environment -> net/neoforged/api/distmarker/OnlyIn
[Architectury Transformer DEBUG] Found class transformer
[Architectury Transformer DEBUG] Writing com/Morph/logisticspipes/utils/item/ItemIdentifier with maxs=true frames=true
[Architectury Transformer DEBUG] Transformed com/Morph/logisticspipes/utils/item/ItemIdentifier in 5.625 ms
[Architectury Transformer DEBUG] Transforming from com/Morph/logisticspipes/network/PacketFluidNetworkS2C.class to com/Morph/logisticspipes/network/PacketFluidNetworkS2C.class with 6 transformer(s) on dev.architectury.transformer.handler.TinyRemapperPreparedTransformerHandler
[Architectury Transformer DEBUG] Remapping with 1 mapping provider(s):
[Architectury Transformer DEBUG]  - dev.architectury.transformer.transformers.TransformNeoForgeEnvironment$$Lambda/0x0000029f5502fb20@7a3793c7
[Architectury Transformer DEBUG] Remapping Classes:
[Architectury Transformer DEBUG] net/fabricmc/api/EnvType -> net/neoforged/api/distmarker/Dist
[Architectury Transformer DEBUG] net/fabricmc/api/Environment -> net/neoforged/api/distmarker/OnlyIn
[Architectury Transformer DEBUG] Found class transformer
[Architectury Transformer DEBUG] Writing com/Morph/logisticspipes/network/PacketFluidNetworkS2C with maxs=true frames=true
[Architectury Transformer DEBUG] Transformed com/Morph/logisticspipes/network/PacketFluidNetworkS2C in 5.013 ms
[Architectury Transformer DEBUG] Transforming from com/Morph/logisticspipes/network/PacketOrdererContentS2C.class to com/Morph/logisticspipes/network/PacketOrdererContentS2C.class with 6 transformer(s) on dev.architectury.transformer.handler.TinyRemapperPreparedTransformerHandler
[Architectury Transformer DEBUG] Remapping with 1 mapping provider(s):
[Architectury Transformer DEBUG]  - dev.architectury.transformer.transformers.TransformNeoForgeEnvironment$$Lambda/0x0000029f5502fb20@7a3793c7
[Architectury Transformer DEBUG] Remapping Classes:
[Architectury Transformer DEBUG] net/fabricmc/api/EnvType -> net/neoforged/api/distmarker/Dist
[Architectury Transformer DEBUG] net/fabricmc/api/Environment -> net/neoforged/api/distmarker/OnlyIn
[Architectury Transformer DEBUG] Found class transformer
[Architectury Transformer DEBUG] Writing com/Morph/logisticspipes/network/PacketOrdererContentS2C with maxs=true frames=true
[Architectury Transformer DEBUG] Transformed com/Morph/logisticspipes/network/PacketOrdererContentS2C in 5.133 ms
[Architectury Transformer DEBUG] Transforming from com/Morph/logisticspipes/network/PacketMissingItemsS2C.class to com/Morph/logisticspipes/network/PacketMissingItemsS2C.class with 6 transformer(s) on dev.architectury.transformer.handler.TinyRemapperPreparedTransformerHandler
[Architectury Transformer DEBUG] Remapping with 1 mapping provider(s):
[Architectury Transformer DEBUG]  - dev.architectury.transformer.transformers.TransformNeoForgeEnvironment$$Lambda/0x0000029f5502fb20@7a3793c7
[Architectury Transformer DEBUG] Remapping Classes:
[Architectury Transformer DEBUG] net/fabricmc/api/EnvType -> net/neoforged/api/distmarker/Dist
[Architectury Transformer DEBUG] net/fabricmc/api/Environment -> net/neoforged/api/distmarker/OnlyIn
[Architectury Transformer DEBUG] Found class transformer
[Architectury Transformer DEBUG] Writing com/Morph/logisticspipes/network/PacketMissingItemsS2C with maxs=true frames=true
[Architectury Transformer DEBUG] Transformed com/Morph/logisticspipes/network/PacketMissingItemsS2C in 5.430 ms
[Architectury Transformer DEBUG] Transforming from com/Morph/logisticspipes/network/PacketComponentListS2C.class to com/Morph/logisticspipes/network/PacketComponentListS2C.class with 6 transformer(s) on dev.architectury.transformer.handler.TinyRemapperPreparedTransformerHandler
[Architectury Transformer DEBUG] Remapping with 1 mapping provider(s):
[Architectury Transformer DEBUG]  - dev.architectury.transformer.transformers.TransformNeoForgeEnvironment$$Lambda/0x0000029f5502fb20@7a3793c7
[Architectury Transformer DEBUG] Remapping Classes:
[Architectury Transformer DEBUG] net/fabricmc/api/EnvType -> net/neoforged/api/distmarker/Dist
[Architectury Transformer DEBUG] net/fabricmc/api/Environment -> net/neoforged/api/distmarker/OnlyIn
[Architectury Transformer DEBUG] Found class transformer
[Architectury Transformer DEBUG] Writing com/Morph/logisticspipes/network/PacketComponentListS2C with maxs=true frames=true
[Architectury Transformer DEBUG] Transformed com/Morph/logisticspipes/network/PacketComponentListS2C in 5.468 ms
[Architectury Transformer DEBUG] Transforming from com/Morph/logisticspipes/network/PacketPipeStateS2C.class to com/Morph/logisticspipes/network/PacketPipeStateS2C.class with 6 transformer(s) on dev.architectury.transformer.handler.TinyRemapperPreparedTransformerHandler
[Architectury Transformer DEBUG] Remapping with 1 mapping provider(s):
[Architectury Transformer DEBUG]  - dev.architectury.transformer.transformers.TransformNeoForgeEnvironment$$Lambda/0x0000029f5502fb20@7a3793c7
[Architectury Transformer DEBUG] Remapping Classes:
[Architectury Transformer DEBUG] net/fabricmc/api/EnvType -> net/neoforged/api/distmarker/Dist
[Architectury Transformer DEBUG] net/fabricmc/api/Environment -> net/neoforged/api/distmarker/OnlyIn
[Architectury Transformer DEBUG] Found class transformer
[Architectury Transformer DEBUG] Writing com/Morph/logisticspipes/network/PacketPipeStateS2C with maxs=true frames=true
[Architectury Transformer DEBUG] Transformed com/Morph/logisticspipes/network/PacketPipeStateS2C in 6.204 ms
[Architectury Transformer DEBUG] Transforming from com/Morph/logisticspipes/network/PacketChassisSlotsS2C.class to com/Morph/logisticspipes/network/PacketChassisSlotsS2C.class with 6 transformer(s) on dev.architectury.transformer.handler.TinyRemapperPreparedTransformerHandler
[Architectury Transformer DEBUG] Remapping with 1 mapping provider(s):
[Architectury Transformer DEBUG]  - dev.architectury.transformer.transformers.TransformNeoForgeEnvironment$$Lambda/0x0000029f5502fb20@7a3793c7
[Architectury Transformer DEBUG] Remapping Classes:
[Architectury Transformer DEBUG] net/fabricmc/api/EnvType -> net/neoforged/api/distmarker/Dist
[Architectury Transformer DEBUG] net/fabricmc/api/Environment -> net/neoforged/api/distmarker/OnlyIn
[Architectury Transformer DEBUG] Found class transformer
[Architectury Transformer DEBUG] Writing com/Morph/logisticspipes/network/PacketChassisSlotsS2C with maxs=true frames=true
[Architectury Transformer DEBUG] Transformed com/Morph/logisticspipes/network/PacketChassisSlotsS2C in 6.166 ms
[Architectury Transformer DEBUG] Transforming from com/Morph/logisticspipes/network/PacketSatelliteNamesS2C.class to com/Morph/logisticspipes/network/PacketSatelliteNamesS2C.class with 6 transformer(s) on dev.architectury.transformer.handler.TinyRemapperPreparedTransformerHandler
[Architectury Transformer DEBUG] Remapping with 1 mapping provider(s):
[Architectury Transformer DEBUG]  - dev.architectury.transformer.transformers.TransformNeoForgeEnvironment$$Lambda/0x0000029f5502fb20@7a3793c7
[Architectury Transformer DEBUG] Remapping Classes:
[Architectury Transformer DEBUG] net/fabricmc/api/EnvType -> net/neoforged/api/distmarker/Dist
[Architectury Transformer DEBUG] net/fabricmc/api/Environment -> net/neoforged/api/distmarker/OnlyIn
[Architectury Transformer DEBUG] Found class transformer
[Architectury Transformer DEBUG] Writing com/Morph/logisticspipes/network/PacketSatelliteNamesS2C with maxs=true frames=true
[Architectury Transformer DEBUG] Transformed com/Morph/logisticspipes/network/PacketSatelliteNamesS2C in 6.076 ms
[Architectury Transformer DEBUG] Transforming from com/Morph/logisticspipes/network/PacketCraftingPipeUpdateS2C.class to com/Morph/logisticspipes/network/PacketCraftingPipeUpdateS2C.class with 6 transformer(s) on dev.architectury.transformer.handler.TinyRemapperPreparedTransformerHandler
[Architectury Transformer DEBUG] Remapping with 1 mapping provider(s):
[Architectury Transformer DEBUG]  - dev.architectury.transformer.transformers.TransformNeoForgeEnvironment$$Lambda/0x0000029f5502fb20@7a3793c7
[Architectury Transformer DEBUG] Remapping Classes:
[Architectury Transformer DEBUG] net/fabricmc/api/EnvType -> net/neoforged/api/distmarker/Dist
[Architectury Transformer DEBUG] net/fabricmc/api/Environment -> net/neoforged/api/distmarker/OnlyIn
[Architectury Transformer DEBUG] Found class transformer
[Architectury Transformer DEBUG] Writing com/Morph/logisticspipes/network/PacketCraftingPipeUpdateS2C with maxs=true frames=true
[Architectury Transformer DEBUG] Transformed com/Morph/logisticspipes/network/PacketCraftingPipeUpdateS2C in 5.850 ms
[Architectury Transformer DEBUG] Transforming from com/Morph/logisticspipes/network/PacketPipePositionS2C.class to com/Morph/logisticspipes/network/PacketPipePositionS2C.class with 6 transformer(s) on dev.architectury.transformer.handler.TinyRemapperPreparedTransformerHandler
[Architectury Transformer DEBUG] Remapping with 1 mapping provider(s):
[Architectury Transformer DEBUG]  - dev.architectury.transformer.transformers.TransformNeoForgeEnvironment$$Lambda/0x0000029f5502fb20@7a3793c7
[Architectury Transformer DEBUG] Remapping Classes:
[Architectury Transformer DEBUG] net/fabricmc/api/EnvType -> net/neoforged/api/distmarker/Dist
[Architectury Transformer DEBUG] net/fabricmc/api/Environment -> net/neoforged/api/distmarker/OnlyIn
[Architectury Transformer DEBUG] Found class transformer
[Architectury Transformer DEBUG] Writing com/Morph/logisticspipes/network/PacketPipePositionS2C with maxs=true frames=true
[Architectury Transformer DEBUG] Transformed com/Morph/logisticspipes/network/PacketPipePositionS2C in 4.692 ms
[Architectury Transformer DEBUG] Transforming from com/Morph/logisticspipes/network/PacketPipeStatS2C.class to com/Morph/logisticspipes/network/PacketPipeStatS2C.class with 6 transformer(s) on dev.architectury.transformer.handler.TinyRemapperPreparedTransformerHandler
[Architectury Transformer DEBUG] Remapping with 1 mapping provider(s):
[Architectury Transformer DEBUG]  - dev.architectury.transformer.transformers.TransformNeoForgeEnvironment$$Lambda/0x0000029f5502fb20@7a3793c7
[Architectury Transformer DEBUG] Remapping Classes:
[Architectury Transformer DEBUG] net/fabricmc/api/EnvType -> net/neoforged/api/distmarker/Dist
[Architectury Transformer DEBUG] net/fabricmc/api/Environment -> net/neoforged/api/distmarker/OnlyIn
[Architectury Transformer DEBUG] Found class transformer
[Architectury Transformer DEBUG] Writing com/Morph/logisticspipes/network/PacketPipeStatS2C with maxs=true frames=true
[Architectury Transformer DEBUG] Transformed com/Morph/logisticspipes/network/PacketPipeStatS2C in 7.107 ms
[Architectury Transformer DEBUG] Transforming from com/Morph/logisticspipes/network/PacketModuleInvRequestC2S.class to com/Morph/logisticspipes/network/PacketModuleInvRequestC2S.class with 6 transformer(s) on dev.architectury.transformer.handler.TinyRemapperPreparedTransformerHandler
[Architectury Transformer DEBUG] Remapping with 1 mapping provider(s):
[Architectury Transformer DEBUG]  - dev.architectury.transformer.transformers.TransformNeoForgeEnvironment$$Lambda/0x0000029f5502fb20@7a3793c7
[Architectury Transformer DEBUG] Remapping Classes:
[Architectury Transformer DEBUG] net/fabricmc/api/EnvType -> net/neoforged/api/distmarker/Dist
[Architectury Transformer DEBUG] net/fabricmc/api/Environment -> net/neoforged/api/distmarker/OnlyIn
[Architectury Transformer DEBUG] Found class transformer
[Architectury Transformer DEBUG] Writing com/Morph/logisticspipes/network/PacketModuleInvRequestC2S with maxs=true frames=true
[Architectury Transformer DEBUG] Transformed com/Morph/logisticspipes/network/PacketModuleInvRequestC2S in 5.449 ms
[Architectury Transformer DEBUG] Transforming from com/Morph/logisticspipes/network/PacketRequestItemC2S.class to com/Morph/logisticspipes/network/PacketRequestItemC2S.class with 6 transformer(s) on dev.architectury.transformer.handler.TinyRemapperPreparedTransformerHandler
[Architectury Transformer DEBUG] Remapping with 1 mapping provider(s):
[Architectury Transformer DEBUG]  - dev.architectury.transformer.transformers.TransformNeoForgeEnvironment$$Lambda/0x0000029f5502fb20@7a3793c7
[Architectury Transformer DEBUG] Remapping Classes:
[Architectury Transformer DEBUG] net/fabricmc/api/EnvType -> net/neoforged/api/distmarker/Dist
[Architectury Transformer DEBUG] net/fabricmc/api/Environment -> net/neoforged/api/distmarker/OnlyIn
[Architectury Transformer DEBUG] Found class transformer
[Architectury Transformer DEBUG] Writing com/Morph/logisticspipes/network/PacketRequestItemC2S with maxs=true frames=true
[Architectury Transformer DEBUG] Transformed com/Morph/logisticspipes/network/PacketRequestItemC2S in 4.332 ms
[Architectury Transformer DEBUG] Transforming from com/Morph/logisticspipes/network/PacketRequestFluidC2S.class to com/Morph/logisticspipes/network/PacketRequestFluidC2S.class with 6 transformer(s) on dev.architectury.transformer.handler.TinyRemapperPreparedTransformerHandler
[Architectury Transformer DEBUG] Remapping with 1 mapping provider(s):
[Architectury Transformer DEBUG]  - dev.architectury.transformer.transformers.TransformNeoForgeEnvironment$$Lambda/0x0000029f5502fb20@7a3793c7
[Architectury Transformer DEBUG] Remapping Classes:
[Architectury Transformer DEBUG] net/fabricmc/api/EnvType -> net/neoforged/api/distmarker/Dist
[Architectury Transformer DEBUG] net/fabricmc/api/Environment -> net/neoforged/api/distmarker/OnlyIn
[Architectury Transformer DEBUG] Found class transformer
[Architectury Transformer DEBUG] Writing com/Morph/logisticspipes/network/PacketRequestFluidC2S with maxs=true frames=true
[Architectury Transformer DEBUG] Transformed com/Morph/logisticspipes/network/PacketRequestFluidC2S in 4.861 ms
[Architectury Transformer DEBUG] Transforming from com/Morph/logisticspipes/network/PacketSneakySideC2S.class to com/Morph/logisticspipes/network/PacketSneakySideC2S.class with 6 transformer(s) on dev.architectury.transformer.handler.TinyRemapperPreparedTransformerHandler
[Architectury Transformer DEBUG] Remapping with 1 mapping provider(s):
[Architectury Transformer DEBUG]  - dev.architectury.transformer.transformers.TransformNeoForgeEnvironment$$Lambda/0x0000029f5502fb20@7a3793c7
[Architectury Transformer DEBUG] Remapping Classes:
[Architectury Transformer DEBUG] net/fabricmc/api/EnvType -> net/neoforged/api/distmarker/Dist
[Architectury Transformer DEBUG] net/fabricmc/api/Environment -> net/neoforged/api/distmarker/OnlyIn
[Architectury Transformer DEBUG] Found class transformer
[Architectury Transformer DEBUG] Writing com/Morph/logisticspipes/network/PacketSneakySideC2S with maxs=true frames=true
[Architectury Transformer DEBUG] Transformed com/Morph/logisticspipes/network/PacketSneakySideC2S in 4.400 ms
[Architectury Transformer DEBUG] Transforming from com/Morph/logisticspipes/network/PacketConnectionSidesC2S.class to com/Morph/logisticspipes/network/PacketConnectionSidesC2S.class with 6 transformer(s) on dev.architectury.transformer.handler.TinyRemapperPreparedTransformerHandler
[Architectury Transformer DEBUG] Remapping with 1 mapping provider(s):
[Architectury Transformer DEBUG]  - dev.architectury.transformer.transformers.TransformNeoForgeEnvironment$$Lambda/0x0000029f5502fb20@7a3793c7
[Architectury Transformer DEBUG] Remapping Classes:
[Architectury Transformer DEBUG] net/fabricmc/api/EnvType -> net/neoforged/api/distmarker/Dist
[Architectury Transformer DEBUG] net/fabricmc/api/Environment -> net/neoforged/api/distmarker/OnlyIn
[Architectury Transformer DEBUG] Found class transformer
[Architectury Transformer DEBUG] Writing com/Morph/logisticspipes/network/PacketConnectionSidesC2S with maxs=true frames=true
[Architectury Transformer DEBUG] Transformed com/Morph/logisticspipes/network/PacketConnectionSidesC2S in 4.322 ms
[Architectury Transformer DEBUG] Transforming from com/Morph/logisticspipes/network/PacketSubmitRequestC2S.class to com/Morph/logisticspipes/network/PacketSubmitRequestC2S.class with 6 transformer(s) on dev.architectury.transformer.handler.TinyRemapperPreparedTransformerHandler
[Architectury Transformer DEBUG] Remapping with 1 mapping provider(s):
[Architectury Transformer DEBUG]  - dev.architectury.transformer.transformers.TransformNeoForgeEnvironment$$Lambda/0x0000029f5502fb20@7a3793c7
[Architectury Transformer DEBUG] Remapping Classes:
[Architectury Transformer DEBUG] net/fabricmc/api/EnvType -> net/neoforged/api/distmarker/Dist
[Architectury Transformer DEBUG] net/fabricmc/api/Environment -> net/neoforged/api/distmarker/OnlyIn
[Architectury Transformer DEBUG] Found class transformer
[Architectury Transformer DEBUG] Writing com/Morph/logisticspipes/network/PacketSubmitRequestC2S with maxs=true frames=true
[Architectury Transformer DEBUG] Transformed com/Morph/logisticspipes/network/PacketSubmitRequestC2S in 3.742 ms
[Architectury Transformer DEBUG] Transforming from com/Morph/logisticspipes/network/PacketOpenGuiC2S.class to com/Morph/logisticspipes/network/PacketOpenGuiC2S.class with 6 transformer(s) on dev.architectury.transformer.handler.TinyRemapperPreparedTransformerHandler
[Architectury Transformer DEBUG] Remapping with 1 mapping provider(s):
[Architectury Transformer DEBUG]  - dev.architectury.transformer.transformers.TransformNeoForgeEnvironment$$Lambda/0x0000029f5502fb20@7a3793c7
[Architectury Transformer DEBUG] Remapping Classes:
[Architectury Transformer DEBUG] net/fabricmc/api/EnvType -> net/neoforged/api/distmarker/Dist
[Architectury Transformer DEBUG] net/fabricmc/api/Environment -> net/neoforged/api/distmarker/OnlyIn
[Architectury Transformer DEBUG] Found class transformer
[Architectury Transformer DEBUG] Writing com/Morph/logisticspipes/network/PacketOpenGuiC2S with maxs=true frames=true
[Architectury Transformer DEBUG] Transformed com/Morph/logisticspipes/network/PacketOpenGuiC2S in 4.158 ms
[Architectury Transformer DEBUG] Transforming from com/Morph/logisticspipes/network/PacketModulePropertiesC2S.class to com/Morph/logisticspipes/network/PacketModulePropertiesC2S.class with 6 transformer(s) on dev.architectury.transformer.handler.TinyRemapperPreparedTransformerHandler
[Architectury Transformer DEBUG] Remapping with 1 mapping provider(s):
[Architectury Transformer DEBUG]  - dev.architectury.transformer.transformers.TransformNeoForgeEnvironment$$Lambda/0x0000029f5502fb20@7a3793c7
[Architectury Transformer DEBUG] Remapping Classes:
[Architectury Transformer DEBUG] net/fabricmc/api/EnvType -> net/neoforged/api/distmarker/Dist
[Architectury Transformer DEBUG] net/fabricmc/api/Environment -> net/neoforged/api/distmarker/OnlyIn
[Architectury Transformer DEBUG] Found class transformer
[Architectury Transformer DEBUG] Writing com/Morph/logisticspipes/network/PacketModulePropertiesC2S with maxs=true frames=true
[Architectury Transformer DEBUG] Transformed com/Morph/logisticspipes/network/PacketModulePropertiesC2S in 4.359 ms
[Architectury Transformer DEBUG] Transforming from com/Morph/logisticspipes/network/PacketItemSinkImportC2S.class to com/Morph/logisticspipes/network/PacketItemSinkImportC2S.class with 6 transformer(s) on dev.architectury.transformer.handler.TinyRemapperPreparedTransformerHandler
[Architectury Transformer DEBUG] Remapping with 1 mapping provider(s):
[Architectury Transformer DEBUG]  - dev.architectury.transformer.transformers.TransformNeoForgeEnvironment$$Lambda/0x0000029f5502fb20@7a3793c7
[Architectury Transformer DEBUG] Remapping Classes:
[Architectury Transformer DEBUG] net/fabricmc/api/EnvType -> net/neoforged/api/distmarker/Dist
[Architectury Transformer DEBUG] net/fabricmc/api/Environment -> net/neoforged/api/distmarker/OnlyIn
[Architectury Transformer DEBUG] Found class transformer
[Architectury Transformer DEBUG] Writing com/Morph/logisticspipes/network/PacketItemSinkImportC2S with maxs=true frames=true
[Architectury Transformer DEBUG] Transformed com/Morph/logisticspipes/network/PacketItemSinkImportC2S in 4.929 ms
[Architectury Transformer DEBUG] Transforming from com/Morph/logisticspipes/network/PacketSupplierModeC2S.class to com/Morph/logisticspipes/network/PacketSupplierModeC2S.class with 6 transformer(s) on dev.architectury.transformer.handler.TinyRemapperPreparedTransformerHandler
[Architectury Transformer DEBUG] Remapping with 1 mapping provider(s):
[Architectury Transformer DEBUG]  - dev.architectury.transformer.transformers.TransformNeoForgeEnvironment$$Lambda/0x0000029f5502fb20@7a3793c7
[Architectury Transformer DEBUG] Remapping Classes:
[Architectury Transformer DEBUG] net/fabricmc/api/EnvType -> net/neoforged/api/distmarker/Dist
[Architectury Transformer DEBUG] net/fabricmc/api/Environment -> net/neoforged/api/distmarker/OnlyIn
[Architectury Transformer DEBUG] Found class transformer
[Architectury Transformer DEBUG] Writing com/Morph/logisticspipes/network/PacketSupplierModeC2S with maxs=true frames=true
[Architectury Transformer DEBUG] Transformed com/Morph/logisticspipes/network/PacketSupplierModeC2S in 3.950 ms
[Architectury Transformer DEBUG] Transforming from com/Morph/logisticspipes/network/PacketSatelliteSetNameC2S.class to com/Morph/logisticspipes/network/PacketSatelliteSetNameC2S.class with 6 transformer(s) on dev.architectury.transformer.handler.TinyRemapperPreparedTransformerHandler
[Architectury Transformer DEBUG] Remapping with 1 mapping provider(s):
[Architectury Transformer DEBUG]  - dev.architectury.transformer.transformers.TransformNeoForgeEnvironment$$Lambda/0x0000029f5502fb20@7a3793c7
[Architectury Transformer DEBUG] Remapping Classes:
[Architectury Transformer DEBUG] net/fabricmc/api/EnvType -> net/neoforged/api/distmarker/Dist
[Architectury Transformer DEBUG] net/fabricmc/api/Environment -> net/neoforged/api/distmarker/OnlyIn
[Architectury Transformer DEBUG] Found class transformer
[Architectury Transformer DEBUG] Writing com/Morph/logisticspipes/network/PacketSatelliteSetNameC2S with maxs=true frames=true
[Architectury Transformer DEBUG] Transformed com/Morph/logisticspipes/network/PacketSatelliteSetNameC2S in 5.213 ms
[Architectury Transformer DEBUG] Transforming from com/Morph/logisticspipes/network/PacketFirewallFlagsC2S.class to com/Morph/logisticspipes/network/PacketFirewallFlagsC2S.class with 6 transformer(s) on dev.architectury.transformer.handler.TinyRemapperPreparedTransformerHandler
[Architectury Transformer DEBUG] Remapping with 1 mapping provider(s):
[Architectury Transformer DEBUG]  - dev.architectury.transformer.transformers.TransformNeoForgeEnvironment$$Lambda/0x0000029f5502fb20@7a3793c7
[Architectury Transformer DEBUG] Remapping Classes:
[Architectury Transformer DEBUG] net/fabricmc/api/EnvType -> net/neoforged/api/distmarker/Dist
[Architectury Transformer DEBUG] net/fabricmc/api/Environment -> net/neoforged/api/distmarker/OnlyIn
[Architectury Transformer DEBUG] Found class transformer
[Architectury Transformer DEBUG] Writing com/Morph/logisticspipes/network/PacketFirewallFlagsC2S with maxs=true frames=true
[Architectury Transformer DEBUG] Transformed com/Morph/logisticspipes/network/PacketFirewallFlagsC2S in 4.241 ms
[Architectury Transformer DEBUG] Transforming from com/Morph/logisticspipes/network/PacketSecurityStationS2C.class to com/Morph/logisticspipes/network/PacketSecurityStationS2C.class with 6 transformer(s) on dev.architectury.transformer.handler.TinyRemapperPreparedTransformerHandler
[Architectury Transformer DEBUG] Remapping with 1 mapping provider(s):
[Architectury Transformer DEBUG]  - dev.architectury.transformer.transformers.TransformNeoForgeEnvironment$$Lambda/0x0000029f5502fb20@7a3793c7
[Architectury Transformer DEBUG] Remapping Classes:
[Architectury Transformer DEBUG] net/fabricmc/api/EnvType -> net/neoforged/api/distmarker/Dist
[Architectury Transformer DEBUG] net/fabricmc/api/Environment -> net/neoforged/api/distmarker/OnlyIn
[Architectury Transformer DEBUG] Found class transformer
[Architectury Transformer DEBUG] Writing com/Morph/logisticspipes/network/PacketSecurityStationS2C with maxs=true frames=true
[Architectury Transformer DEBUG] Transformed com/Morph/logisticspipes/network/PacketSecurityStationS2C in 4.951 ms
[Architectury Transformer DEBUG] Transforming from com/Morph/logisticspipes/network/PacketSecurityLevelC2S.class to com/Morph/logisticspipes/network/PacketSecurityLevelC2S.class with 6 transformer(s) on dev.architectury.transformer.handler.TinyRemapperPreparedTransformerHandler
[Architectury Transformer DEBUG] Remapping with 1 mapping provider(s):
[Architectury Transformer DEBUG]  - dev.architectury.transformer.transformers.TransformNeoForgeEnvironment$$Lambda/0x0000029f5502fb20@7a3793c7
[Architectury Transformer DEBUG] Remapping Classes:
[Architectury Transformer DEBUG] net/fabricmc/api/EnvType -> net/neoforged/api/distmarker/Dist
[Architectury Transformer DEBUG] net/fabricmc/api/Environment -> net/neoforged/api/distmarker/OnlyIn
[Architectury Transformer DEBUG] Found class transformer
[Architectury Transformer DEBUG] Writing com/Morph/logisticspipes/network/PacketSecurityLevelC2S with maxs=true frames=true
[Architectury Transformer DEBUG] Transformed com/Morph/logisticspipes/network/PacketSecurityLevelC2S in 4.350 ms
[Architectury Transformer DEBUG] Transforming from com/Morph/logisticspipes/network/PacketSecurityFriendC2S.class to com/Morph/logisticspipes/network/PacketSecurityFriendC2S.class with 6 transformer(s) on dev.architectury.transformer.handler.TinyRemapperPreparedTransformerHandler
[Architectury Transformer DEBUG] Remapping with 1 mapping provider(s):
[Architectury Transformer DEBUG]  - dev.architectury.transformer.transformers.TransformNeoForgeEnvironment$$Lambda/0x0000029f5502fb20@7a3793c7
[Architectury Transformer DEBUG] Remapping Classes:
[Architectury Transformer DEBUG] net/fabricmc/api/EnvType -> net/neoforged/api/distmarker/Dist
[Architectury Transformer DEBUG] net/fabricmc/api/Environment -> net/neoforged/api/distmarker/OnlyIn
[Architectury Transformer DEBUG] Found class transformer
[Architectury Transformer DEBUG] Writing com/Morph/logisticspipes/network/PacketSecurityFriendC2S with maxs=true frames=true
[Architectury Transformer DEBUG] Transformed com/Morph/logisticspipes/network/PacketSecurityFriendC2S in 3.479 ms
[Architectury Transformer DEBUG] Transforming from com/Morph/logisticspipes/network/PacketPipeManagerContentS2C.class to com/Morph/logisticspipes/network/PacketPipeManagerContentS2C.class with 6 transformer(s) on dev.architectury.transformer.handler.TinyRemapperPreparedTransformerHandler
[Architectury Transformer DEBUG] Remapping with 1 mapping provider(s):
[Architectury Transformer DEBUG]  - dev.architectury.transformer.transformers.TransformNeoForgeEnvironment$$Lambda/0x0000029f5502fb20@7a3793c7
[Architectury Transformer DEBUG] Remapping Classes:
[Architectury Transformer DEBUG] net/fabricmc/api/EnvType -> net/neoforged/api/distmarker/Dist
[Architectury Transformer DEBUG] net/fabricmc/api/Environment -> net/neoforged/api/distmarker/OnlyIn
[Architectury Transformer DEBUG] Found class transformer
[Architectury Transformer DEBUG] Writing com/Morph/logisticspipes/network/PacketPipeManagerContentS2C with maxs=true frames=true
[Architectury Transformer DEBUG] Transformed com/Morph/logisticspipes/network/PacketPipeManagerContentS2C in 3.656 ms
[Architectury Transformer DEBUG] Transforming from com/Morph/logisticspipes/network/PacketItemBufferSyncS2C.class to com/Morph/logisticspipes/network/PacketItemBufferSyncS2C.class with 6 transformer(s) on dev.architectury.transformer.handler.TinyRemapperPreparedTransformerHandler
[Architectury Transformer DEBUG] Remapping with 1 mapping provider(s):
[Architectury Transformer DEBUG]  - dev.architectury.transformer.transformers.TransformNeoForgeEnvironment$$Lambda/0x0000029f5502fb20@7a3793c7
[Architectury Transformer DEBUG] Remapping Classes:
[Architectury Transformer DEBUG] net/fabricmc/api/EnvType -> net/neoforged/api/distmarker/Dist
[Architectury Transformer DEBUG] net/fabricmc/api/Environment -> net/neoforged/api/distmarker/OnlyIn
[Architectury Transformer DEBUG] Found class transformer
[Architectury Transformer DEBUG] Writing com/Morph/logisticspipes/network/PacketItemBufferSyncS2C with maxs=true frames=true
[Architectury Transformer DEBUG] Transformed com/Morph/logisticspipes/network/PacketItemBufferSyncS2C in 3.216 ms
[Architectury Transformer DEBUG] Transforming from com/Morph/logisticspipes/network/PacketRequestStatC2S.class to com/Morph/logisticspipes/network/PacketRequestStatC2S.class with 6 transformer(s) on dev.architectury.transformer.handler.TinyRemapperPreparedTransformerHandler
[Architectury Transformer DEBUG] Remapping with 1 mapping provider(s):
[Architectury Transformer DEBUG]  - dev.architectury.transformer.transformers.TransformNeoForgeEnvironment$$Lambda/0x0000029f5502fb20@7a3793c7
[Architectury Transformer DEBUG] Remapping Classes:
[Architectury Transformer DEBUG] net/fabricmc/api/EnvType -> net/neoforged/api/distmarker/Dist
[Architectury Transformer DEBUG] net/fabricmc/api/Environment -> net/neoforged/api/distmarker/OnlyIn
[Architectury Transformer DEBUG] Found class transformer
[Architectury Transformer DEBUG] Writing com/Morph/logisticspipes/network/PacketRequestStatC2S with maxs=true frames=true
[Architectury Transformer DEBUG] Transformed com/Morph/logisticspipes/network/PacketRequestStatC2S in 2.724 ms
[Architectury Transformer DEBUG] Transforming from com/Morph/logisticspipes/network/PacketRequestTableC2S.class to com/Morph/logisticspipes/network/PacketRequestTableC2S.class with 6 transformer(s) on dev.architectury.transformer.handler.TinyRemapperPreparedTransformerHandler
[Architectury Transformer DEBUG] Remapping with 1 mapping provider(s):
[Architectury Transformer DEBUG]  - dev.architectury.transformer.transformers.TransformNeoForgeEnvironment$$Lambda/0x0000029f5502fb20@7a3793c7
[Architectury Transformer DEBUG] Remapping Classes:
[Architectury Transformer DEBUG] net/fabricmc/api/EnvType -> net/neoforged/api/distmarker/Dist
[Architectury Transformer DEBUG] net/fabricmc/api/Environment -> net/neoforged/api/distmarker/OnlyIn
[Architectury Transformer DEBUG] Found class transformer
[Architectury Transformer DEBUG] Writing com/Morph/logisticspipes/network/PacketRequestTableC2S with maxs=true frames=true
[Architectury Transformer DEBUG] Transformed com/Morph/logisticspipes/network/PacketRequestTableC2S in 3.699 ms
[Architectury Transformer DEBUG] Transforming from com/Morph/logisticspipes/ticks/LPTickHandler.class to com/Morph/logisticspipes/ticks/LPTickHandler.class with 6 transformer(s) on dev.architectury.transformer.handler.TinyRemapperPreparedTransformerHandler
[Architectury Transformer DEBUG] Remapping with 1 mapping provider(s):
[Architectury Transformer DEBUG]  - dev.architectury.transformer.transformers.TransformNeoForgeEnvironment$$Lambda/0x0000029f5502fb20@7a3793c7
[Architectury Transformer DEBUG] Remapping Classes:
[Architectury Transformer DEBUG] net/fabricmc/api/EnvType -> net/neoforged/api/distmarker/Dist
[Architectury Transformer DEBUG] net/fabricmc/api/Environment -> net/neoforged/api/distmarker/OnlyIn
[Architectury Transformer DEBUG] Found class transformer
[Architectury Transformer DEBUG] Writing com/Morph/logisticspipes/ticks/LPTickHandler with maxs=true frames=true
[Architectury Transformer DEBUG] Transformed com/Morph/logisticspipes/ticks/LPTickHandler in 3.606 ms
[Architectury Transformer DEBUG] Transforming from com/Morph/logisticspipes/pipes/basic/LogisticsPipeBlockEntity.class to com/Morph/logisticspipes/pipes/basic/LogisticsPipeBlockEntity.class with 6 transformer(s) on dev.architectury.transformer.handler.TinyRemapperPreparedTransformerHandler
[Architectury Transformer DEBUG] Remapping with 1 mapping provider(s):
[Architectury Transformer DEBUG]  - dev.architectury.transformer.transformers.TransformNeoForgeEnvironment$$Lambda/0x0000029f5502fb20@7a3793c7
[Architectury Transformer DEBUG] Remapping Classes:
[Architectury Transformer DEBUG] net/fabricmc/api/EnvType -> net/neoforged/api/distmarker/Dist
[Architectury Transformer DEBUG] net/fabricmc/api/Environment -> net/neoforged/api/distmarker/OnlyIn
[Architectury Transformer DEBUG] Found class transformer
[Architectury Transformer DEBUG] Writing com/Morph/logisticspipes/pipes/basic/LogisticsPipeBlockEntity with maxs=true frames=true
[Architectury Transformer DEBUG] Transformed com/Morph/logisticspipes/pipes/basic/LogisticsPipeBlockEntity in 5.561 ms
[Architectury Transformer DEBUG] Transforming from com/Morph/logisticspipes/security/SecurityStationBlockEntity.class to com/Morph/logisticspipes/security/SecurityStationBlockEntity.class with 6 transformer(s) on dev.architectury.transformer.handler.TinyRemapperPreparedTransformerHandler
[Architectury Transformer DEBUG] Remapping with 1 mapping provider(s):
[Architectury Transformer DEBUG]  - dev.architectury.transformer.transformers.TransformNeoForgeEnvironment$$Lambda/0x0000029f5502fb20@7a3793c7
[Architectury Transformer DEBUG] Remapping Classes:
[Architectury Transformer DEBUG] net/fabricmc/api/EnvType -> net/neoforged/api/distmarker/Dist
[Architectury Transformer DEBUG] net/fabricmc/api/Environment -> net/neoforged/api/distmarker/OnlyIn
[Architectury Transformer DEBUG] Found class transformer
[Architectury Transformer DEBUG] Writing com/Morph/logisticspipes/security/SecurityStationBlockEntity with maxs=true frames=true
[Architectury Transformer DEBUG] Transformed com/Morph/logisticspipes/security/SecurityStationBlockEntity in 6.638 ms
[Architectury Transformer DEBUG] Transforming from com/Morph/logisticspipes/security/ISecurityProvider.class to com/Morph/logisticspipes/security/ISecurityProvider.class with 6 transformer(s) on dev.architectury.transformer.handler.TinyRemapperPreparedTransformerHandler
[Architectury Transformer DEBUG] Remapping with 1 mapping provider(s):
[Architectury Transformer DEBUG]  - dev.architectury.transformer.transformers.TransformNeoForgeEnvironment$$Lambda/0x0000029f5502fb20@7a3793c7
[Architectury Transformer DEBUG] Remapping Classes:
[Architectury Transformer DEBUG] net/fabricmc/api/EnvType -> net/neoforged/api/distmarker/Dist
[Architectury Transformer DEBUG] net/fabricmc/api/Environment -> net/neoforged/api/distmarker/OnlyIn
[Architectury Transformer DEBUG] Found class transformer
[Architectury Transformer DEBUG] Writing com/Morph/logisticspipes/security/ISecurityProvider with maxs=true frames=true
[Architectury Transformer DEBUG] Transformed com/Morph/logisticspipes/security/ISecurityProvider in 5.706 ms
[Architectury Transformer DEBUG] Transforming from com/Morph/logisticspipes/pipes/PipeItemsBasicLogistics.class to com/Morph/logisticspipes/pipes/PipeItemsBasicLogistics.class with 6 transformer(s) on dev.architectury.transformer.handler.TinyRemapperPreparedTransformerHandler
[Architectury Transformer DEBUG] Remapping with 1 mapping provider(s):
[Architectury Transformer DEBUG]  - dev.architectury.transformer.transformers.TransformNeoForgeEnvironment$$Lambda/0x0000029f5502fb20@7a3793c7
[Architectury Transformer DEBUG] Remapping Classes:
[Architectury Transformer DEBUG] net/fabricmc/api/EnvType -> net/neoforged/api/distmarker/Dist
[Architectury Transformer DEBUG] net/fabricmc/api/Environment -> net/neoforged/api/distmarker/OnlyIn
[Architectury Transformer DEBUG] Found class transformer
[Architectury Transformer DEBUG] Writing com/Morph/logisticspipes/pipes/PipeItemsBasicLogistics with maxs=true frames=true
[Architectury Transformer DEBUG] Transformed com/Morph/logisticspipes/pipes/PipeItemsBasicLogistics in 11.54 ms
[Architectury Transformer DEBUG] Transforming from com/Morph/logisticspipes/pipes/basic/CoreRoutedPipe.class to com/Morph/logisticspipes/pipes/basic/CoreRoutedPipe.class with 6 transformer(s) on dev.architectury.transformer.handler.TinyRemapperPreparedTransformerHandler
[Architectury Transformer DEBUG] Remapping with 1 mapping provider(s):
[Architectury Transformer DEBUG]  - dev.architectury.transformer.transformers.TransformNeoForgeEnvironment$$Lambda/0x0000029f5502fb20@7a3793c7
[Architectury Transformer DEBUG] Remapping Classes:
[Architectury Transformer DEBUG] net/fabricmc/api/EnvType -> net/neoforged/api/distmarker/Dist
[Architectury Transformer DEBUG] net/fabricmc/api/Environment -> net/neoforged/api/distmarker/OnlyIn
[Architectury Transformer DEBUG] Found class transformer
[Architectury Transformer DEBUG] Writing com/Morph/logisticspipes/pipes/basic/CoreRoutedPipe with maxs=true frames=true
[Architectury Transformer DEBUG] Transformed com/Morph/logisticspipes/pipes/basic/CoreRoutedPipe in 6.890 ms
[Architectury Transformer DEBUG] Transforming from com/Morph/logisticspipes/interfaces/routing/IRequestItems.class to com/Morph/logisticspipes/interfaces/routing/IRequestItems.class with 6 transformer(s) on dev.architectury.transformer.handler.TinyRemapperPreparedTransformerHandler
[Architectury Transformer DEBUG] Remapping with 1 mapping provider(s):
[Architectury Transformer DEBUG]  - dev.architectury.transformer.transformers.TransformNeoForgeEnvironment$$Lambda/0x0000029f5502fb20@7a3793c7
[Architectury Transformer DEBUG] Remapping Classes:
[Architectury Transformer DEBUG] net/fabricmc/api/EnvType -> net/neoforged/api/distmarker/Dist
[Architectury Transformer DEBUG] net/fabricmc/api/Environment -> net/neoforged/api/distmarker/OnlyIn
[Architectury Transformer DEBUG] Found class transformer
[Architectury Transformer DEBUG] Writing com/Morph/logisticspipes/interfaces/routing/IRequestItems with maxs=true frames=true
[Architectury Transformer DEBUG] Transformed com/Morph/logisticspipes/interfaces/routing/IRequestItems in 4.470 ms
[Architectury Transformer DEBUG] Transforming from com/Morph/logisticspipes/interfaces/routing/IRequest.class to com/Morph/logisticspipes/interfaces/routing/IRequest.class with 6 transformer(s) on dev.architectury.transformer.handler.TinyRemapperPreparedTransformerHandler
[Architectury Transformer DEBUG] Remapping with 1 mapping provider(s):
[Architectury Transformer DEBUG]  - dev.architectury.transformer.transformers.TransformNeoForgeEnvironment$$Lambda/0x0000029f5502fb20@7a3793c7
[Architectury Transformer DEBUG] Remapping Classes:
[Architectury Transformer DEBUG] net/fabricmc/api/EnvType -> net/neoforged/api/distmarker/Dist
[Architectury Transformer DEBUG] net/fabricmc/api/Environment -> net/neoforged/api/distmarker/OnlyIn
[Architectury Transformer DEBUG] Found class transformer
[Architectury Transformer DEBUG] Writing com/Morph/logisticspipes/interfaces/routing/IRequest with maxs=true frames=true
[Architectury Transformer DEBUG] Transformed com/Morph/logisticspipes/interfaces/routing/IRequest in 3.353 ms
[Architectury Transformer DEBUG] Transforming from com/Morph/logisticspipes/interfaces/IPipeServiceProvider.class to com/Morph/logisticspipes/interfaces/IPipeServiceProvider.class with 6 transformer(s) on dev.architectury.transformer.handler.TinyRemapperPreparedTransformerHandler
[Architectury Transformer DEBUG] Remapping with 1 mapping provider(s):
[Architectury Transformer DEBUG]  - dev.architectury.transformer.transformers.TransformNeoForgeEnvironment$$Lambda/0x0000029f5502fb20@7a3793c7
[Architectury Transformer DEBUG] Remapping Classes:
[Architectury Transformer DEBUG] net/fabricmc/api/EnvType -> net/neoforged/api/distmarker/Dist
[Architectury Transformer DEBUG] net/fabricmc/api/Environment -> net/neoforged/api/distmarker/OnlyIn
[Architectury Transformer DEBUG] Found class transformer
[Architectury Transformer DEBUG] Writing com/Morph/logisticspipes/interfaces/IPipeServiceProvider with maxs=true frames=true
[Architectury Transformer DEBUG] Transformed com/Morph/logisticspipes/interfaces/IPipeServiceProvider in 3.145 ms
[Architectury Transformer DEBUG] Transforming from com/Morph/logisticspipes/interfaces/ISpawnParticles.class to com/Morph/logisticspipes/interfaces/ISpawnParticles.class with 6 transformer(s) on dev.architectury.transformer.handler.TinyRemapperPreparedTransformerHandler
[Architectury Transformer DEBUG] Remapping with 1 mapping provider(s):
[Architectury Transformer DEBUG]  - dev.architectury.transformer.transformers.TransformNeoForgeEnvironment$$Lambda/0x0000029f5502fb20@7a3793c7
[Architectury Transformer DEBUG] Remapping Classes:
[Architectury Transformer DEBUG] net/fabricmc/api/EnvType -> net/neoforged/api/distmarker/Dist
[Architectury Transformer DEBUG] net/fabricmc/api/Environment -> net/neoforged/api/distmarker/OnlyIn
[Architectury Transformer DEBUG] Found class transformer
[Architectury Transformer DEBUG] Writing com/Morph/logisticspipes/interfaces/ISpawnParticles with maxs=true frames=true
[Architectury Transformer DEBUG] Transformed com/Morph/logisticspipes/interfaces/ISpawnParticles in 2.621 ms
[Architectury Transformer DEBUG] Transforming from com/Morph/logisticspipes/interfaces/ISendRoutedItem.class to com/Morph/logisticspipes/interfaces/ISendRoutedItem.class with 6 transformer(s) on dev.architectury.transformer.handler.TinyRemapperPreparedTransformerHandler
[Architectury Transformer DEBUG] Remapping with 1 mapping provider(s):
[Architectury Transformer DEBUG]  - dev.architectury.transformer.transformers.TransformNeoForgeEnvironment$$Lambda/0x0000029f5502fb20@7a3793c7
[Architectury Transformer DEBUG] Remapping Classes:
[Architectury Transformer DEBUG] net/fabricmc/api/EnvType -> net/neoforged/api/distmarker/Dist
[Architectury Transformer DEBUG] net/fabricmc/api/Environment -> net/neoforged/api/distmarker/OnlyIn
[Architectury Transformer DEBUG] Found class transformer
[Architectury Transformer DEBUG] Writing com/Morph/logisticspipes/interfaces/ISendRoutedItem with maxs=true frames=true
[Architectury Transformer DEBUG] Transformed com/Morph/logisticspipes/interfaces/ISendRoutedItem in 3.155 ms
[Architectury Transformer DEBUG] Transforming from com/Morph/logisticspipes/pipes/basic/CoreUnroutedPipe.class to com/Morph/logisticspipes/pipes/basic/CoreUnroutedPipe.class with 6 transformer(s) on dev.architectury.transformer.handler.TinyRemapperPreparedTransformerHandler
[Architectury Transformer DEBUG] Remapping with 1 mapping provider(s):
[Architectury Transformer DEBUG]  - dev.architectury.transformer.transformers.TransformNeoForgeEnvironment$$Lambda/0x0000029f5502fb20@7a3793c7
[Architectury Transformer DEBUG] Remapping Classes:
[Architectury Transformer DEBUG] net/fabricmc/api/EnvType -> net/neoforged/api/distmarker/Dist
[Architectury Transformer DEBUG] net/fabricmc/api/Environment -> net/neoforged/api/distmarker/OnlyIn
[Architectury Transformer DEBUG] Found class transformer
[Architectury Transformer DEBUG] Writing com/Morph/logisticspipes/pipes/basic/CoreUnroutedPipe with maxs=true frames=true
[Architectury Transformer DEBUG] Transformed com/Morph/logisticspipes/pipes/basic/CoreUnroutedPipe in 3.936 ms
[Architectury Transformer DEBUG] Transforming from com/Morph/logisticspipes/power/IPowerProvider.class to com/Morph/logisticspipes/power/IPowerProvider.class with 6 transformer(s) on dev.architectury.transformer.handler.TinyRemapperPreparedTransformerHandler
[Architectury Transformer DEBUG] Remapping with 1 mapping provider(s):
[Architectury Transformer DEBUG]  - dev.architectury.transformer.transformers.TransformNeoForgeEnvironment$$Lambda/0x0000029f5502fb20@7a3793c7
[Architectury Transformer DEBUG] Remapping Classes:
[Architectury Transformer DEBUG] net/fabricmc/api/EnvType -> net/neoforged/api/distmarker/Dist
[Architectury Transformer DEBUG] net/fabricmc/api/Environment -> net/neoforged/api/distmarker/OnlyIn
[Architectury Transformer DEBUG] Found class transformer
[Architectury Transformer DEBUG] Writing com/Morph/logisticspipes/power/IPowerProvider with maxs=true frames=true
[Architectury Transformer DEBUG] Transformed com/Morph/logisticspipes/power/IPowerProvider in 2.991 ms
[Architectury Transformer DEBUG] Transforming from com/Morph/logisticspipes/interfaces/ISlotUpgradeManager.class to com/Morph/logisticspipes/interfaces/ISlotUpgradeManager.class with 6 transformer(s) on dev.architectury.transformer.handler.TinyRemapperPreparedTransformerHandler
[Architectury Transformer DEBUG] Remapping with 1 mapping provider(s):
[Architectury Transformer DEBUG]  - dev.architectury.transformer.transformers.TransformNeoForgeEnvironment$$Lambda/0x0000029f5502fb20@7a3793c7
[Architectury Transformer DEBUG] Remapping Classes:
[Architectury Transformer DEBUG] net/fabricmc/api/EnvType -> net/neoforged/api/distmarker/Dist
[Architectury Transformer DEBUG] net/fabricmc/api/Environment -> net/neoforged/api/distmarker/OnlyIn
[Architectury Transformer DEBUG] Found class transformer
[Architectury Transformer DEBUG] Writing com/Morph/logisticspipes/interfaces/ISlotUpgradeManager with maxs=true frames=true
[Architectury Transformer DEBUG] Transformed com/Morph/logisticspipes/interfaces/ISlotUpgradeManager in 2.714 ms
[Architectury Transformer DEBUG] Transforming from com/Morph/logisticspipes/interfaces/IPipeUpgradeManager.class to com/Morph/logisticspipes/interfaces/IPipeUpgradeManager.class with 6 transformer(s) on dev.architectury.transformer.handler.TinyRemapperPreparedTransformerHandler
[Architectury Transformer DEBUG] Remapping with 1 mapping provider(s):
[Architectury Transformer DEBUG]  - dev.architectury.transformer.transformers.TransformNeoForgeEnvironment$$Lambda/0x0000029f5502fb20@7a3793c7
[Architectury Transformer DEBUG] Remapping Classes:
[Architectury Transformer DEBUG] net/fabricmc/api/EnvType -> net/neoforged/api/distmarker/Dist
[Architectury Transformer DEBUG] net/fabricmc/api/Environment -> net/neoforged/api/distmarker/OnlyIn
[Architectury Transformer DEBUG] Found class transformer
[Architectury Transformer DEBUG] Writing com/Morph/logisticspipes/interfaces/IPipeUpgradeManager with maxs=true frames=true
[Architectury Transformer DEBUG] Transformed com/Morph/logisticspipes/interfaces/IPipeUpgradeManager in 2.481 ms
[Architectury Transformer DEBUG] Transforming from com/Morph/logisticspipes/modules/LogisticsModule.class to com/Morph/logisticspipes/modules/LogisticsModule.class with 6 transformer(s) on dev.architectury.transformer.handler.TinyRemapperPreparedTransformerHandler
[Architectury Transformer DEBUG] Remapping with 1 mapping provider(s):
[Architectury Transformer DEBUG]  - dev.architectury.transformer.transformers.TransformNeoForgeEnvironment$$Lambda/0x0000029f5502fb20@7a3793c7
[Architectury Transformer DEBUG] Remapping Classes:
[Architectury Transformer DEBUG] net/fabricmc/api/EnvType -> net/neoforged/api/distmarker/Dist
[Architectury Transformer DEBUG] net/fabricmc/api/Environment -> net/neoforged/api/distmarker/OnlyIn
[Architectury Transformer DEBUG] Found class transformer
[Architectury Transformer DEBUG] Writing com/Morph/logisticspipes/modules/LogisticsModule with maxs=true frames=true
[Architectury Transformer DEBUG] Transformed com/Morph/logisticspipes/modules/LogisticsModule in 2.860 ms
[Architectury Transformer DEBUG] Transforming from com/Morph/logisticspipes/modules/ModuleItemSink.class to com/Morph/logisticspipes/modules/ModuleItemSink.class with 6 transformer(s) on dev.architectury.transformer.handler.TinyRemapperPreparedTransformerHandler
[Architectury Transformer DEBUG] Remapping with 1 mapping provider(s):
[Architectury Transformer DEBUG]  - dev.architectury.transformer.transformers.TransformNeoForgeEnvironment$$Lambda/0x0000029f5502fb20@7a3793c7
[Architectury Transformer DEBUG] Remapping Classes:
[Architectury Transformer DEBUG] net/fabricmc/api/EnvType -> net/neoforged/api/distmarker/Dist
[Architectury Transformer DEBUG] net/fabricmc/api/Environment -> net/neoforged/api/distmarker/OnlyIn
[Architectury Transformer DEBUG] Found class transformer
[Architectury Transformer DEBUG] Writing com/Morph/logisticspipes/modules/ModuleItemSink with maxs=true frames=true
[Architectury Transformer DEBUG] Transformed com/Morph/logisticspipes/modules/ModuleItemSink in 4.228 ms
[Architectury Transformer DEBUG] Transforming from com/Morph/logisticspipes/pipes/PipeItemsProviderLogistics.class to com/Morph/logisticspipes/pipes/PipeItemsProviderLogistics.class with 6 transformer(s) on dev.architectury.transformer.handler.TinyRemapperPreparedTransformerHandler
[Architectury Transformer DEBUG] Remapping with 1 mapping provider(s):
[Architectury Transformer DEBUG]  - dev.architectury.transformer.transformers.TransformNeoForgeEnvironment$$Lambda/0x0000029f5502fb20@7a3793c7
[Architectury Transformer DEBUG] Remapping Classes:
[Architectury Transformer DEBUG] net/fabricmc/api/EnvType -> net/neoforged/api/distmarker/Dist
[Architectury Transformer DEBUG] net/fabricmc/api/Environment -> net/neoforged/api/distmarker/OnlyIn
[Architectury Transformer DEBUG] Found class transformer
[Architectury Transformer DEBUG] Writing com/Morph/logisticspipes/pipes/PipeItemsProviderLogistics with maxs=true frames=true
[Architectury Transformer DEBUG] Transformed com/Morph/logisticspipes/pipes/PipeItemsProviderLogistics in 3.489 ms
[Architectury Transformer DEBUG] Transforming from com/Morph/logisticspipes/interfaces/routing/IProvideItems.class to com/Morph/logisticspipes/interfaces/routing/IProvideItems.class with 6 transformer(s) on dev.architectury.transformer.handler.TinyRemapperPreparedTransformerHandler
[Architectury Transformer DEBUG] Remapping with 1 mapping provider(s):
[Architectury Transformer DEBUG]  - dev.architectury.transformer.transformers.TransformNeoForgeEnvironment$$Lambda/0x0000029f5502fb20@7a3793c7
[Architectury Transformer DEBUG] Remapping Classes:
[Architectury Transformer DEBUG] net/fabricmc/api/EnvType -> net/neoforged/api/distmarker/Dist
[Architectury Transformer DEBUG] net/fabricmc/api/Environment -> net/neoforged/api/distmarker/OnlyIn
[Architectury Transformer DEBUG] Found class transformer
[Architectury Transformer DEBUG] Writing com/Morph/logisticspipes/interfaces/routing/IProvideItems with maxs=true frames=true
[Architectury Transformer DEBUG] Transformed com/Morph/logisticspipes/interfaces/routing/IProvideItems in 3.444 ms
[Architectury Transformer DEBUG] Transforming from com/Morph/logisticspipes/interfaces/routing/IProvide.class to com/Morph/logisticspipes/interfaces/routing/IProvide.class with 6 transformer(s) on dev.architectury.transformer.handler.TinyRemapperPreparedTransformerHandler
[Architectury Transformer DEBUG] Remapping with 1 mapping provider(s):
[Architectury Transformer DEBUG]  - dev.architectury.transformer.transformers.TransformNeoForgeEnvironment$$Lambda/0x0000029f5502fb20@7a3793c7
[Architectury Transformer DEBUG] Remapping Classes:
[Architectury Transformer DEBUG] net/fabricmc/api/EnvType -> net/neoforged/api/distmarker/Dist
[Architectury Transformer DEBUG] net/fabricmc/api/Environment -> net/neoforged/api/distmarker/OnlyIn
[Architectury Transformer DEBUG] Found class transformer
[Architectury Transformer DEBUG] Writing com/Morph/logisticspipes/interfaces/routing/IProvide with maxs=true frames=true
[Architectury Transformer DEBUG] Transformed com/Morph/logisticspipes/interfaces/routing/IProvide in 2.662 ms
[Architectury Transformer DEBUG] Transforming from com/Morph/logisticspipes/modules/ModuleProvider.class to com/Morph/logisticspipes/modules/ModuleProvider.class with 6 transformer(s) on dev.architectury.transformer.handler.TinyRemapperPreparedTransformerHandler
[Architectury Transformer DEBUG] Remapping with 1 mapping provider(s):
[Architectury Transformer DEBUG]  - dev.architectury.transformer.transformers.TransformNeoForgeEnvironment$$Lambda/0x0000029f5502fb20@7a3793c7
[Architectury Transformer DEBUG] Remapping Classes:
[Architectury Transformer DEBUG] net/fabricmc/api/EnvType -> net/neoforged/api/distmarker/Dist
[Architectury Transformer DEBUG] net/fabricmc/api/Environment -> net/neoforged/api/distmarker/OnlyIn
[Architectury Transformer DEBUG] Found class transformer
[Architectury Transformer DEBUG] Writing com/Morph/logisticspipes/modules/ModuleProvider with maxs=true frames=true
[Architectury Transformer DEBUG] Transformed com/Morph/logisticspipes/modules/ModuleProvider in 4.777 ms
[Architectury Transformer DEBUG] Transforming from com/Morph/logisticspipes/pipes/PipeItemsRequestLogistics.class to com/Morph/logisticspipes/pipes/PipeItemsRequestLogistics.class with 6 transformer(s) on dev.architectury.transformer.handler.TinyRemapperPreparedTransformerHandler
[Architectury Transformer DEBUG] Remapping with 1 mapping provider(s):
[Architectury Transformer DEBUG]  - dev.architectury.transformer.transformers.TransformNeoForgeEnvironment$$Lambda/0x0000029f5502fb20@7a3793c7
[Architectury Transformer DEBUG] Remapping Classes:
[Architectury Transformer DEBUG] net/fabricmc/api/EnvType -> net/neoforged/api/distmarker/Dist
[Architectury Transformer DEBUG] net/fabricmc/api/Environment -> net/neoforged/api/distmarker/OnlyIn
[Architectury Transformer DEBUG] Found class transformer
[Architectury Transformer DEBUG] Writing com/Morph/logisticspipes/pipes/PipeItemsRequestLogistics with maxs=true frames=true
[Architectury Transformer DEBUG] Transformed com/Morph/logisticspipes/pipes/PipeItemsRequestLogistics in 3.511 ms
[Architectury Transformer DEBUG] Transforming from com/Morph/logisticspipes/request/RequestLog.class to com/Morph/logisticspipes/request/RequestLog.class with 6 transformer(s) on dev.architectury.transformer.handler.TinyRemapperPreparedTransformerHandler
[Architectury Transformer DEBUG] Remapping with 1 mapping provider(s):
[Architectury Transformer DEBUG]  - dev.architectury.transformer.transformers.TransformNeoForgeEnvironment$$Lambda/0x0000029f5502fb20@7a3793c7
[Architectury Transformer DEBUG] Remapping Classes:
[Architectury Transformer DEBUG] net/fabricmc/api/EnvType -> net/neoforged/api/distmarker/Dist
[Architectury Transformer DEBUG] net/fabricmc/api/Environment -> net/neoforged/api/distmarker/OnlyIn
[Architectury Transformer DEBUG] Found class transformer
[Architectury Transformer DEBUG] Writing com/Morph/logisticspipes/request/RequestLog with maxs=true frames=true
[Architectury Transformer DEBUG] Transformed com/Morph/logisticspipes/request/RequestLog in 2.499 ms
[Architectury Transformer DEBUG] Transforming from com/Morph/logisticspipes/pipes/PipeItemsRequestLogisticsMk2.class to com/Morph/logisticspipes/pipes/PipeItemsRequestLogisticsMk2.class with 6 transformer(s) on dev.architectury.transformer.handler.TinyRemapperPreparedTransformerHandler
[Architectury Transformer DEBUG] Remapping with 1 mapping provider(s):
[Architectury Transformer DEBUG]  - dev.architectury.transformer.transformers.TransformNeoForgeEnvironment$$Lambda/0x0000029f5502fb20@7a3793c7
[Architectury Transformer DEBUG] Remapping Classes:
[Architectury Transformer DEBUG] net/fabricmc/api/EnvType -> net/neoforged/api/distmarker/Dist
[Architectury Transformer DEBUG] net/fabricmc/api/Environment -> net/neoforged/api/distmarker/OnlyIn
[Architectury Transformer DEBUG] Found class transformer
[Architectury Transformer DEBUG] Writing com/Morph/logisticspipes/pipes/PipeItemsRequestLogisticsMk2 with maxs=true frames=true
[Architectury Transformer DEBUG] Transformed com/Morph/logisticspipes/pipes/PipeItemsRequestLogisticsMk2 in 3.030 ms
[Architectury Transformer DEBUG] Transforming from com/Morph/logisticspipes/pipes/PipeItemsRequestLogisticsMk3.class to com/Morph/logisticspipes/pipes/PipeItemsRequestLogisticsMk3.class with 6 transformer(s) on dev.architectury.transformer.handler.TinyRemapperPreparedTransformerHandler
[Architectury Transformer DEBUG] Remapping with 1 mapping provider(s):
[Architectury Transformer DEBUG]  - dev.architectury.transformer.transformers.TransformNeoForgeEnvironment$$Lambda/0x0000029f5502fb20@7a3793c7
[Architectury Transformer DEBUG] Remapping Classes:
[Architectury Transformer DEBUG] net/fabricmc/api/EnvType -> net/neoforged/api/distmarker/Dist
[Architectury Transformer DEBUG] net/fabricmc/api/Environment -> net/neoforged/api/distmarker/OnlyIn
[Architectury Transformer DEBUG] Found class transformer
[Architectury Transformer DEBUG] Writing com/Morph/logisticspipes/pipes/PipeItemsRequestLogisticsMk3 with maxs=true frames=true
[Architectury Transformer DEBUG] Transformed com/Morph/logisticspipes/pipes/PipeItemsRequestLogisticsMk3 in 2.914 ms
[Architectury Transformer DEBUG] Transforming from com/Morph/logisticspipes/pipes/PipeItemsQuickSortLogistics.class to com/Morph/logisticspipes/pipes/PipeItemsQuickSortLogistics.class with 6 transformer(s) on dev.architectury.transformer.handler.TinyRemapperPreparedTransformerHandler
[Architectury Transformer DEBUG] Remapping with 1 mapping provider(s):
[Architectury Transformer DEBUG]  - dev.architectury.transformer.transformers.TransformNeoForgeEnvironment$$Lambda/0x0000029f5502fb20@7a3793c7
[Architectury Transformer DEBUG] Remapping Classes:
[Architectury Transformer DEBUG] net/fabricmc/api/EnvType -> net/neoforged/api/distmarker/Dist
[Architectury Transformer DEBUG] net/fabricmc/api/Environment -> net/neoforged/api/distmarker/OnlyIn
[Architectury Transformer DEBUG] Found class transformer
[Architectury Transformer DEBUG] Writing com/Morph/logisticspipes/pipes/PipeItemsQuickSortLogistics with maxs=true frames=true
[Architectury Transformer DEBUG] Transformed com/Morph/logisticspipes/pipes/PipeItemsQuickSortLogistics in 3.562 ms
[Architectury Transformer DEBUG] Transforming from com/Morph/logisticspipes/pipes/PipeItemsSupplierLogistics.class to com/Morph/logisticspipes/pipes/PipeItemsSupplierLogistics.class with 6 transformer(s) on dev.architectury.transformer.handler.TinyRemapperPreparedTransformerHandler
[Architectury Transformer DEBUG] Remapping with 1 mapping provider(s):
[Architectury Transformer DEBUG]  - dev.architectury.transformer.transformers.TransformNeoForgeEnvironment$$Lambda/0x0000029f5502fb20@7a3793c7
[Architectury Transformer DEBUG] Remapping Classes:
[Architectury Transformer DEBUG] net/fabricmc/api/EnvType -> net/neoforged/api/distmarker/Dist
[Architectury Transformer DEBUG] net/fabricmc/api/Environment -> net/neoforged/api/distmarker/OnlyIn
[Architectury Transformer DEBUG] Found class transformer
[Architectury Transformer DEBUG] Writing com/Morph/logisticspipes/pipes/PipeItemsSupplierLogistics with maxs=true frames=true
[Architectury Transformer DEBUG] Transformed com/Morph/logisticspipes/pipes/PipeItemsSupplierLogistics in 3.247 ms
[Architectury Transformer DEBUG] Transforming from com/Morph/logisticspipes/interfaces/routing/IRequireReliableTransport.class to com/Morph/logisticspipes/interfaces/routing/IRequireReliableTransport.class with 6 transformer(s) on dev.architectury.transformer.handler.TinyRemapperPreparedTransformerHandler
[Architectury Transformer DEBUG] Remapping with 1 mapping provider(s):
[Architectury Transformer DEBUG]  - dev.architectury.transformer.transformers.TransformNeoForgeEnvironment$$Lambda/0x0000029f5502fb20@7a3793c7
[Architectury Transformer DEBUG] Remapping Classes:
[Architectury Transformer DEBUG] net/fabricmc/api/EnvType -> net/neoforged/api/distmarker/Dist
[Architectury Transformer DEBUG] net/fabricmc/api/Environment -> net/neoforged/api/distmarker/OnlyIn
[Architectury Transformer DEBUG] Found class transformer
[Architectury Transformer DEBUG] Writing com/Morph/logisticspipes/interfaces/routing/IRequireReliableTransport with maxs=true frames=true
[Architectury Transformer DEBUG] Transformed com/Morph/logisticspipes/interfaces/routing/IRequireReliableTransport in 2.747 ms
[Architectury Transformer DEBUG] Transforming from com/Morph/logisticspipes/modules/ModuleActiveSupplier.class to com/Morph/logisticspipes/modules/ModuleActiveSupplier.class with 6 transformer(s) on dev.architectury.transformer.handler.TinyRemapperPreparedTransformerHandler
[Architectury Transformer DEBUG] Remapping with 1 mapping provider(s):
[Architectury Transformer DEBUG]  - dev.architectury.transformer.transformers.TransformNeoForgeEnvironment$$Lambda/0x0000029f5502fb20@7a3793c7
[Architectury Transformer DEBUG] Remapping Classes:
[Architectury Transformer DEBUG] net/fabricmc/api/EnvType -> net/neoforged/api/distmarker/Dist
[Architectury Transformer DEBUG] net/fabricmc/api/Environment -> net/neoforged/api/distmarker/OnlyIn
[Architectury Transformer DEBUG] Found class transformer
[Architectury Transformer DEBUG] Writing com/Morph/logisticspipes/modules/ModuleActiveSupplier with maxs=true frames=true
[Architectury Transformer DEBUG] Transformed com/Morph/logisticspipes/modules/ModuleActiveSupplier in 4.022 ms
[Architectury Transformer DEBUG] Transforming from com/Morph/logisticspipes/pipes/PipeFluidBasic.class to com/Morph/logisticspipes/pipes/PipeFluidBasic.class with 6 transformer(s) on dev.architectury.transformer.handler.TinyRemapperPreparedTransformerHandler
[Architectury Transformer DEBUG] Remapping with 1 mapping provider(s):
[Architectury Transformer DEBUG]  - dev.architectury.transformer.transformers.TransformNeoForgeEnvironment$$Lambda/0x0000029f5502fb20@7a3793c7
[Architectury Transformer DEBUG] Remapping Classes:
[Architectury Transformer DEBUG] net/fabricmc/api/EnvType -> net/neoforged/api/distmarker/Dist
[Architectury Transformer DEBUG] net/fabricmc/api/Environment -> net/neoforged/api/distmarker/OnlyIn
[Architectury Transformer DEBUG] Found class transformer
[Architectury Transformer DEBUG] Writing com/Morph/logisticspipes/pipes/PipeFluidBasic with maxs=true frames=true
[Architectury Transformer DEBUG] Transformed com/Morph/logisticspipes/pipes/PipeFluidBasic in 2.785 ms
[Architectury Transformer DEBUG] Transforming from com/Morph/logisticspipes/pipes/PipeFluidProvider.class to com/Morph/logisticspipes/pipes/PipeFluidProvider.class with 6 transformer(s) on dev.architectury.transformer.handler.TinyRemapperPreparedTransformerHandler
[Architectury Transformer DEBUG] Remapping with 1 mapping provider(s):
[Architectury Transformer DEBUG]  - dev.architectury.transformer.transformers.TransformNeoForgeEnvironment$$Lambda/0x0000029f5502fb20@7a3793c7
[Architectury Transformer DEBUG] Remapping Classes:
[Architectury Transformer DEBUG] net/fabricmc/api/EnvType -> net/neoforged/api/distmarker/Dist
[Architectury Transformer DEBUG] net/fabricmc/api/Environment -> net/neoforged/api/distmarker/OnlyIn
[Architectury Transformer DEBUG] Found class transformer
[Architectury Transformer DEBUG] Writing com/Morph/logisticspipes/pipes/PipeFluidProvider with maxs=true frames=true
[Architectury Transformer DEBUG] Transformed com/Morph/logisticspipes/pipes/PipeFluidProvider in 3.186 ms
[Architectury Transformer DEBUG] Transforming from com/Morph/logisticspipes/interfaces/routing/IProvideFluids.class to com/Morph/logisticspipes/interfaces/routing/IProvideFluids.class with 6 transformer(s) on dev.architectury.transformer.handler.TinyRemapperPreparedTransformerHandler
[Architectury Transformer DEBUG] Remapping with 1 mapping provider(s):
[Architectury Transformer DEBUG]  - dev.architectury.transformer.transformers.TransformNeoForgeEnvironment$$Lambda/0x0000029f5502fb20@7a3793c7
[Architectury Transformer DEBUG] Remapping Classes:
[Architectury Transformer DEBUG] net/fabricmc/api/EnvType -> net/neoforged/api/distmarker/Dist
[Architectury Transformer DEBUG] net/fabricmc/api/Environment -> net/neoforged/api/distmarker/OnlyIn
[Architectury Transformer DEBUG] Found class transformer
[Architectury Transformer DEBUG] Writing com/Morph/logisticspipes/interfaces/routing/IProvideFluids with maxs=true frames=true
[Architectury Transformer DEBUG] Transformed com/Morph/logisticspipes/interfaces/routing/IProvideFluids in 2.640 ms
[Architectury Transformer DEBUG] Transforming from com/Morph/logisticspipes/routing/order/LogisticsOrder.class to com/Morph/logisticspipes/routing/order/LogisticsOrder.class with 6 transformer(s) on dev.architectury.transformer.handler.TinyRemapperPreparedTransformerHandler
[Architectury Transformer DEBUG] Remapping with 1 mapping provider(s):
[Architectury Transformer DEBUG]  - dev.architectury.transformer.transformers.TransformNeoForgeEnvironment$$Lambda/0x0000029f5502fb20@7a3793c7
[Architectury Transformer DEBUG] Remapping Classes:
[Architectury Transformer DEBUG] net/fabricmc/api/EnvType -> net/neoforged/api/distmarker/Dist
[Architectury Transformer DEBUG] net/fabricmc/api/Environment -> net/neoforged/api/distmarker/OnlyIn
[Architectury Transformer DEBUG] Found class transformer
[Architectury Transformer DEBUG] Writing com/Morph/logisticspipes/routing/order/LogisticsOrder with maxs=true frames=true
[Architectury Transformer DEBUG] Transformed com/Morph/logisticspipes/routing/order/LogisticsOrder in 5.083 ms
[Architectury Transformer DEBUG] Transforming from com/Morph/logisticspipes/routing/order/LogisticsFluidOrder.class to com/Morph/logisticspipes/routing/order/LogisticsFluidOrder.class with 6 transformer(s) on dev.architectury.transformer.handler.TinyRemapperPreparedTransformerHandler
[Architectury Transformer DEBUG] Remapping with 1 mapping provider(s):
[Architectury Transformer DEBUG]  - dev.architectury.transformer.transformers.TransformNeoForgeEnvironment$$Lambda/0x0000029f5502fb20@7a3793c7
[Architectury Transformer DEBUG] Remapping Classes:
[Architectury Transformer DEBUG] net/fabricmc/api/EnvType -> net/neoforged/api/distmarker/Dist
[Architectury Transformer DEBUG] net/fabricmc/api/Environment -> net/neoforged/api/distmarker/OnlyIn
[Architectury Transformer DEBUG] Found class transformer
[Architectury Transformer DEBUG] Writing com/Morph/logisticspipes/routing/order/LogisticsFluidOrder with maxs=true frames=true
[Architectury Transformer DEBUG] Transformed com/Morph/logisticspipes/routing/order/LogisticsFluidOrder in 5.321 ms
[Architectury Transformer DEBUG] Transforming from com/Morph/logisticspipes/pipes/PipeFluidSupplier.class to com/Morph/logisticspipes/pipes/PipeFluidSupplier.class with 6 transformer(s) on dev.architectury.transformer.handler.TinyRemapperPreparedTransformerHandler
[Architectury Transformer DEBUG] Remapping with 1 mapping provider(s):
[Architectury Transformer DEBUG]  - dev.architectury.transformer.transformers.TransformNeoForgeEnvironment$$Lambda/0x0000029f5502fb20@7a3793c7
[Architectury Transformer DEBUG] Remapping Classes:
[Architectury Transformer DEBUG] net/fabricmc/api/EnvType -> net/neoforged/api/distmarker/Dist
[Architectury Transformer DEBUG] net/fabricmc/api/Environment -> net/neoforged/api/distmarker/OnlyIn
[Architectury Transformer DEBUG] Found class transformer
[Architectury Transformer DEBUG] Writing com/Morph/logisticspipes/pipes/PipeFluidSupplier with maxs=true frames=true
[Architectury Transformer DEBUG] Transformed com/Morph/logisticspipes/pipes/PipeFluidSupplier in 4.378 ms
[Architectury Transformer DEBUG] Transforming from com/Morph/logisticspipes/interfaces/routing/IRequestFluid.class to com/Morph/logisticspipes/interfaces/routing/IRequestFluid.class with 6 transformer(s) on dev.architectury.transformer.handler.TinyRemapperPreparedTransformerHandler
[Architectury Transformer DEBUG] Remapping with 1 mapping provider(s):
[Architectury Transformer DEBUG]  - dev.architectury.transformer.transformers.TransformNeoForgeEnvironment$$Lambda/0x0000029f5502fb20@7a3793c7
[Architectury Transformer DEBUG] Remapping Classes:
[Architectury Transformer DEBUG] net/fabricmc/api/EnvType -> net/neoforged/api/distmarker/Dist
[Architectury Transformer DEBUG] net/fabricmc/api/Environment -> net/neoforged/api/distmarker/OnlyIn
[Architectury Transformer DEBUG] Found class transformer
[Architectury Transformer DEBUG] Writing com/Morph/logisticspipes/interfaces/routing/IRequestFluid with maxs=true frames=true
[Architectury Transformer DEBUG] Transformed com/Morph/logisticspipes/interfaces/routing/IRequestFluid in 2.739 ms
[Architectury Transformer DEBUG] Transforming from com/Morph/logisticspipes/pipes/PipeFluidCrafting.class to com/Morph/logisticspipes/pipes/PipeFluidCrafting.class with 6 transformer(s) on dev.architectury.transformer.handler.TinyRemapperPreparedTransformerHandler
[Architectury Transformer DEBUG] Remapping with 1 mapping provider(s):
[Architectury Transformer DEBUG]  - dev.architectury.transformer.transformers.TransformNeoForgeEnvironment$$Lambda/0x0000029f5502fb20@7a3793c7
[Architectury Transformer DEBUG] Remapping Classes:
[Architectury Transformer DEBUG] net/fabricmc/api/EnvType -> net/neoforged/api/distmarker/Dist
[Architectury Transformer DEBUG] net/fabricmc/api/Environment -> net/neoforged/api/distmarker/OnlyIn
[Architectury Transformer DEBUG] Found class transformer
[Architectury Transformer DEBUG] Writing com/Morph/logisticspipes/pipes/PipeFluidCrafting with maxs=true frames=true
[Architectury Transformer DEBUG] Transformed com/Morph/logisticspipes/pipes/PipeFluidCrafting in 2.672 ms
[Architectury Transformer DEBUG] Transforming from com/Morph/logisticspipes/pipes/PipeItemsSatelliteLogistics.class to com/Morph/logisticspipes/pipes/PipeItemsSatelliteLogistics.class with 6 transformer(s) on dev.architectury.transformer.handler.TinyRemapperPreparedTransformerHandler
[Architectury Transformer DEBUG] Remapping with 1 mapping provider(s):
[Architectury Transformer DEBUG]  - dev.architectury.transformer.transformers.TransformNeoForgeEnvironment$$Lambda/0x0000029f5502fb20@7a3793c7
[Architectury Transformer DEBUG] Remapping Classes:
[Architectury Transformer DEBUG] net/fabricmc/api/EnvType -> net/neoforged/api/distmarker/Dist
[Architectury Transformer DEBUG] net/fabricmc/api/Environment -> net/neoforged/api/distmarker/OnlyIn
[Architectury Transformer DEBUG] Found class transformer
[Architectury Transformer DEBUG] Writing com/Morph/logisticspipes/pipes/PipeItemsSatelliteLogistics with maxs=true frames=true
[Architectury Transformer DEBUG] Transformed com/Morph/logisticspipes/pipes/PipeItemsSatelliteLogistics in 3.079 ms
[Architectury Transformer DEBUG] Transforming from com/Morph/logisticspipes/pipes/PipeItemsCraftingLogistics.class to com/Morph/logisticspipes/pipes/PipeItemsCraftingLogistics.class with 6 transformer(s) on dev.architectury.transformer.handler.TinyRemapperPreparedTransformerHandler
[Architectury Transformer DEBUG] Remapping with 1 mapping provider(s):
[Architectury Transformer DEBUG]  - dev.architectury.transformer.transformers.TransformNeoForgeEnvironment$$Lambda/0x0000029f5502fb20@7a3793c7
[Architectury Transformer DEBUG] Remapping Classes:
[Architectury Transformer DEBUG] net/fabricmc/api/EnvType -> net/neoforged/api/distmarker/Dist
[Architectury Transformer DEBUG] net/fabricmc/api/Environment -> net/neoforged/api/distmarker/OnlyIn
[Architectury Transformer DEBUG] Found class transformer
[Architectury Transformer DEBUG] Writing com/Morph/logisticspipes/pipes/PipeItemsCraftingLogistics with maxs=true frames=true
[Architectury Transformer DEBUG] Transformed com/Morph/logisticspipes/pipes/PipeItemsCraftingLogistics in 4.476 ms
[Architectury Transformer DEBUG] Transforming from com/Morph/logisticspipes/interfaces/routing/ICraftItems.class to com/Morph/logisticspipes/interfaces/routing/ICraftItems.class with 6 transformer(s) on dev.architectury.transformer.handler.TinyRemapperPreparedTransformerHandler
[Architectury Transformer DEBUG] Remapping with 1 mapping provider(s):
[Architectury Transformer DEBUG]  - dev.architectury.transformer.transformers.TransformNeoForgeEnvironment$$Lambda/0x0000029f5502fb20@7a3793c7
[Architectury Transformer DEBUG] Remapping Classes:
[Architectury Transformer DEBUG] net/fabricmc/api/EnvType -> net/neoforged/api/distmarker/Dist
[Architectury Transformer DEBUG] net/fabricmc/api/Environment -> net/neoforged/api/distmarker/OnlyIn
[Architectury Transformer DEBUG] Found class transformer
[Architectury Transformer DEBUG] Writing com/Morph/logisticspipes/interfaces/routing/ICraftItems with maxs=true frames=true
[Architectury Transformer DEBUG] Transformed com/Morph/logisticspipes/interfaces/routing/ICraftItems in 2.829 ms
[Architectury Transformer DEBUG] Transforming from com/Morph/logisticspipes/interfaces/routing/ICraft.class to com/Morph/logisticspipes/interfaces/routing/ICraft.class with 6 transformer(s) on dev.architectury.transformer.handler.TinyRemapperPreparedTransformerHandler
[Architectury Transformer DEBUG] Remapping with 1 mapping provider(s):
[Architectury Transformer DEBUG]  - dev.architectury.transformer.transformers.TransformNeoForgeEnvironment$$Lambda/0x0000029f5502fb20@7a3793c7
[Architectury Transformer DEBUG] Remapping Classes:
[Architectury Transformer DEBUG] net/fabricmc/api/EnvType -> net/neoforged/api/distmarker/Dist
[Architectury Transformer DEBUG] net/fabricmc/api/Environment -> net/neoforged/api/distmarker/OnlyIn
[Architectury Transformer DEBUG] Found class transformer
[Architectury Transformer DEBUG] Writing com/Morph/logisticspipes/interfaces/routing/ICraft with maxs=true frames=true
[Architectury Transformer DEBUG] Transformed com/Morph/logisticspipes/interfaces/routing/ICraft in 2.654 ms
[Architectury Transformer DEBUG] Transforming from com/Morph/logisticspipes/interfaces/routing/IItemSpaceControl.class to com/Morph/logisticspipes/interfaces/routing/IItemSpaceControl.class with 6 transformer(s) on dev.architectury.transformer.handler.TinyRemapperPreparedTransformerHandler
[Architectury Transformer DEBUG] Remapping with 1 mapping provider(s):
[Architectury Transformer DEBUG]  - dev.architectury.transformer.transformers.TransformNeoForgeEnvironment$$Lambda/0x0000029f5502fb20@7a3793c7
[Architectury Transformer DEBUG] Remapping Classes:
[Architectury Transformer DEBUG] net/fabricmc/api/EnvType -> net/neoforged/api/distmarker/Dist
[Architectury Transformer DEBUG] net/fabricmc/api/Environment -> net/neoforged/api/distmarker/OnlyIn
[Architectury Transformer DEBUG] Found class transformer
[Architectury Transformer DEBUG] Writing com/Morph/logisticspipes/interfaces/routing/IItemSpaceControl with maxs=true frames=true
[Architectury Transformer DEBUG] Transformed com/Morph/logisticspipes/interfaces/routing/IItemSpaceControl in 2.323 ms
[Architectury Transformer DEBUG] Transforming from com/Morph/logisticspipes/modules/ModuleCrafter.class to com/Morph/logisticspipes/modules/ModuleCrafter.class with 6 transformer(s) on dev.architectury.transformer.handler.TinyRemapperPreparedTransformerHandler
[Architectury Transformer DEBUG] Remapping with 1 mapping provider(s):
[Architectury Transformer DEBUG]  - dev.architectury.transformer.transformers.TransformNeoForgeEnvironment$$Lambda/0x0000029f5502fb20@7a3793c7
[Architectury Transformer DEBUG] Remapping Classes:
[Architectury Transformer DEBUG] net/fabricmc/api/EnvType -> net/neoforged/api/distmarker/Dist
[Architectury Transformer DEBUG] net/fabricmc/api/Environment -> net/neoforged/api/distmarker/OnlyIn
[Architectury Transformer DEBUG] Found class transformer
[Architectury Transformer DEBUG] Writing com/Morph/logisticspipes/modules/ModuleCrafter with maxs=true frames=true
[Architectury Transformer DEBUG] Transformed com/Morph/logisticspipes/modules/ModuleCrafter in 10.29 ms
[Architectury Transformer DEBUG] Transforming from com/Morph/logisticspipes/pipes/PipeItemsCraftingLogisticsMk2.class to com/Morph/logisticspipes/pipes/PipeItemsCraftingLogisticsMk2.class with 6 transformer(s) on dev.architectury.transformer.handler.TinyRemapperPreparedTransformerHandler
[Architectury Transformer DEBUG] Remapping with 1 mapping provider(s):
[Architectury Transformer DEBUG]  - dev.architectury.transformer.transformers.TransformNeoForgeEnvironment$$Lambda/0x0000029f5502fb20@7a3793c7
[Architectury Transformer DEBUG] Remapping Classes:
[Architectury Transformer DEBUG] net/fabricmc/api/EnvType -> net/neoforged/api/distmarker/Dist
[Architectury Transformer DEBUG] net/fabricmc/api/Environment -> net/neoforged/api/distmarker/OnlyIn
[Architectury Transformer DEBUG] Found class transformer
[Architectury Transformer DEBUG] Writing com/Morph/logisticspipes/pipes/PipeItemsCraftingLogisticsMk2 with maxs=true frames=true
[Architectury Transformer DEBUG] Transformed com/Morph/logisticspipes/pipes/PipeItemsCraftingLogisticsMk2 in 4.813 ms
[Architectury Transformer DEBUG] Transforming from com/Morph/logisticspipes/modules/ModuleCrafterMk2.class to com/Morph/logisticspipes/modules/ModuleCrafterMk2.class with 6 transformer(s) on dev.architectury.transformer.handler.TinyRemapperPreparedTransformerHandler
[Architectury Transformer DEBUG] Remapping with 1 mapping provider(s):
[Architectury Transformer DEBUG]  - dev.architectury.transformer.transformers.TransformNeoForgeEnvironment$$Lambda/0x0000029f5502fb20@7a3793c7
[Architectury Transformer DEBUG] Remapping Classes:
[Architectury Transformer DEBUG] net/fabricmc/api/EnvType -> net/neoforged/api/distmarker/Dist
[Architectury Transformer DEBUG] net/fabricmc/api/Environment -> net/neoforged/api/distmarker/OnlyIn
[Architectury Transformer DEBUG] Found class transformer
[Architectury Transformer DEBUG] Writing com/Morph/logisticspipes/modules/ModuleCrafterMk2 with maxs=true frames=true
[Architectury Transformer DEBUG] Transformed com/Morph/logisticspipes/modules/ModuleCrafterMk2 in 4.114 ms
[Architectury Transformer DEBUG] Transforming from com/Morph/logisticspipes/pipes/PipeItemsCraftingLogisticsMk3.class to com/Morph/logisticspipes/pipes/PipeItemsCraftingLogisticsMk3.class with 6 transformer(s) on dev.architectury.transformer.handler.TinyRemapperPreparedTransformerHandler
[Architectury Transformer DEBUG] Remapping with 1 mapping provider(s):
[Architectury Transformer DEBUG]  - dev.architectury.transformer.transformers.TransformNeoForgeEnvironment$$Lambda/0x0000029f5502fb20@7a3793c7
[Architectury Transformer DEBUG] Remapping Classes:
[Architectury Transformer DEBUG] net/fabricmc/api/EnvType -> net/neoforged/api/distmarker/Dist
[Architectury Transformer DEBUG] net/fabricmc/api/Environment -> net/neoforged/api/distmarker/OnlyIn
[Architectury Transformer DEBUG] Found class transformer
[Architectury Transformer DEBUG] Writing com/Morph/logisticspipes/pipes/PipeItemsCraftingLogisticsMk3 with maxs=true frames=true
[Architectury Transformer DEBUG] Transformed com/Morph/logisticspipes/pipes/PipeItemsCraftingLogisticsMk3 in 3.262 ms
[Architectury Transformer DEBUG] Transforming from com/Morph/logisticspipes/modules/ModuleCrafterMk3.class to com/Morph/logisticspipes/modules/ModuleCrafterMk3.class with 6 transformer(s) on dev.architectury.transformer.handler.TinyRemapperPreparedTransformerHandler
[Architectury Transformer DEBUG] Remapping with 1 mapping provider(s):
[Architectury Transformer DEBUG]  - dev.architectury.transformer.transformers.TransformNeoForgeEnvironment$$Lambda/0x0000029f5502fb20@7a3793c7
[Architectury Transformer DEBUG] Remapping Classes:
[Architectury Transformer DEBUG] net/fabricmc/api/EnvType -> net/neoforged/api/distmarker/Dist
[Architectury Transformer DEBUG] net/fabricmc/api/Environment -> net/neoforged/api/distmarker/OnlyIn
[Architectury Transformer DEBUG] Found class transformer
[Architectury Transformer DEBUG] Writing com/Morph/logisticspipes/modules/ModuleCrafterMk3 with maxs=true frames=true
[Architectury Transformer DEBUG] Transformed com/Morph/logisticspipes/modules/ModuleCrafterMk3 in 3.660 ms
[Architectury Transformer DEBUG] Transforming from com/Morph/logisticspipes/pipes/PipeItemsFirewall.class to com/Morph/logisticspipes/pipes/PipeItemsFirewall.class with 6 transformer(s) on dev.architectury.transformer.handler.TinyRemapperPreparedTransformerHandler
[Architectury Transformer DEBUG] Remapping with 1 mapping provider(s):
[Architectury Transformer DEBUG]  - dev.architectury.transformer.transformers.TransformNeoForgeEnvironment$$Lambda/0x0000029f5502fb20@7a3793c7
[Architectury Transformer DEBUG] Remapping Classes:
[Architectury Transformer DEBUG] net/fabricmc/api/EnvType -> net/neoforged/api/distmarker/Dist
[Architectury Transformer DEBUG] net/fabricmc/api/Environment -> net/neoforged/api/distmarker/OnlyIn
[Architectury Transformer DEBUG] Found class transformer
[Architectury Transformer DEBUG] Writing com/Morph/logisticspipes/pipes/PipeItemsFirewall with maxs=true frames=true
[Architectury Transformer DEBUG] Transformed com/Morph/logisticspipes/pipes/PipeItemsFirewall in 3.068 ms
[Architectury Transformer DEBUG] Transforming from com/Morph/logisticspipes/interfaces/routing/IFilter.class to com/Morph/logisticspipes/interfaces/routing/IFilter.class with 6 transformer(s) on dev.architectury.transformer.handler.TinyRemapperPreparedTransformerHandler
[Architectury Transformer DEBUG] Remapping with 1 mapping provider(s):
[Architectury Transformer DEBUG]  - dev.architectury.transformer.transformers.TransformNeoForgeEnvironment$$Lambda/0x0000029f5502fb20@7a3793c7
[Architectury Transformer DEBUG] Remapping Classes:
[Architectury Transformer DEBUG] net/fabricmc/api/EnvType -> net/neoforged/api/distmarker/Dist
[Architectury Transformer DEBUG] net/fabricmc/api/Environment -> net/neoforged/api/distmarker/OnlyIn
[Architectury Transformer DEBUG] Found class transformer
[Architectury Transformer DEBUG] Writing com/Morph/logisticspipes/interfaces/routing/IFilter with maxs=true frames=true
[Architectury Transformer DEBUG] Transformed com/Morph/logisticspipes/interfaces/routing/IFilter in 2.297 ms
[Architectury Transformer DEBUG] Transforming from com/Morph/logisticspipes/pipes/PipeItemsSystemEntranceLogistics.class to com/Morph/logisticspipes/pipes/PipeItemsSystemEntranceLogistics.class with 6 transformer(s) on dev.architectury.transformer.handler.TinyRemapperPreparedTransformerHandler
[Architectury Transformer DEBUG] Remapping with 1 mapping provider(s):
[Architectury Transformer DEBUG]  - dev.architectury.transformer.transformers.TransformNeoForgeEnvironment$$Lambda/0x0000029f5502fb20@7a3793c7
[Architectury Transformer DEBUG] Remapping Classes:
[Architectury Transformer DEBUG] net/fabricmc/api/EnvType -> net/neoforged/api/distmarker/Dist
[Architectury Transformer DEBUG] net/fabricmc/api/Environment -> net/neoforged/api/distmarker/OnlyIn
[Architectury Transformer DEBUG] Found class transformer
[Architectury Transformer DEBUG] Writing com/Morph/logisticspipes/pipes/PipeItemsSystemEntranceLogistics with maxs=true frames=true
[Architectury Transformer DEBUG] Transformed com/Morph/logisticspipes/pipes/PipeItemsSystemEntranceLogistics in 2.811 ms
[Architectury Transformer DEBUG] Transforming from com/Morph/logisticspipes/pipes/PipeItemsSystemDestinationLogistics.class to com/Morph/logisticspipes/pipes/PipeItemsSystemDestinationLogistics.class with 6 transformer(s) on dev.architectury.transformer.handler.TinyRemapperPreparedTransformerHandler
[Architectury Transformer DEBUG] Remapping with 1 mapping provider(s):
[Architectury Transformer DEBUG]  - dev.architectury.transformer.transformers.TransformNeoForgeEnvironment$$Lambda/0x0000029f5502fb20@7a3793c7
[Architectury Transformer DEBUG] Remapping Classes:
[Architectury Transformer DEBUG] net/fabricmc/api/EnvType -> net/neoforged/api/distmarker/Dist
[Architectury Transformer DEBUG] net/fabricmc/api/Environment -> net/neoforged/api/distmarker/OnlyIn
[Architectury Transformer DEBUG] Found class transformer
[Architectury Transformer DEBUG] Writing com/Morph/logisticspipes/pipes/PipeItemsSystemDestinationLogistics with maxs=true frames=true
[Architectury Transformer DEBUG] Transformed com/Morph/logisticspipes/pipes/PipeItemsSystemDestinationLogistics in 3.378 ms
[Architectury Transformer DEBUG] Transforming from com/Morph/logisticspipes/pipes/PipeItemsRemoteOrdererLogistics.class to com/Morph/logisticspipes/pipes/PipeItemsRemoteOrdererLogistics.class with 6 transformer(s) on dev.architectury.transformer.handler.TinyRemapperPreparedTransformerHandler
[Architectury Transformer DEBUG] Remapping with 1 mapping provider(s):
[Architectury Transformer DEBUG]  - dev.architectury.transformer.transformers.TransformNeoForgeEnvironment$$Lambda/0x0000029f5502fb20@7a3793c7
[Architectury Transformer DEBUG] Remapping Classes:
[Architectury Transformer DEBUG] net/fabricmc/api/EnvType -> net/neoforged/api/distmarker/Dist
[Architectury Transformer DEBUG] net/fabricmc/api/Environment -> net/neoforged/api/distmarker/OnlyIn
[Architectury Transformer DEBUG] Found class transformer
[Architectury Transformer DEBUG] Writing com/Morph/logisticspipes/pipes/PipeItemsRemoteOrdererLogistics with maxs=true frames=true
[Architectury Transformer DEBUG] Transformed com/Morph/logisticspipes/pipes/PipeItemsRemoteOrdererLogistics in 3.157 ms
[Architectury Transformer DEBUG] Transforming from com/Morph/logisticspipes/pipes/PipeItemsBasicTransport.class to com/Morph/logisticspipes/pipes/PipeItemsBasicTransport.class with 6 transformer(s) on dev.architectury.transformer.handler.TinyRemapperPreparedTransformerHandler
[Architectury Transformer DEBUG] Remapping with 1 mapping provider(s):
[Architectury Transformer DEBUG]  - dev.architectury.transformer.transformers.TransformNeoForgeEnvironment$$Lambda/0x0000029f5502fb20@7a3793c7
[Architectury Transformer DEBUG] Remapping Classes:
[Architectury Transformer DEBUG] net/fabricmc/api/EnvType -> net/neoforged/api/distmarker/Dist
[Architectury Transformer DEBUG] net/fabricmc/api/Environment -> net/neoforged/api/distmarker/OnlyIn
[Architectury Transformer DEBUG] Found class transformer
[Architectury Transformer DEBUG] Writing com/Morph/logisticspipes/pipes/PipeItemsBasicTransport with maxs=true frames=true
[Architectury Transformer DEBUG] Transformed com/Morph/logisticspipes/pipes/PipeItemsBasicTransport in 3.040 ms
[Architectury Transformer DEBUG] Transforming from com/Morph/logisticspipes/pipes/PipeItemsFluidSupplier.class to com/Morph/logisticspipes/pipes/PipeItemsFluidSupplier.class with 6 transformer(s) on dev.architectury.transformer.handler.TinyRemapperPreparedTransformerHandler
[Architectury Transformer DEBUG] Remapping with 1 mapping provider(s):
[Architectury Transformer DEBUG]  - dev.architectury.transformer.transformers.TransformNeoForgeEnvironment$$Lambda/0x0000029f5502fb20@7a3793c7
[Architectury Transformer DEBUG] Remapping Classes:
[Architectury Transformer DEBUG] net/fabricmc/api/EnvType -> net/neoforged/api/distmarker/Dist
[Architectury Transformer DEBUG] net/fabricmc/api/Environment -> net/neoforged/api/distmarker/OnlyIn
[Architectury Transformer DEBUG] Found class transformer
[Architectury Transformer DEBUG] Writing com/Morph/logisticspipes/pipes/PipeItemsFluidSupplier with maxs=true frames=true
[Architectury Transformer DEBUG] Transformed com/Morph/logisticspipes/pipes/PipeItemsFluidSupplier in 3.262 ms
[Architectury Transformer DEBUG] Transforming from com/Morph/logisticspipes/transport/PipeTransportLogistics.class to com/Morph/logisticspipes/transport/PipeTransportLogistics.class with 6 transformer(s) on dev.architectury.transformer.handler.TinyRemapperPreparedTransformerHandler
[Architectury Transformer DEBUG] Remapping with 1 mapping provider(s):
[Architectury Transformer DEBUG]  - dev.architectury.transformer.transformers.TransformNeoForgeEnvironment$$Lambda/0x0000029f5502fb20@7a3793c7
[Architectury Transformer DEBUG] Remapping Classes:
[Architectury Transformer DEBUG] net/fabricmc/api/EnvType -> net/neoforged/api/distmarker/Dist
[Architectury Transformer DEBUG] net/fabricmc/api/Environment -> net/neoforged/api/distmarker/OnlyIn
[Architectury Transformer DEBUG] Found class transformer
[Architectury Transformer DEBUG] Writing com/Morph/logisticspipes/transport/PipeTransportLogistics with maxs=true frames=true
[Architectury Transformer DEBUG] Transformed com/Morph/logisticspipes/transport/PipeTransportLogistics in 14.83 ms
[Architectury Transformer DEBUG] Transforming from com/Morph/logisticspipes/pipes/PipeItemsFluidSupplier$1.class to com/Morph/logisticspipes/pipes/PipeItemsFluidSupplier$1.class with 6 transformer(s) on dev.architectury.transformer.handler.TinyRemapperPreparedTransformerHandler
[Architectury Transformer DEBUG] Remapping with 1 mapping provider(s):
[Architectury Transformer DEBUG]  - dev.architectury.transformer.transformers.TransformNeoForgeEnvironment$$Lambda/0x0000029f5502fb20@7a3793c7
[Architectury Transformer DEBUG] Remapping Classes:
[Architectury Transformer DEBUG] net/fabricmc/api/EnvType -> net/neoforged/api/distmarker/Dist
[Architectury Transformer DEBUG] net/fabricmc/api/Environment -> net/neoforged/api/distmarker/OnlyIn
[Architectury Transformer DEBUG] Found class transformer
[Architectury Transformer DEBUG] Writing com/Morph/logisticspipes/pipes/PipeItemsFluidSupplier$1 with maxs=true frames=true
[Architectury Transformer DEBUG] Transformed com/Morph/logisticspipes/pipes/PipeItemsFluidSupplier$1 in 5.109 ms
[Architectury Transformer DEBUG] Transforming from com/Morph/logisticspipes/modules/ModuleFluidSupplier.class to com/Morph/logisticspipes/modules/ModuleFluidSupplier.class with 6 transformer(s) on dev.architectury.transformer.handler.TinyRemapperPreparedTransformerHandler
[Architectury Transformer DEBUG] Remapping with 1 mapping provider(s):
[Architectury Transformer DEBUG]  - dev.architectury.transformer.transformers.TransformNeoForgeEnvironment$$Lambda/0x0000029f5502fb20@7a3793c7
[Architectury Transformer DEBUG] Remapping Classes:
[Architectury Transformer DEBUG] net/fabricmc/api/EnvType -> net/neoforged/api/distmarker/Dist
[Architectury Transformer DEBUG] net/fabricmc/api/Environment -> net/neoforged/api/distmarker/OnlyIn
[Architectury Transformer DEBUG] Found class transformer
[Architectury Transformer DEBUG] Writing com/Morph/logisticspipes/modules/ModuleFluidSupplier with maxs=true frames=true
[Architectury Transformer DEBUG] Transformed com/Morph/logisticspipes/modules/ModuleFluidSupplier in 4.087 ms
[Architectury Transformer DEBUG] Transforming from com/Morph/logisticspipes/pipes/PipeFluidInsertion.class to com/Morph/logisticspipes/pipes/PipeFluidInsertion.class with 6 transformer(s) on dev.architectury.transformer.handler.TinyRemapperPreparedTransformerHandler
[Architectury Transformer DEBUG] Remapping with 1 mapping provider(s):
[Architectury Transformer DEBUG]  - dev.architectury.transformer.transformers.TransformNeoForgeEnvironment$$Lambda/0x0000029f5502fb20@7a3793c7
[Architectury Transformer DEBUG] Remapping Classes:
[Architectury Transformer DEBUG] net/fabricmc/api/EnvType -> net/neoforged/api/distmarker/Dist
[Architectury Transformer DEBUG] net/fabricmc/api/Environment -> net/neoforged/api/distmarker/OnlyIn
[Architectury Transformer DEBUG] Found class transformer
[Architectury Transformer DEBUG] Writing com/Morph/logisticspipes/pipes/PipeFluidInsertion with maxs=true frames=true
[Architectury Transformer DEBUG] Transformed com/Morph/logisticspipes/pipes/PipeFluidInsertion in 4.643 ms
[Architectury Transformer DEBUG] Transforming from com/Morph/logisticspipes/pipes/PipeFluidExtractor.class to com/Morph/logisticspipes/pipes/PipeFluidExtractor.class with 6 transformer(s) on dev.architectury.transformer.handler.TinyRemapperPreparedTransformerHandler
[Architectury Transformer DEBUG] Remapping with 1 mapping provider(s):
[Architectury Transformer DEBUG]  - dev.architectury.transformer.transformers.TransformNeoForgeEnvironment$$Lambda/0x0000029f5502fb20@7a3793c7
[Architectury Transformer DEBUG] Remapping Classes:
[Architectury Transformer DEBUG] net/fabricmc/api/EnvType -> net/neoforged/api/distmarker/Dist
[Architectury Transformer DEBUG] net/fabricmc/api/Environment -> net/neoforged/api/distmarker/OnlyIn
[Architectury Transformer DEBUG] Found class transformer
[Architectury Transformer DEBUG] Writing com/Morph/logisticspipes/pipes/PipeFluidExtractor with maxs=true frames=true
[Architectury Transformer DEBUG] Transformed com/Morph/logisticspipes/pipes/PipeFluidExtractor in 4.415 ms
[Architectury Transformer DEBUG] Transforming from com/Morph/logisticspipes/pipes/PipeFluidSatellite.class to com/Morph/logisticspipes/pipes/PipeFluidSatellite.class with 6 transformer(s) on dev.architectury.transformer.handler.TinyRemapperPreparedTransformerHandler
[Architectury Transformer DEBUG] Remapping with 1 mapping provider(s):
[Architectury Transformer DEBUG]  - dev.architectury.transformer.transformers.TransformNeoForgeEnvironment$$Lambda/0x0000029f5502fb20@7a3793c7
[Architectury Transformer DEBUG] Remapping Classes:
[Architectury Transformer DEBUG] net/fabricmc/api/EnvType -> net/neoforged/api/distmarker/Dist
[Architectury Transformer DEBUG] net/fabricmc/api/Environment -> net/neoforged/api/distmarker/OnlyIn
[Architectury Transformer DEBUG] Found class transformer
[Architectury Transformer DEBUG] Writing com/Morph/logisticspipes/pipes/PipeFluidSatellite with maxs=true frames=true
[Architectury Transformer DEBUG] Transformed com/Morph/logisticspipes/pipes/PipeFluidSatellite in 4.629 ms
[Architectury Transformer DEBUG] Transforming from com/Morph/logisticspipes/pipes/PipeFluidSupplierMk2.class to com/Morph/logisticspipes/pipes/PipeFluidSupplierMk2.class with 6 transformer(s) on dev.architectury.transformer.handler.TinyRemapperPreparedTransformerHandler
[Architectury Transformer DEBUG] Remapping with 1 mapping provider(s):
[Architectury Transformer DEBUG]  - dev.architectury.transformer.transformers.TransformNeoForgeEnvironment$$Lambda/0x0000029f5502fb20@7a3793c7
[Architectury Transformer DEBUG] Remapping Classes:
[Architectury Transformer DEBUG] net/fabricmc/api/EnvType -> net/neoforged/api/distmarker/Dist
[Architectury Transformer DEBUG] net/fabricmc/api/Environment -> net/neoforged/api/distmarker/OnlyIn
[Architectury Transformer DEBUG] Found class transformer
[Architectury Transformer DEBUG] Writing com/Morph/logisticspipes/pipes/PipeFluidSupplierMk2 with maxs=true frames=true
[Architectury Transformer DEBUG] Transformed com/Morph/logisticspipes/pipes/PipeFluidSupplierMk2 in 4.161 ms
[Architectury Transformer DEBUG] Transforming from com/Morph/logisticspipes/pipes/PipeFluidRequestLogistics.class to com/Morph/logisticspipes/pipes/PipeFluidRequestLogistics.class with 6 transformer(s) on dev.architectury.transformer.handler.TinyRemapperPreparedTransformerHandler
[Architectury Transformer DEBUG] Remapping with 1 mapping provider(s):
[Architectury Transformer DEBUG]  - dev.architectury.transformer.transformers.TransformNeoForgeEnvironment$$Lambda/0x0000029f5502fb20@7a3793c7
[Architectury Transformer DEBUG] Remapping Classes:
[Architectury Transformer DEBUG] net/fabricmc/api/EnvType -> net/neoforged/api/distmarker/Dist
[Architectury Transformer DEBUG] net/fabricmc/api/Environment -> net/neoforged/api/distmarker/OnlyIn
[Architectury Transformer DEBUG] Found class transformer
[Architectury Transformer DEBUG] Writing com/Morph/logisticspipes/pipes/PipeFluidRequestLogistics with maxs=true frames=true
[Architectury Transformer DEBUG] Transformed com/Morph/logisticspipes/pipes/PipeFluidRequestLogistics in 4.215 ms
[Architectury Transformer DEBUG] Transforming from com/Morph/logisticspipes/pipes/PipeBlockRequestTable.class to com/Morph/logisticspipes/pipes/PipeBlockRequestTable.class with 6 transformer(s) on dev.architectury.transformer.handler.TinyRemapperPreparedTransformerHandler
[Architectury Transformer DEBUG] Remapping with 1 mapping provider(s):
[Architectury Transformer DEBUG]  - dev.architectury.transformer.transformers.TransformNeoForgeEnvironment$$Lambda/0x0000029f5502fb20@7a3793c7
[Architectury Transformer DEBUG] Remapping Classes:
[Architectury Transformer DEBUG] net/fabricmc/api/EnvType -> net/neoforged/api/distmarker/Dist
[Architectury Transformer DEBUG] net/fabricmc/api/Environment -> net/neoforged/api/distmarker/OnlyIn
[Architectury Transformer DEBUG] Found class transformer
[Architectury Transformer DEBUG] Writing com/Morph/logisticspipes/pipes/PipeBlockRequestTable with maxs=true frames=true
[Architectury Transformer DEBUG] Transformed com/Morph/logisticspipes/pipes/PipeBlockRequestTable in 6.035 ms
[Architectury Transformer DEBUG] Transforming from com/Morph/logisticspipes/pipes/PipeBlockRequestTable$PipeTransportRequestTable.class to com/Morph/logisticspipes/pipes/PipeBlockRequestTable$PipeTransportRequestTable.class with 6 transformer(s) on dev.architectury.transformer.handler.TinyRemapperPreparedTransformerHandler
[Architectury Transformer DEBUG] Remapping with 1 mapping provider(s):
[Architectury Transformer DEBUG]  - dev.architectury.transformer.transformers.TransformNeoForgeEnvironment$$Lambda/0x0000029f5502fb20@7a3793c7
[Architectury Transformer DEBUG] Remapping Classes:
[Architectury Transformer DEBUG] net/fabricmc/api/EnvType -> net/neoforged/api/distmarker/Dist
[Architectury Transformer DEBUG] net/fabricmc/api/Environment -> net/neoforged/api/distmarker/OnlyIn
[Architectury Transformer DEBUG] Found class transformer
[Architectury Transformer DEBUG] Writing com/Morph/logisticspipes/pipes/PipeBlockRequestTable$PipeTransportRequestTable with maxs=true frames=true
[Architectury Transformer DEBUG] Transformed com/Morph/logisticspipes/pipes/PipeBlockRequestTable$PipeTransportRequestTable in 4.378 ms
[Architectury Transformer DEBUG] Transforming from com/Morph/logisticspipes/pipes/upgrades/SpeedUpgrade.class to com/Morph/logisticspipes/pipes/upgrades/SpeedUpgrade.class with 6 transformer(s) on dev.architectury.transformer.handler.TinyRemapperPreparedTransformerHandler
[Architectury Transformer DEBUG] Remapping with 1 mapping provider(s):
[Architectury Transformer DEBUG]  - dev.architectury.transformer.transformers.TransformNeoForgeEnvironment$$Lambda/0x0000029f5502fb20@7a3793c7
[Architectury Transformer DEBUG] Remapping Classes:
[Architectury Transformer DEBUG] net/fabricmc/api/EnvType -> net/neoforged/api/distmarker/Dist
[Architectury Transformer DEBUG] net/fabricmc/api/Environment -> net/neoforged/api/distmarker/OnlyIn
[Architectury Transformer DEBUG] Found class transformer
[Architectury Transformer DEBUG] Writing com/Morph/logisticspipes/pipes/upgrades/SpeedUpgrade with maxs=true frames=true
[Architectury Transformer DEBUG] Transformed com/Morph/logisticspipes/pipes/upgrades/SpeedUpgrade in 3.685 ms
[Architectury Transformer DEBUG] Transforming from com/Morph/logisticspipes/pipes/upgrades/IPipeUpgrade.class to com/Morph/logisticspipes/pipes/upgrades/IPipeUpgrade.class with 6 transformer(s) on dev.architectury.transformer.handler.TinyRemapperPreparedTransformerHandler
[Architectury Transformer DEBUG] Remapping with 1 mapping provider(s):
[Architectury Transformer DEBUG]  - dev.architectury.transformer.transformers.TransformNeoForgeEnvironment$$Lambda/0x0000029f5502fb20@7a3793c7
[Architectury Transformer DEBUG] Remapping Classes:
[Architectury Transformer DEBUG] net/fabricmc/api/EnvType -> net/neoforged/api/distmarker/Dist
[Architectury Transformer DEBUG] net/fabricmc/api/Environment -> net/neoforged/api/distmarker/OnlyIn
[Architectury Transformer DEBUG] Found class transformer
[Architectury Transformer DEBUG] Writing com/Morph/logisticspipes/pipes/upgrades/IPipeUpgrade with maxs=true frames=true
[Architectury Transformer DEBUG] Transformed com/Morph/logisticspipes/pipes/upgrades/IPipeUpgrade in 3.728 ms
[Architectury Transformer DEBUG] Transforming from com/Morph/logisticspipes/pipes/upgrades/SneakyUpgradeConfig.class to com/Morph/logisticspipes/pipes/upgrades/SneakyUpgradeConfig.class with 6 transformer(s) on dev.architectury.transformer.handler.TinyRemapperPreparedTransformerHandler
[Architectury Transformer DEBUG] Remapping with 1 mapping provider(s):
[Architectury Transformer DEBUG]  - dev.architectury.transformer.transformers.TransformNeoForgeEnvironment$$Lambda/0x0000029f5502fb20@7a3793c7
[Architectury Transformer DEBUG] Remapping Classes:
[Architectury Transformer DEBUG] net/fabricmc/api/EnvType -> net/neoforged/api/distmarker/Dist
[Architectury Transformer DEBUG] net/fabricmc/api/Environment -> net/neoforged/api/distmarker/OnlyIn
[Architectury Transformer DEBUG] Found class transformer
[Architectury Transformer DEBUG] Writing com/Morph/logisticspipes/pipes/upgrades/SneakyUpgradeConfig with maxs=true frames=true
[Architectury Transformer DEBUG] Transformed com/Morph/logisticspipes/pipes/upgrades/SneakyUpgradeConfig in 3.031 ms
[Architectury Transformer DEBUG] Transforming from com/Morph/logisticspipes/pipes/upgrades/IConfigPipeUpgrade.class to com/Morph/logisticspipes/pipes/upgrades/IConfigPipeUpgrade.class with 6 transformer(s) on dev.architectury.transformer.handler.TinyRemapperPreparedTransformerHandler
[Architectury Transformer DEBUG] Remapping with 1 mapping provider(s):
[Architectury Transformer DEBUG]  - dev.architectury.transformer.transformers.TransformNeoForgeEnvironment$$Lambda/0x0000029f5502fb20@7a3793c7
[Architectury Transformer DEBUG] Remapping Classes:
[Architectury Transformer DEBUG] net/fabricmc/api/EnvType -> net/neoforged/api/distmarker/Dist
[Architectury Transformer DEBUG] net/fabricmc/api/Environment -> net/neoforged/api/distmarker/OnlyIn
[Architectury Transformer DEBUG] Found class transformer
[Architectury Transformer DEBUG] Writing com/Morph/logisticspipes/pipes/upgrades/IConfigPipeUpgrade with maxs=true frames=true
[Architectury Transformer DEBUG] Transformed com/Morph/logisticspipes/pipes/upgrades/IConfigPipeUpgrade in 2.513 ms
[Architectury Transformer DEBUG] Transforming from com/Morph/logisticspipes/pipes/upgrades/CombinedSneakyUpgrade.class to com/Morph/logisticspipes/pipes/upgrades/CombinedSneakyUpgrade.class with 6 transformer(s) on dev.architectury.transformer.handler.TinyRemapperPreparedTransformerHandler
[Architectury Transformer DEBUG] Remapping with 1 mapping provider(s):
[Architectury Transformer DEBUG]  - dev.architectury.transformer.transformers.TransformNeoForgeEnvironment$$Lambda/0x0000029f5502fb20@7a3793c7
[Architectury Transformer DEBUG] Remapping Classes:
[Architectury Transformer DEBUG] net/fabricmc/api/EnvType -> net/neoforged/api/distmarker/Dist
[Architectury Transformer DEBUG] net/fabricmc/api/Environment -> net/neoforged/api/distmarker/OnlyIn
[Architectury Transformer DEBUG] Found class transformer
[Architectury Transformer DEBUG] Writing com/Morph/logisticspipes/pipes/upgrades/CombinedSneakyUpgrade with maxs=true frames=true
[Architectury Transformer DEBUG] Transformed com/Morph/logisticspipes/pipes/upgrades/CombinedSneakyUpgrade in 4.234 ms
[Architectury Transformer DEBUG] Transforming from com/Morph/logisticspipes/pipes/upgrades/ConnectionUpgradeConfig.class to com/Morph/logisticspipes/pipes/upgrades/ConnectionUpgradeConfig.class with 6 transformer(s) on dev.architectury.transformer.handler.TinyRemapperPreparedTransformerHandler
[Architectury Transformer DEBUG] Remapping with 1 mapping provider(s):
[Architectury Transformer DEBUG]  - dev.architectury.transformer.transformers.TransformNeoForgeEnvironment$$Lambda/0x0000029f5502fb20@7a3793c7
[Architectury Transformer DEBUG] Remapping Classes:
[Architectury Transformer DEBUG] net/fabricmc/api/EnvType -> net/neoforged/api/distmarker/Dist
[Architectury Transformer DEBUG] net/fabricmc/api/Environment -> net/neoforged/api/distmarker/OnlyIn
[Architectury Transformer DEBUG] Found class transformer
[Architectury Transformer DEBUG] Writing com/Morph/logisticspipes/pipes/upgrades/ConnectionUpgradeConfig with maxs=true frames=true
[Architectury Transformer DEBUG] Transformed com/Morph/logisticspipes/pipes/upgrades/ConnectionUpgradeConfig in 2.982 ms
[Architectury Transformer DEBUG] Transforming from com/Morph/logisticspipes/pipes/upgrades/OpaqueUpgrade.class to com/Morph/logisticspipes/pipes/upgrades/OpaqueUpgrade.class with 6 transformer(s) on dev.architectury.transformer.handler.TinyRemapperPreparedTransformerHandler
[Architectury Transformer DEBUG] Remapping with 1 mapping provider(s):
[Architectury Transformer DEBUG]  - dev.architectury.transformer.transformers.TransformNeoForgeEnvironment$$Lambda/0x0000029f5502fb20@7a3793c7
[Architectury Transformer DEBUG] Remapping Classes:
[Architectury Transformer DEBUG] net/fabricmc/api/EnvType -> net/neoforged/api/distmarker/Dist
[Architectury Transformer DEBUG] net/fabricmc/api/Environment -> net/neoforged/api/distmarker/OnlyIn
[Architectury Transformer DEBUG] Found class transformer
[Architectury Transformer DEBUG] Writing com/Morph/logisticspipes/pipes/upgrades/OpaqueUpgrade with maxs=true frames=true
[Architectury Transformer DEBUG] Transformed com/Morph/logisticspipes/pipes/upgrades/OpaqueUpgrade in 2.358 ms
[Architectury Transformer DEBUG] Transforming from com/Morph/logisticspipes/pipes/upgrades/FuzzyUpgrade.class to com/Morph/logisticspipes/pipes/upgrades/FuzzyUpgrade.class with 6 transformer(s) on dev.architectury.transformer.handler.TinyRemapperPreparedTransformerHandler
[Architectury Transformer DEBUG] Remapping with 1 mapping provider(s):
[Architectury Transformer DEBUG]  - dev.architectury.transformer.transformers.TransformNeoForgeEnvironment$$Lambda/0x0000029f5502fb20@7a3793c7
[Architectury Transformer DEBUG] Remapping Classes:
[Architectury Transformer DEBUG] net/fabricmc/api/EnvType -> net/neoforged/api/distmarker/Dist
[Architectury Transformer DEBUG] net/fabricmc/api/Environment -> net/neoforged/api/distmarker/OnlyIn
[Architectury Transformer DEBUG] Found class transformer
[Architectury Transformer DEBUG] Writing com/Morph/logisticspipes/pipes/upgrades/FuzzyUpgrade with maxs=true frames=true
[Architectury Transformer DEBUG] Transformed com/Morph/logisticspipes/pipes/upgrades/FuzzyUpgrade in 2.089 ms
[Architectury Transformer DEBUG] Transforming from com/Morph/logisticspipes/pipes/upgrades/PatternUpgrade.class to com/Morph/logisticspipes/pipes/upgrades/PatternUpgrade.class with 6 transformer(s) on dev.architectury.transformer.handler.TinyRemapperPreparedTransformerHandler
[Architectury Transformer DEBUG] Remapping with 1 mapping provider(s):
[Architectury Transformer DEBUG]  - dev.architectury.transformer.transformers.TransformNeoForgeEnvironment$$Lambda/0x0000029f5502fb20@7a3793c7
[Architectury Transformer DEBUG] Remapping Classes:
[Architectury Transformer DEBUG] net/fabricmc/api/EnvType -> net/neoforged/api/distmarker/Dist
[Architectury Transformer DEBUG] net/fabricmc/api/Environment -> net/neoforged/api/distmarker/OnlyIn
[Architectury Transformer DEBUG] Found class transformer
[Architectury Transformer DEBUG] Writing com/Morph/logisticspipes/pipes/upgrades/PatternUpgrade with maxs=true frames=true
[Architectury Transformer DEBUG] Transformed com/Morph/logisticspipes/pipes/upgrades/PatternUpgrade in 2.929 ms
[Architectury Transformer DEBUG] Transforming from com/Morph/logisticspipes/pipes/upgrades/PowerTransportationUpgrade.class to com/Morph/logisticspipes/pipes/upgrades/PowerTransportationUpgrade.class with 6 transformer(s) on dev.architectury.transformer.handler.TinyRemapperPreparedTransformerHandler
[Architectury Transformer DEBUG] Remapping with 1 mapping provider(s):
[Architectury Transformer DEBUG]  - dev.architectury.transformer.transformers.TransformNeoForgeEnvironment$$Lambda/0x0000029f5502fb20@7a3793c7
[Architectury Transformer DEBUG] Remapping Classes:
[Architectury Transformer DEBUG] net/fabricmc/api/EnvType -> net/neoforged/api/distmarker/Dist
[Architectury Transformer DEBUG] net/fabricmc/api/Environment -> net/neoforged/api/distmarker/OnlyIn
[Architectury Transformer DEBUG] Found class transformer
[Architectury Transformer DEBUG] Writing com/Morph/logisticspipes/pipes/upgrades/PowerTransportationUpgrade with maxs=true frames=true
[Architectury Transformer DEBUG] Transformed com/Morph/logisticspipes/pipes/upgrades/PowerTransportationUpgrade in 2.852 ms
[Architectury Transformer DEBUG] Transforming from com/Morph/logisticspipes/pipes/upgrades/AdvancedSatelliteUpgrade.class to com/Morph/logisticspipes/pipes/upgrades/AdvancedSatelliteUpgrade.class with 6 transformer(s) on dev.architectury.transformer.handler.TinyRemapperPreparedTransformerHandler
[Architectury Transformer DEBUG] Remapping with 1 mapping provider(s):
[Architectury Transformer DEBUG]  - dev.architectury.transformer.transformers.TransformNeoForgeEnvironment$$Lambda/0x0000029f5502fb20@7a3793c7
[Architectury Transformer DEBUG] Remapping Classes:
[Architectury Transformer DEBUG] net/fabricmc/api/EnvType -> net/neoforged/api/distmarker/Dist
[Architectury Transformer DEBUG] net/fabricmc/api/Environment -> net/neoforged/api/distmarker/OnlyIn
[Architectury Transformer DEBUG] Found class transformer
[Architectury Transformer DEBUG] Writing com/Morph/logisticspipes/pipes/upgrades/AdvancedSatelliteUpgrade with maxs=true frames=true
[Architectury Transformer DEBUG] Transformed com/Morph/logisticspipes/pipes/upgrades/AdvancedSatelliteUpgrade in 2.435 ms
[Architectury Transformer DEBUG] Transforming from com/Morph/logisticspipes/pipes/upgrades/FluidCraftingUpgrade.class to com/Morph/logisticspipes/pipes/upgrades/FluidCraftingUpgrade.class with 6 transformer(s) on dev.architectury.transformer.handler.TinyRemapperPreparedTransformerHandler
[Architectury Transformer DEBUG] Remapping with 1 mapping provider(s):
[Architectury Transformer DEBUG]  - dev.architectury.transformer.transformers.TransformNeoForgeEnvironment$$Lambda/0x0000029f5502fb20@7a3793c7
[Architectury Transformer DEBUG] Remapping Classes:
[Architectury Transformer DEBUG] net/fabricmc/api/EnvType -> net/neoforged/api/distmarker/Dist
[Architectury Transformer DEBUG] net/fabricmc/api/Environment -> net/neoforged/api/distmarker/OnlyIn
[Architectury Transformer DEBUG] Found class transformer
[Architectury Transformer DEBUG] Writing com/Morph/logisticspipes/pipes/upgrades/FluidCraftingUpgrade with maxs=true frames=true
[Architectury Transformer DEBUG] Transformed com/Morph/logisticspipes/pipes/upgrades/FluidCraftingUpgrade in 2.545 ms
[Architectury Transformer DEBUG] Transforming from com/Morph/logisticspipes/pipes/upgrades/CraftingByproductUpgrade.class to com/Morph/logisticspipes/pipes/upgrades/CraftingByproductUpgrade.class with 6 transformer(s) on dev.architectury.transformer.handler.TinyRemapperPreparedTransformerHandler
[Architectury Transformer DEBUG] Remapping with 1 mapping provider(s):
[Architectury Transformer DEBUG]  - dev.architectury.transformer.transformers.TransformNeoForgeEnvironment$$Lambda/0x0000029f5502fb20@7a3793c7
[Architectury Transformer DEBUG] Remapping Classes:
[Architectury Transformer DEBUG] net/fabricmc/api/EnvType -> net/neoforged/api/distmarker/Dist
[Architectury Transformer DEBUG] net/fabricmc/api/Environment -> net/neoforged/api/distmarker/OnlyIn
[Architectury Transformer DEBUG] Found class transformer
[Architectury Transformer DEBUG] Writing com/Morph/logisticspipes/pipes/upgrades/CraftingByproductUpgrade with maxs=true frames=true
[Architectury Transformer DEBUG] Transformed com/Morph/logisticspipes/pipes/upgrades/CraftingByproductUpgrade in 2.476 ms
[Architectury Transformer DEBUG] Transforming from com/Morph/logisticspipes/pipes/upgrades/CraftingCleanupUpgrade.class to com/Morph/logisticspipes/pipes/upgrades/CraftingCleanupUpgrade.class with 6 transformer(s) on dev.architectury.transformer.handler.TinyRemapperPreparedTransformerHandler
[Architectury Transformer DEBUG] Remapping with 1 mapping provider(s):
[Architectury Transformer DEBUG]  - dev.architectury.transformer.transformers.TransformNeoForgeEnvironment$$Lambda/0x0000029f5502fb20@7a3793c7
[Architectury Transformer DEBUG] Remapping Classes:
[Architectury Transformer DEBUG] net/fabricmc/api/EnvType -> net/neoforged/api/distmarker/Dist
[Architectury Transformer DEBUG] net/fabricmc/api/Environment -> net/neoforged/api/distmarker/OnlyIn
[Architectury Transformer DEBUG] Found class transformer
[Architectury Transformer DEBUG] Writing com/Morph/logisticspipes/pipes/upgrades/CraftingCleanupUpgrade with maxs=true frames=true
[Architectury Transformer DEBUG] Transformed com/Morph/logisticspipes/pipes/upgrades/CraftingCleanupUpgrade in 2.306 ms
[Architectury Transformer DEBUG] Transforming from com/Morph/logisticspipes/pipes/upgrades/CraftingMonitoringUpgrade.class to com/Morph/logisticspipes/pipes/upgrades/CraftingMonitoringUpgrade.class with 6 transformer(s) on dev.architectury.transformer.handler.TinyRemapperPreparedTransformerHandler
[Architectury Transformer DEBUG] Remapping with 1 mapping provider(s):
[Architectury Transformer DEBUG]  - dev.architectury.transformer.transformers.TransformNeoForgeEnvironment$$Lambda/0x0000029f5502fb20@7a3793c7
[Architectury Transformer DEBUG] Remapping Classes:
[Architectury Transformer DEBUG] net/fabricmc/api/EnvType -> net/neoforged/api/distmarker/Dist
[Architectury Transformer DEBUG] net/fabricmc/api/Environment -> net/neoforged/api/distmarker/OnlyIn
[Architectury Transformer DEBUG] Found class transformer
[Architectury Transformer DEBUG] Writing com/Morph/logisticspipes/pipes/upgrades/CraftingMonitoringUpgrade with maxs=true frames=true
[Architectury Transformer DEBUG] Transformed com/Morph/logisticspipes/pipes/upgrades/CraftingMonitoringUpgrade in 2.264 ms
[Architectury Transformer DEBUG] Transforming from com/Morph/logisticspipes/pipes/upgrades/LogicControllerUpgrade.class to com/Morph/logisticspipes/pipes/upgrades/LogicControllerUpgrade.class with 6 transformer(s) on dev.architectury.transformer.handler.TinyRemapperPreparedTransformerHandler
[Architectury Transformer DEBUG] Remapping with 1 mapping provider(s):
[Architectury Transformer DEBUG]  - dev.architectury.transformer.transformers.TransformNeoForgeEnvironment$$Lambda/0x0000029f5502fb20@7a3793c7
[Architectury Transformer DEBUG] Remapping Classes:
[Architectury Transformer DEBUG] net/fabricmc/api/EnvType -> net/neoforged/api/distmarker/Dist
[Architectury Transformer DEBUG] net/fabricmc/api/Environment -> net/neoforged/api/distmarker/OnlyIn
[Architectury Transformer DEBUG] Found class transformer
[Architectury Transformer DEBUG] Writing com/Morph/logisticspipes/pipes/upgrades/LogicControllerUpgrade with maxs=true frames=true
[Architectury Transformer DEBUG] Transformed com/Morph/logisticspipes/pipes/upgrades/LogicControllerUpgrade in 2.010 ms
[Architectury Transformer DEBUG] Transforming from com/Morph/logisticspipes/pipes/upgrades/UpgradeModuleUpgrade.class to com/Morph/logisticspipes/pipes/upgrades/UpgradeModuleUpgrade.class with 6 transformer(s) on dev.architectury.transformer.handler.TinyRemapperPreparedTransformerHandler
[Architectury Transformer DEBUG] Remapping with 1 mapping provider(s):
[Architectury Transformer DEBUG]  - dev.architectury.transformer.transformers.TransformNeoForgeEnvironment$$Lambda/0x0000029f5502fb20@7a3793c7
[Architectury Transformer DEBUG] Remapping Classes:
[Architectury Transformer DEBUG] net/fabricmc/api/EnvType -> net/neoforged/api/distmarker/Dist
[Architectury Transformer DEBUG] net/fabricmc/api/Environment -> net/neoforged/api/distmarker/OnlyIn
[Architectury Transformer DEBUG] Found class transformer
[Architectury Transformer DEBUG] Writing com/Morph/logisticspipes/pipes/upgrades/UpgradeModuleUpgrade with maxs=true frames=true
[Architectury Transformer DEBUG] Transformed com/Morph/logisticspipes/pipes/upgrades/UpgradeModuleUpgrade in 1.946 ms
[Architectury Transformer DEBUG] Transforming from com/Morph/logisticspipes/pipes/upgrades/ActionSpeedUpgrade.class to com/Morph/logisticspipes/pipes/upgrades/ActionSpeedUpgrade.class with 6 transformer(s) on dev.architectury.transformer.handler.TinyRemapperPreparedTransformerHandler
[Architectury Transformer DEBUG] Remapping with 1 mapping provider(s):
[Architectury Transformer DEBUG]  - dev.architectury.transformer.transformers.TransformNeoForgeEnvironment$$Lambda/0x0000029f5502fb20@7a3793c7
[Architectury Transformer DEBUG] Remapping Classes:
[Architectury Transformer DEBUG] net/fabricmc/api/EnvType -> net/neoforged/api/distmarker/Dist
[Architectury Transformer DEBUG] net/fabricmc/api/Environment -> net/neoforged/api/distmarker/OnlyIn
[Architectury Transformer DEBUG] Found class transformer
[Architectury Transformer DEBUG] Writing com/Morph/logisticspipes/pipes/upgrades/ActionSpeedUpgrade with maxs=true frames=true
[Architectury Transformer DEBUG] Transformed com/Morph/logisticspipes/pipes/upgrades/ActionSpeedUpgrade in 4.037 ms
[Architectury Transformer DEBUG] Transforming from com/Morph/logisticspipes/pipes/upgrades/ItemExtractionUpgrade.class to com/Morph/logisticspipes/pipes/upgrades/ItemExtractionUpgrade.class with 6 transformer(s) on dev.architectury.transformer.handler.TinyRemapperPreparedTransformerHandler
[Architectury Transformer DEBUG] Remapping with 1 mapping provider(s):
[Architectury Transformer DEBUG]  - dev.architectury.transformer.transformers.TransformNeoForgeEnvironment$$Lambda/0x0000029f5502fb20@7a3793c7
[Architectury Transformer DEBUG] Remapping Classes:
[Architectury Transformer DEBUG] net/fabricmc/api/EnvType -> net/neoforged/api/distmarker/Dist
[Architectury Transformer DEBUG] net/fabricmc/api/Environment -> net/neoforged/api/distmarker/OnlyIn
[Architectury Transformer DEBUG] Found class transformer
[Architectury Transformer DEBUG] Writing com/Morph/logisticspipes/pipes/upgrades/ItemExtractionUpgrade with maxs=true frames=true
[Architectury Transformer DEBUG] Transformed com/Morph/logisticspipes/pipes/upgrades/ItemExtractionUpgrade in 2.970 ms
[Architectury Transformer DEBUG] Transforming from com/Morph/logisticspipes/pipes/upgrades/ItemStackExtractionUpgrade.class to com/Morph/logisticspipes/pipes/upgrades/ItemStackExtractionUpgrade.class with 6 transformer(s) on dev.architectury.transformer.handler.TinyRemapperPreparedTransformerHandler
[Architectury Transformer DEBUG] Remapping with 1 mapping provider(s):
[Architectury Transformer DEBUG]  - dev.architectury.transformer.transformers.TransformNeoForgeEnvironment$$Lambda/0x0000029f5502fb20@7a3793c7
[Architectury Transformer DEBUG] Remapping Classes:
[Architectury Transformer DEBUG] net/fabricmc/api/EnvType -> net/neoforged/api/distmarker/Dist
[Architectury Transformer DEBUG] net/fabricmc/api/Environment -> net/neoforged/api/distmarker/OnlyIn
[Architectury Transformer DEBUG] Found class transformer
[Architectury Transformer DEBUG] Writing com/Morph/logisticspipes/pipes/upgrades/ItemStackExtractionUpgrade with maxs=true frames=true
[Architectury Transformer DEBUG] Transformed com/Morph/logisticspipes/pipes/upgrades/ItemStackExtractionUpgrade in 2.333 ms
[Architectury Transformer DEBUG] Transforming from com/Morph/logisticspipes/pipes/PipeItemsChassisMk1.class to com/Morph/logisticspipes/pipes/PipeItemsChassisMk1.class with 6 transformer(s) on dev.architectury.transformer.handler.TinyRemapperPreparedTransformerHandler
[Architectury Transformer DEBUG] Remapping with 1 mapping provider(s):
[Architectury Transformer DEBUG]  - dev.architectury.transformer.transformers.TransformNeoForgeEnvironment$$Lambda/0x0000029f5502fb20@7a3793c7
[Architectury Transformer DEBUG] Remapping Classes:
[Architectury Transformer DEBUG] net/fabricmc/api/EnvType -> net/neoforged/api/distmarker/Dist
[Architectury Transformer DEBUG] net/fabricmc/api/Environment -> net/neoforged/api/distmarker/OnlyIn
[Architectury Transformer DEBUG] Found class transformer
[Architectury Transformer DEBUG] Writing com/Morph/logisticspipes/pipes/PipeItemsChassisMk1 with maxs=true frames=true
[Architectury Transformer DEBUG] Transformed com/Morph/logisticspipes/pipes/PipeItemsChassisMk1 in 1.961 ms
[Architectury Transformer DEBUG] Transforming from com/Morph/logisticspipes/pipes/PipeLogisticsChassis.class to com/Morph/logisticspipes/pipes/PipeLogisticsChassis.class with 6 transformer(s) on dev.architectury.transformer.handler.TinyRemapperPreparedTransformerHandler
[Architectury Transformer DEBUG] Remapping with 1 mapping provider(s):
[Architectury Transformer DEBUG]  - dev.architectury.transformer.transformers.TransformNeoForgeEnvironment$$Lambda/0x0000029f5502fb20@7a3793c7
[Architectury Transformer DEBUG] Remapping Classes:
[Architectury Transformer DEBUG] net/fabricmc/api/EnvType -> net/neoforged/api/distmarker/Dist
[Architectury Transformer DEBUG] net/fabricmc/api/Environment -> net/neoforged/api/distmarker/OnlyIn
[Architectury Transformer DEBUG] Found class transformer
[Architectury Transformer DEBUG] Writing com/Morph/logisticspipes/pipes/PipeLogisticsChassis with maxs=true frames=true
[Architectury Transformer DEBUG] Transformed com/Morph/logisticspipes/pipes/PipeLogisticsChassis in 2.573 ms
[Architectury Transformer DEBUG] Transforming from com/Morph/logisticspipes/utils/ISimpleInventoryEventHandler.class to com/Morph/logisticspipes/utils/ISimpleInventoryEventHandler.class with 6 transformer(s) on dev.architectury.transformer.handler.TinyRemapperPreparedTransformerHandler
[Architectury Transformer DEBUG] Remapping with 1 mapping provider(s):
[Architectury Transformer DEBUG]  - dev.architectury.transformer.transformers.TransformNeoForgeEnvironment$$Lambda/0x0000029f5502fb20@7a3793c7
[Architectury Transformer DEBUG] Remapping Classes:
[Architectury Transformer DEBUG] net/fabricmc/api/EnvType -> net/neoforged/api/distmarker/Dist
[Architectury Transformer DEBUG] net/fabricmc/api/Environment -> net/neoforged/api/distmarker/OnlyIn
[Architectury Transformer DEBUG] Found class transformer
[Architectury Transformer DEBUG] Writing com/Morph/logisticspipes/utils/ISimpleInventoryEventHandler with maxs=true frames=true
[Architectury Transformer DEBUG] Transformed com/Morph/logisticspipes/utils/ISimpleInventoryEventHandler in 1.856 ms
[Architectury Transformer DEBUG] Transforming from com/Morph/logisticspipes/pipes/PipeItemsChassisMk2.class to com/Morph/logisticspipes/pipes/PipeItemsChassisMk2.class with 6 transformer(s) on dev.architectury.transformer.handler.TinyRemapperPreparedTransformerHandler
[Architectury Transformer DEBUG] Remapping with 1 mapping provider(s):
[Architectury Transformer DEBUG]  - dev.architectury.transformer.transformers.TransformNeoForgeEnvironment$$Lambda/0x0000029f5502fb20@7a3793c7
[Architectury Transformer DEBUG] Remapping Classes:
[Architectury Transformer DEBUG] net/fabricmc/api/EnvType -> net/neoforged/api/distmarker/Dist
[Architectury Transformer DEBUG] net/fabricmc/api/Environment -> net/neoforged/api/distmarker/OnlyIn
[Architectury Transformer DEBUG] Found class transformer
[Architectury Transformer DEBUG] Writing com/Morph/logisticspipes/pipes/PipeItemsChassisMk2 with maxs=true frames=true
[Architectury Transformer DEBUG] Transformed com/Morph/logisticspipes/pipes/PipeItemsChassisMk2 in 1.700 ms
[Architectury Transformer DEBUG] Transforming from com/Morph/logisticspipes/pipes/PipeItemsChassisMk3.class to com/Morph/logisticspipes/pipes/PipeItemsChassisMk3.class with 6 transformer(s) on dev.architectury.transformer.handler.TinyRemapperPreparedTransformerHandler
[Architectury Transformer DEBUG] Remapping with 1 mapping provider(s):
[Architectury Transformer DEBUG]  - dev.architectury.transformer.transformers.TransformNeoForgeEnvironment$$Lambda/0x0000029f5502fb20@7a3793c7
[Architectury Transformer DEBUG] Remapping Classes:
[Architectury Transformer DEBUG] net/fabricmc/api/EnvType -> net/neoforged/api/distmarker/Dist
[Architectury Transformer DEBUG] net/fabricmc/api/Environment -> net/neoforged/api/distmarker/OnlyIn
[Architectury Transformer DEBUG] Found class transformer
[Architectury Transformer DEBUG] Writing com/Morph/logisticspipes/pipes/PipeItemsChassisMk3 with maxs=true frames=true
[Architectury Transformer DEBUG] Transformed com/Morph/logisticspipes/pipes/PipeItemsChassisMk3 in 1.832 ms
[Architectury Transformer DEBUG] Transforming from com/Morph/logisticspipes/pipes/PipeItemsChassisMk4.class to com/Morph/logisticspipes/pipes/PipeItemsChassisMk4.class with 6 transformer(s) on dev.architectury.transformer.handler.TinyRemapperPreparedTransformerHandler
[Architectury Transformer DEBUG] Remapping with 1 mapping provider(s):
[Architectury Transformer DEBUG]  - dev.architectury.transformer.transformers.TransformNeoForgeEnvironment$$Lambda/0x0000029f5502fb20@7a3793c7
[Architectury Transformer DEBUG] Remapping Classes:
[Architectury Transformer DEBUG] net/fabricmc/api/EnvType -> net/neoforged/api/distmarker/Dist
[Architectury Transformer DEBUG] net/fabricmc/api/Environment -> net/neoforged/api/distmarker/OnlyIn
[Architectury Transformer DEBUG] Found class transformer
[Architectury Transformer DEBUG] Writing com/Morph/logisticspipes/pipes/PipeItemsChassisMk4 with maxs=true frames=true
[Architectury Transformer DEBUG] Transformed com/Morph/logisticspipes/pipes/PipeItemsChassisMk4 in 1.832 ms
[Architectury Transformer DEBUG] Transforming from com/Morph/logisticspipes/pipes/PipeItemsChassisMk5.class to com/Morph/logisticspipes/pipes/PipeItemsChassisMk5.class with 6 transformer(s) on dev.architectury.transformer.handler.TinyRemapperPreparedTransformerHandler
[Architectury Transformer DEBUG] Remapping with 1 mapping provider(s):
[Architectury Transformer DEBUG]  - dev.architectury.transformer.transformers.TransformNeoForgeEnvironment$$Lambda/0x0000029f5502fb20@7a3793c7
[Architectury Transformer DEBUG] Remapping Classes:
[Architectury Transformer DEBUG] net/fabricmc/api/EnvType -> net/neoforged/api/distmarker/Dist
[Architectury Transformer DEBUG] net/fabricmc/api/Environment -> net/neoforged/api/distmarker/OnlyIn
[Architectury Transformer DEBUG] Found class transformer
[Architectury Transformer DEBUG] Writing com/Morph/logisticspipes/pipes/PipeItemsChassisMk5 with maxs=true frames=true
[Architectury Transformer DEBUG] Transformed com/Morph/logisticspipes/pipes/PipeItemsChassisMk5 in 1.702 ms
[Architectury Transformer DEBUG] Transforming from com/Morph/logisticspipes/modules/LogisticsModule$ModulePositionType.class to com/Morph/logisticspipes/modules/LogisticsModule$ModulePositionType.class with 6 transformer(s) on dev.architectury.transformer.handler.TinyRemapperPreparedTransformerHandler
[Architectury Transformer DEBUG] Remapping with 1 mapping provider(s):
[Architectury Transformer DEBUG]  - dev.architectury.transformer.transformers.TransformNeoForgeEnvironment$$Lambda/0x0000029f5502fb20@7a3793c7
[Architectury Transformer DEBUG] Remapping Classes:
[Architectury Transformer DEBUG] net/fabricmc/api/EnvType -> net/neoforged/api/distmarker/Dist
[Architectury Transformer DEBUG] net/fabricmc/api/Environment -> net/neoforged/api/distmarker/OnlyIn
[Architectury Transformer DEBUG] Found class transformer
[Architectury Transformer DEBUG] Writing com/Morph/logisticspipes/modules/LogisticsModule$ModulePositionType with maxs=true frames=true
[Architectury Transformer DEBUG] Transformed com/Morph/logisticspipes/modules/LogisticsModule$ModulePositionType in 1.948 ms
[Architectury Transformer DEBUG] Transforming from com/Morph/logisticspipes/routing/order/LogisticsItemOrder.class to com/Morph/logisticspipes/routing/order/LogisticsItemOrder.class with 6 transformer(s) on dev.architectury.transformer.handler.TinyRemapperPreparedTransformerHandler
[Architectury Transformer DEBUG] Remapping with 1 mapping provider(s):
[Architectury Transformer DEBUG]  - dev.architectury.transformer.transformers.TransformNeoForgeEnvironment$$Lambda/0x0000029f5502fb20@7a3793c7
[Architectury Transformer DEBUG] Remapping Classes:
[Architectury Transformer DEBUG] net/fabricmc/api/EnvType -> net/neoforged/api/distmarker/Dist
[Architectury Transformer DEBUG] net/fabricmc/api/Environment -> net/neoforged/api/distmarker/OnlyIn
[Architectury Transformer DEBUG] Found class transformer
[Architectury Transformer DEBUG] Writing com/Morph/logisticspipes/routing/order/LogisticsItemOrder with maxs=true frames=true
[Architectury Transformer DEBUG] Transformed com/Morph/logisticspipes/routing/order/LogisticsItemOrder in 2.054 ms
[Architectury Transformer DEBUG] Transforming from com/Morph/logisticspipes/request/IPromise.class to com/Morph/logisticspipes/request/IPromise.class with 6 transformer(s) on dev.architectury.transformer.handler.TinyRemapperPreparedTransformerHandler
[Architectury Transformer DEBUG] Remapping with 1 mapping provider(s):
[Architectury Transformer DEBUG]  - dev.architectury.transformer.transformers.TransformNeoForgeEnvironment$$Lambda/0x0000029f5502fb20@7a3793c7
[Architectury Transformer DEBUG] Remapping Classes:
[Architectury Transformer DEBUG] net/fabricmc/api/EnvType -> net/neoforged/api/distmarker/Dist
[Architectury Transformer DEBUG] net/fabricmc/api/Environment -> net/neoforged/api/distmarker/OnlyIn
[Architectury Transformer DEBUG] Found class transformer
[Architectury Transformer DEBUG] Writing com/Morph/logisticspipes/request/IPromise with maxs=true frames=true
[Architectury Transformer DEBUG] Transformed com/Morph/logisticspipes/request/IPromise in 1.727 ms
[Architectury Transformer DEBUG] Transforming from com/Morph/logisticspipes/modules/ModulePassiveSupplier.class to com/Morph/logisticspipes/modules/ModulePassiveSupplier.class with 6 transformer(s) on dev.architectury.transformer.handler.TinyRemapperPreparedTransformerHandler
[Architectury Transformer DEBUG] Remapping with 1 mapping provider(s):
[Architectury Transformer DEBUG]  - dev.architectury.transformer.transformers.TransformNeoForgeEnvironment$$Lambda/0x0000029f5502fb20@7a3793c7
[Architectury Transformer DEBUG] Remapping Classes:
[Architectury Transformer DEBUG] net/fabricmc/api/EnvType -> net/neoforged/api/distmarker/Dist
[Architectury Transformer DEBUG] net/fabricmc/api/Environment -> net/neoforged/api/distmarker/OnlyIn
[Architectury Transformer DEBUG] Found class transformer
[Architectury Transformer DEBUG] Writing com/Morph/logisticspipes/modules/ModulePassiveSupplier with maxs=true frames=true
[Architectury Transformer DEBUG] Transformed com/Morph/logisticspipes/modules/ModulePassiveSupplier in 2.639 ms
[Architectury Transformer DEBUG] Transforming from com/Morph/logisticspipes/request/resources/IResource.class to com/Morph/logisticspipes/request/resources/IResource.class with 6 transformer(s) on dev.architectury.transformer.handler.TinyRemapperPreparedTransformerHandler
[Architectury Transformer DEBUG] Remapping with 1 mapping provider(s):
[Architectury Transformer DEBUG]  - dev.architectury.transformer.transformers.TransformNeoForgeEnvironment$$Lambda/0x0000029f5502fb20@7a3793c7
[Architectury Transformer DEBUG] Remapping Classes:
[Architectury Transformer DEBUG] net/fabricmc/api/EnvType -> net/neoforged/api/distmarker/Dist
[Architectury Transformer DEBUG] net/fabricmc/api/Environment -> net/neoforged/api/distmarker/OnlyIn
[Architectury Transformer DEBUG] Found class transformer
[Architectury Transformer DEBUG] Writing com/Morph/logisticspipes/request/resources/IResource with maxs=true frames=true
[Architectury Transformer DEBUG] Transformed com/Morph/logisticspipes/request/resources/IResource in 1.963 ms
[Architectury Transformer DEBUG] Transforming from com/Morph/logisticspipes/request/IReqCraftingTemplate.class to com/Morph/logisticspipes/request/IReqCraftingTemplate.class with 6 transformer(s) on dev.architectury.transformer.handler.TinyRemapperPreparedTransformerHandler
[Architectury Transformer DEBUG] Remapping with 1 mapping provider(s):
[Architectury Transformer DEBUG]  - dev.architectury.transformer.transformers.TransformNeoForgeEnvironment$$Lambda/0x0000029f5502fb20@7a3793c7
[Architectury Transformer DEBUG] Remapping Classes:
[Architectury Transformer DEBUG] net/fabricmc/api/EnvType -> net/neoforged/api/distmarker/Dist
[Architectury Transformer DEBUG] net/fabricmc/api/Environment -> net/neoforged/api/distmarker/OnlyIn
[Architectury Transformer DEBUG] Found class transformer
[Architectury Transformer DEBUG] Writing com/Morph/logisticspipes/request/IReqCraftingTemplate with maxs=true frames=true
[Architectury Transformer DEBUG] Transformed com/Morph/logisticspipes/request/IReqCraftingTemplate in 2.299 ms
[Architectury Transformer DEBUG] Transforming from com/Morph/logisticspipes/request/ICraftingTemplate.class to com/Morph/logisticspipes/request/ICraftingTemplate.class with 6 transformer(s) on dev.architectury.transformer.handler.TinyRemapperPreparedTransformerHandler
[Architectury Transformer DEBUG] Remapping with 1 mapping provider(s):
[Architectury Transformer DEBUG]  - dev.architectury.transformer.transformers.TransformNeoForgeEnvironment$$Lambda/0x0000029f5502fb20@7a3793c7
[Architectury Transformer DEBUG] Remapping Classes:
[Architectury Transformer DEBUG] net/fabricmc/api/EnvType -> net/neoforged/api/distmarker/Dist
[Architectury Transformer DEBUG] net/fabricmc/api/Environment -> net/neoforged/api/distmarker/OnlyIn
[Architectury Transformer DEBUG] Found class transformer
[Architectury Transformer DEBUG] Writing com/Morph/logisticspipes/request/ICraftingTemplate with maxs=true frames=true
[Architectury Transformer DEBUG] Transformed com/Morph/logisticspipes/request/ICraftingTemplate in 1.966 ms
[Architectury Transformer DEBUG] Transforming from com/Morph/logisticspipes/utils/FluidIdentifier.class to com/Morph/logisticspipes/utils/FluidIdentifier.class with 6 transformer(s) on dev.architectury.transformer.handler.TinyRemapperPreparedTransformerHandler
[Architectury Transformer DEBUG] Remapping with 1 mapping provider(s):
[Architectury Transformer DEBUG]  - dev.architectury.transformer.transformers.TransformNeoForgeEnvironment$$Lambda/0x0000029f5502fb20@7a3793c7
[Architectury Transformer DEBUG] Remapping Classes:
[Architectury Transformer DEBUG] net/fabricmc/api/EnvType -> net/neoforged/api/distmarker/Dist
[Architectury Transformer DEBUG] net/fabricmc/api/Environment -> net/neoforged/api/distmarker/OnlyIn
[Architectury Transformer DEBUG] Found class transformer
[Architectury Transformer DEBUG] Writing com/Morph/logisticspipes/utils/FluidIdentifier with maxs=true frames=true
[Architectury Transformer DEBUG] Transformed com/Morph/logisticspipes/utils/FluidIdentifier in 2.589 ms
[Architectury Transformer DEBUG] Transforming from com/Morph/logisticspipes/modules/ModuleSatellite.class to com/Morph/logisticspipes/modules/ModuleSatellite.class with 6 transformer(s) on dev.architectury.transformer.handler.TinyRemapperPreparedTransformerHandler
[Architectury Transformer DEBUG] Remapping with 1 mapping provider(s):
[Architectury Transformer DEBUG]  - dev.architectury.transformer.transformers.TransformNeoForgeEnvironment$$Lambda/0x0000029f5502fb20@7a3793c7
[Architectury Transformer DEBUG] Remapping Classes:
[Architectury Transformer DEBUG] net/fabricmc/api/EnvType -> net/neoforged/api/distmarker/Dist
[Architectury Transformer DEBUG] net/fabricmc/api/Environment -> net/neoforged/api/distmarker/OnlyIn
[Architectury Transformer DEBUG] Found class transformer
[Architectury Transformer DEBUG] Writing com/Morph/logisticspipes/modules/ModuleSatellite with maxs=true frames=true
[Architectury Transformer DEBUG] Transformed com/Morph/logisticspipes/modules/ModuleSatellite in 2.342 ms
[Architectury Transformer DEBUG] Transforming from com/Morph/logisticspipes/utils/SinkReply.class to com/Morph/logisticspipes/utils/SinkReply.class with 6 transformer(s) on dev.architectury.transformer.handler.TinyRemapperPreparedTransformerHandler
[Architectury Transformer DEBUG] Remapping with 1 mapping provider(s):
[Architectury Transformer DEBUG]  - dev.architectury.transformer.transformers.TransformNeoForgeEnvironment$$Lambda/0x0000029f5502fb20@7a3793c7
[Architectury Transformer DEBUG] Remapping Classes:
[Architectury Transformer DEBUG] net/fabricmc/api/EnvType -> net/neoforged/api/distmarker/Dist
[Architectury Transformer DEBUG] net/fabricmc/api/Environment -> net/neoforged/api/distmarker/OnlyIn
[Architectury Transformer DEBUG] Found class transformer
[Architectury Transformer DEBUG] Writing com/Morph/logisticspipes/utils/SinkReply with maxs=true frames=true
[Architectury Transformer DEBUG] Transformed com/Morph/logisticspipes/utils/SinkReply in 1.994 ms
[Architectury Transformer DEBUG] Transforming from com/Morph/logisticspipes/utils/SinkReply$FixedPriority.class to com/Morph/logisticspipes/utils/SinkReply$FixedPriority.class with 6 transformer(s) on dev.architectury.transformer.handler.TinyRemapperPreparedTransformerHandler
[Architectury Transformer DEBUG] Remapping with 1 mapping provider(s):
[Architectury Transformer DEBUG]  - dev.architectury.transformer.transformers.TransformNeoForgeEnvironment$$Lambda/0x0000029f5502fb20@7a3793c7
[Architectury Transformer DEBUG] Remapping Classes:
[Architectury Transformer DEBUG] net/fabricmc/api/EnvType -> net/neoforged/api/distmarker/Dist
[Architectury Transformer DEBUG] net/fabricmc/api/Environment -> net/neoforged/api/distmarker/OnlyIn
[Architectury Transformer DEBUG] Found class transformer
[Architectury Transformer DEBUG] Writing com/Morph/logisticspipes/utils/SinkReply$FixedPriority with maxs=true frames=true
[Architectury Transformer DEBUG] Transformed com/Morph/logisticspipes/utils/SinkReply$FixedPriority in 2.319 ms
[Architectury Transformer DEBUG] Transforming from com/Morph/logisticspipes/utils/SinkReply$BufferMode.class to com/Morph/logisticspipes/utils/SinkReply$BufferMode.class with 6 transformer(s) on dev.architectury.transformer.handler.TinyRemapperPreparedTransformerHandler
[Architectury Transformer DEBUG] Remapping with 1 mapping provider(s):
[Architectury Transformer DEBUG]  - dev.architectury.transformer.transformers.TransformNeoForgeEnvironment$$Lambda/0x0000029f5502fb20@7a3793c7
[Architectury Transformer DEBUG] Remapping Classes:
[Architectury Transformer DEBUG] net/fabricmc/api/EnvType -> net/neoforged/api/distmarker/Dist
[Architectury Transformer DEBUG] net/fabricmc/api/Environment -> net/neoforged/api/distmarker/OnlyIn
[Architectury Transformer DEBUG] Found class transformer
[Architectury Transformer DEBUG] Writing com/Morph/logisticspipes/utils/SinkReply$BufferMode with maxs=true frames=true
[Architectury Transformer DEBUG] Transformed com/Morph/logisticspipes/utils/SinkReply$BufferMode in 2.188 ms
[Architectury Transformer DEBUG] Transforming from com/Morph/logisticspipes/modules/ModuleTerminus.class to com/Morph/logisticspipes/modules/ModuleTerminus.class with 6 transformer(s) on dev.architectury.transformer.handler.TinyRemapperPreparedTransformerHandler
[Architectury Transformer DEBUG] Remapping with 1 mapping provider(s):
[Architectury Transformer DEBUG]  - dev.architectury.transformer.transformers.TransformNeoForgeEnvironment$$Lambda/0x0000029f5502fb20@7a3793c7
[Architectury Transformer DEBUG] Remapping Classes:
[Architectury Transformer DEBUG] net/fabricmc/api/EnvType -> net/neoforged/api/distmarker/Dist
[Architectury Transformer DEBUG] net/fabricmc/api/Environment -> net/neoforged/api/distmarker/OnlyIn
[Architectury Transformer DEBUG] Found class transformer
[Architectury Transformer DEBUG] Writing com/Morph/logisticspipes/modules/ModuleTerminus with maxs=true frames=true
[Architectury Transformer DEBUG] Transformed com/Morph/logisticspipes/modules/ModuleTerminus in 2.463 ms
[Architectury Transformer DEBUG] Transforming from com/Morph/logisticspipes/modules/ModulePolymorphicItemSink.class to com/Morph/logisticspipes/modules/ModulePolymorphicItemSink.class with 6 transformer(s) on dev.architectury.transformer.handler.TinyRemapperPreparedTransformerHandler
[Architectury Transformer DEBUG] Remapping with 1 mapping provider(s):
[Architectury Transformer DEBUG]  - dev.architectury.transformer.transformers.TransformNeoForgeEnvironment$$Lambda/0x0000029f5502fb20@7a3793c7
[Architectury Transformer DEBUG] Remapping Classes:
[Architectury Transformer DEBUG] net/fabricmc/api/EnvType -> net/neoforged/api/distmarker/Dist
[Architectury Transformer DEBUG] net/fabricmc/api/Environment -> net/neoforged/api/distmarker/OnlyIn
[Architectury Transformer DEBUG] Found class transformer
[Architectury Transformer DEBUG] Writing com/Morph/logisticspipes/modules/ModulePolymorphicItemSink with maxs=true frames=true
[Architectury Transformer DEBUG] Transformed com/Morph/logisticspipes/modules/ModulePolymorphicItemSink in 2.787 ms
[Architectury Transformer DEBUG] Transforming from com/Morph/logisticspipes/modules/ModuleOreDictItemSink.class to com/Morph/logisticspipes/modules/ModuleOreDictItemSink.class with 6 transformer(s) on dev.architectury.transformer.handler.TinyRemapperPreparedTransformerHandler
[Architectury Transformer DEBUG] Remapping with 1 mapping provider(s):
[Architectury Transformer DEBUG]  - dev.architectury.transformer.transformers.TransformNeoForgeEnvironment$$Lambda/0x0000029f5502fb20@7a3793c7
[Architectury Transformer DEBUG] Remapping Classes:
[Architectury Transformer DEBUG] net/fabricmc/api/EnvType -> net/neoforged/api/distmarker/Dist
[Architectury Transformer DEBUG] net/fabricmc/api/Environment -> net/neoforged/api/distmarker/OnlyIn
[Architectury Transformer DEBUG] Found class transformer
[Architectury Transformer DEBUG] Writing com/Morph/logisticspipes/modules/ModuleOreDictItemSink with maxs=true frames=true
[Architectury Transformer DEBUG] Transformed com/Morph/logisticspipes/modules/ModuleOreDictItemSink in 2.413 ms
[Architectury Transformer DEBUG] Transforming from com/Morph/logisticspipes/modules/ModuleExtractor.class to com/Morph/logisticspipes/modules/ModuleExtractor.class with 6 transformer(s) on dev.architectury.transformer.handler.TinyRemapperPreparedTransformerHandler
[Architectury Transformer DEBUG] Remapping with 1 mapping provider(s):
[Architectury Transformer DEBUG]  - dev.architectury.transformer.transformers.TransformNeoForgeEnvironment$$Lambda/0x0000029f5502fb20@7a3793c7
[Architectury Transformer DEBUG] Remapping Classes:
[Architectury Transformer DEBUG] net/fabricmc/api/EnvType -> net/neoforged/api/distmarker/Dist
[Architectury Transformer DEBUG] net/fabricmc/api/Environment -> net/neoforged/api/distmarker/OnlyIn
[Architectury Transformer DEBUG] Found class transformer
[Architectury Transformer DEBUG] Writing com/Morph/logisticspipes/modules/ModuleExtractor with maxs=true frames=true
[Architectury Transformer DEBUG] Transformed com/Morph/logisticspipes/modules/ModuleExtractor in 3.559 ms
[Architectury Transformer DEBUG] Transforming from com/Morph/logisticspipes/modules/ModuleModBasedItemSink.class to com/Morph/logisticspipes/modules/ModuleModBasedItemSink.class with 6 transformer(s) on dev.architectury.transformer.handler.TinyRemapperPreparedTransformerHandler
[Architectury Transformer DEBUG] Remapping with 1 mapping provider(s):
[Architectury Transformer DEBUG]  - dev.architectury.transformer.transformers.TransformNeoForgeEnvironment$$Lambda/0x0000029f5502fb20@7a3793c7
[Architectury Transformer DEBUG] Remapping Classes:
[Architectury Transformer DEBUG] net/fabricmc/api/EnvType -> net/neoforged/api/distmarker/Dist
[Architectury Transformer DEBUG] net/fabricmc/api/Environment -> net/neoforged/api/distmarker/OnlyIn
[Architectury Transformer DEBUG] Found class transformer
[Architectury Transformer DEBUG] Writing com/Morph/logisticspipes/modules/ModuleModBasedItemSink with maxs=true frames=true
[Architectury Transformer DEBUG] Transformed com/Morph/logisticspipes/modules/ModuleModBasedItemSink in 2.469 ms
[Architectury Transformer DEBUG] Transforming from com/Morph/logisticspipes/modules/ModuleCreativeTabBasedItemSink.class to com/Morph/logisticspipes/modules/ModuleCreativeTabBasedItemSink.class with 6 transformer(s) on dev.architectury.transformer.handler.TinyRemapperPreparedTransformerHandler
[Architectury Transformer DEBUG] Remapping with 1 mapping provider(s):
[Architectury Transformer DEBUG]  - dev.architectury.transformer.transformers.TransformNeoForgeEnvironment$$Lambda/0x0000029f5502fb20@7a3793c7
[Architectury Transformer DEBUG] Remapping Classes:
[Architectury Transformer DEBUG] net/fabricmc/api/EnvType -> net/neoforged/api/distmarker/Dist
[Architectury Transformer DEBUG] net/fabricmc/api/Environment -> net/neoforged/api/distmarker/OnlyIn
[Architectury Transformer DEBUG] Found class transformer
[Architectury Transformer DEBUG] Writing com/Morph/logisticspipes/modules/ModuleCreativeTabBasedItemSink with maxs=true frames=true
[Architectury Transformer DEBUG] Transformed com/Morph/logisticspipes/modules/ModuleCreativeTabBasedItemSink in 2.530 ms
[Architectury Transformer DEBUG] Transforming from com/Morph/logisticspipes/modules/ModuleEnchantmentSink.class to com/Morph/logisticspipes/modules/ModuleEnchantmentSink.class with 6 transformer(s) on dev.architectury.transformer.handler.TinyRemapperPreparedTransformerHandler
[Architectury Transformer DEBUG] Remapping with 1 mapping provider(s):
[Architectury Transformer DEBUG]  - dev.architectury.transformer.transformers.TransformNeoForgeEnvironment$$Lambda/0x0000029f5502fb20@7a3793c7
[Architectury Transformer DEBUG] Remapping Classes:
[Architectury Transformer DEBUG] net/fabricmc/api/EnvType -> net/neoforged/api/distmarker/Dist
[Architectury Transformer DEBUG] net/fabricmc/api/Environment -> net/neoforged/api/distmarker/OnlyIn
[Architectury Transformer DEBUG] Found class transformer
[Architectury Transformer DEBUG] Writing com/Morph/logisticspipes/modules/ModuleEnchantmentSink with maxs=true frames=true
[Architectury Transformer DEBUG] Transformed com/Morph/logisticspipes/modules/ModuleEnchantmentSink in 2.164 ms
[Architectury Transformer DEBUG] Transforming from com/Morph/logisticspipes/interfaces/routing/IAdditionalTargetInformation.class to com/Morph/logisticspipes/interfaces/routing/IAdditionalTargetInformation.class with 6 transformer(s) on dev.architectury.transformer.handler.TinyRemapperPreparedTransformerHandler
[Architectury Transformer DEBUG] Remapping with 1 mapping provider(s):
[Architectury Transformer DEBUG]  - dev.architectury.transformer.transformers.TransformNeoForgeEnvironment$$Lambda/0x0000029f5502fb20@7a3793c7
[Architectury Transformer DEBUG] Remapping Classes:
[Architectury Transformer DEBUG] net/fabricmc/api/EnvType -> net/neoforged/api/distmarker/Dist
[Architectury Transformer DEBUG] net/fabricmc/api/Environment -> net/neoforged/api/distmarker/OnlyIn
[Architectury Transformer DEBUG] Found class transformer
[Architectury Transformer DEBUG] Writing com/Morph/logisticspipes/interfaces/routing/IAdditionalTargetInformation with maxs=true frames=true
[Architectury Transformer DEBUG] Transformed com/Morph/logisticspipes/interfaces/routing/IAdditionalTargetInformation in 2.123 ms
[Architectury Transformer DEBUG] Transforming from com/Morph/logisticspipes/modules/ModuleEnchantmentSinkMK2.class to com/Morph/logisticspipes/modules/ModuleEnchantmentSinkMK2.class with 6 transformer(s) on dev.architectury.transformer.handler.TinyRemapperPreparedTransformerHandler
[Architectury Transformer DEBUG] Remapping with 1 mapping provider(s):
[Architectury Transformer DEBUG]  - dev.architectury.transformer.transformers.TransformNeoForgeEnvironment$$Lambda/0x0000029f5502fb20@7a3793c7
[Architectury Transformer DEBUG] Remapping Classes:
[Architectury Transformer DEBUG] net/fabricmc/api/EnvType -> net/neoforged/api/distmarker/Dist
[Architectury Transformer DEBUG] net/fabricmc/api/Environment -> net/neoforged/api/distmarker/OnlyIn
[Architectury Transformer DEBUG] Found class transformer
[Architectury Transformer DEBUG] Writing com/Morph/logisticspipes/modules/ModuleEnchantmentSinkMK2 with maxs=true frames=true
[Architectury Transformer DEBUG] Transformed com/Morph/logisticspipes/modules/ModuleEnchantmentSinkMK2 in 2.285 ms
[Architectury Transformer DEBUG] Transforming from com/Morph/logisticspipes/util/BlockEntityTypeHelper.class to com/Morph/logisticspipes/util/BlockEntityTypeHelper.class with 6 transformer(s) on dev.architectury.transformer.handler.TinyRemapperPreparedTransformerHandler
[Architectury Transformer DEBUG] Remapping with 1 mapping provider(s):
[Architectury Transformer DEBUG]  - dev.architectury.transformer.transformers.TransformNeoForgeEnvironment$$Lambda/0x0000029f5502fb20@7a3793c7
[Architectury Transformer DEBUG] Remapping Classes:
[Architectury Transformer DEBUG] net/fabricmc/api/EnvType -> net/neoforged/api/distmarker/Dist
[Architectury Transformer DEBUG] net/fabricmc/api/Environment -> net/neoforged/api/distmarker/OnlyIn
[Architectury Transformer DEBUG] Found class transformer
[Architectury Transformer DEBUG] Writing com/Morph/logisticspipes/util/BlockEntityTypeHelper with maxs=true frames=true
[Architectury Transformer DEBUG] Transformed com/Morph/logisticspipes/util/BlockEntityTypeHelper in 2.241 ms
[Architectury Transformer DEBUG] Transforming from com/Morph/logisticspipes/gui/menu/MenuItemSink.class to com/Morph/logisticspipes/gui/menu/MenuItemSink.class with 6 transformer(s) on dev.architectury.transformer.handler.TinyRemapperPreparedTransformerHandler
[Architectury Transformer DEBUG] Remapping with 1 mapping provider(s):
[Architectury Transformer DEBUG]  - dev.architectury.transformer.transformers.TransformNeoForgeEnvironment$$Lambda/0x0000029f5502fb20@7a3793c7
[Architectury Transformer DEBUG] Remapping Classes:
[Architectury Transformer DEBUG] net/fabricmc/api/EnvType -> net/neoforged/api/distmarker/Dist
[Architectury Transformer DEBUG] net/fabricmc/api/Environment -> net/neoforged/api/distmarker/OnlyIn
[Architectury Transformer DEBUG] Found class transformer
[Architectury Transformer DEBUG] Writing com/Morph/logisticspipes/gui/menu/MenuItemSink with maxs=true frames=true
[Architectury Transformer DEBUG] Transformed com/Morph/logisticspipes/gui/menu/MenuItemSink in 2.886 ms
[Architectury Transformer DEBUG] Transforming from com/Morph/logisticspipes/gui/GhostSlot.class to com/Morph/logisticspipes/gui/GhostSlot.class with 6 transformer(s) on dev.architectury.transformer.handler.TinyRemapperPreparedTransformerHandler
[Architectury Transformer DEBUG] Remapping with 1 mapping provider(s):
[Architectury Transformer DEBUG]  - dev.architectury.transformer.transformers.TransformNeoForgeEnvironment$$Lambda/0x0000029f5502fb20@7a3793c7
[Architectury Transformer DEBUG] Remapping Classes:
[Architectury Transformer DEBUG] net/fabricmc/api/EnvType -> net/neoforged/api/distmarker/Dist
[Architectury Transformer DEBUG] net/fabricmc/api/Environment -> net/neoforged/api/distmarker/OnlyIn
[Architectury Transformer DEBUG] Found class transformer
[Architectury Transformer DEBUG] Writing com/Morph/logisticspipes/gui/GhostSlot with maxs=true frames=true
[Architectury Transformer DEBUG] Transformed com/Morph/logisticspipes/gui/GhostSlot in 2.083 ms
[Architectury Transformer DEBUG] Transforming from com/Morph/logisticspipes/gui/menu/MenuProviderFilter.class to com/Morph/logisticspipes/gui/menu/MenuProviderFilter.class with 6 transformer(s) on dev.architectury.transformer.handler.TinyRemapperPreparedTransformerHandler
[Architectury Transformer DEBUG] Remapping with 1 mapping provider(s):
[Architectury Transformer DEBUG]  - dev.architectury.transformer.transformers.TransformNeoForgeEnvironment$$Lambda/0x0000029f5502fb20@7a3793c7
[Architectury Transformer DEBUG] Remapping Classes:
[Architectury Transformer DEBUG] net/fabricmc/api/EnvType -> net/neoforged/api/distmarker/Dist
[Architectury Transformer DEBUG] net/fabricmc/api/Environment -> net/neoforged/api/distmarker/OnlyIn
[Architectury Transformer DEBUG] Found class transformer
[Architectury Transformer DEBUG] Writing com/Morph/logisticspipes/gui/menu/MenuProviderFilter with maxs=true frames=true
[Architectury Transformer DEBUG] Transformed com/Morph/logisticspipes/gui/menu/MenuProviderFilter in 2.429 ms
[Architectury Transformer DEBUG] Transforming from com/Morph/logisticspipes/gui/menu/MenuRequest.class to com/Morph/logisticspipes/gui/menu/MenuRequest.class with 6 transformer(s) on dev.architectury.transformer.handler.TinyRemapperPreparedTransformerHandler
[Architectury Transformer DEBUG] Remapping with 1 mapping provider(s):
[Architectury Transformer DEBUG]  - dev.architectury.transformer.transformers.TransformNeoForgeEnvironment$$Lambda/0x0000029f5502fb20@7a3793c7
[Architectury Transformer DEBUG] Remapping Classes:
[Architectury Transformer DEBUG] net/fabricmc/api/EnvType -> net/neoforged/api/distmarker/Dist
[Architectury Transformer DEBUG] net/fabricmc/api/Environment -> net/neoforged/api/distmarker/OnlyIn
[Architectury Transformer DEBUG] Found class transformer
[Architectury Transformer DEBUG] Writing com/Morph/logisticspipes/gui/menu/MenuRequest with maxs=true frames=true
[Architectury Transformer DEBUG] Transformed com/Morph/logisticspipes/gui/menu/MenuRequest in 2.614 ms
[Architectury Transformer DEBUG] Transforming from com/Morph/logisticspipes/gui/menu/MenuChassis.class to com/Morph/logisticspipes/gui/menu/MenuChassis.class with 6 transformer(s) on dev.architectury.transformer.handler.TinyRemapperPreparedTransformerHandler
[Architectury Transformer DEBUG] Remapping with 1 mapping provider(s):
[Architectury Transformer DEBUG]  - dev.architectury.transformer.transformers.TransformNeoForgeEnvironment$$Lambda/0x0000029f5502fb20@7a3793c7
[Architectury Transformer DEBUG] Remapping Classes:
[Architectury Transformer DEBUG] net/fabricmc/api/EnvType -> net/neoforged/api/distmarker/Dist
[Architectury Transformer DEBUG] net/fabricmc/api/Environment -> net/neoforged/api/distmarker/OnlyIn
[Architectury Transformer DEBUG] Found class transformer
[Architectury Transformer DEBUG] Writing com/Morph/logisticspipes/gui/menu/MenuChassis with maxs=true frames=true
[Architectury Transformer DEBUG] Transformed com/Morph/logisticspipes/gui/menu/MenuChassis in 2.170 ms
[Architectury Transformer DEBUG] Transforming from com/Morph/logisticspipes/gui/menu/MenuSupplier.class to com/Morph/logisticspipes/gui/menu/MenuSupplier.class with 6 transformer(s) on dev.architectury.transformer.handler.TinyRemapperPreparedTransformerHandler
[Architectury Transformer DEBUG] Remapping with 1 mapping provider(s):
[Architectury Transformer DEBUG]  - dev.architectury.transformer.transformers.TransformNeoForgeEnvironment$$Lambda/0x0000029f5502fb20@7a3793c7
[Architectury Transformer DEBUG] Remapping Classes:
[Architectury Transformer DEBUG] net/fabricmc/api/EnvType -> net/neoforged/api/distmarker/Dist
[Architectury Transformer DEBUG] net/fabricmc/api/Environment -> net/neoforged/api/distmarker/OnlyIn
[Architectury Transformer DEBUG] Found class transformer
[Architectury Transformer DEBUG] Writing com/Morph/logisticspipes/gui/menu/MenuSupplier with maxs=true frames=true
[Architectury Transformer DEBUG] Transformed com/Morph/logisticspipes/gui/menu/MenuSupplier in 2.221 ms
[Architectury Transformer DEBUG] Transforming from com/Morph/logisticspipes/gui/menu/MenuSatellite.class to com/Morph/logisticspipes/gui/menu/MenuSatellite.class with 6 transformer(s) on dev.architectury.transformer.handler.TinyRemapperPreparedTransformerHandler
[Architectury Transformer DEBUG] Remapping with 1 mapping provider(s):
[Architectury Transformer DEBUG]  - dev.architectury.transformer.transformers.TransformNeoForgeEnvironment$$Lambda/0x0000029f5502fb20@7a3793c7
[Architectury Transformer DEBUG] Remapping Classes:
[Architectury Transformer DEBUG] net/fabricmc/api/EnvType -> net/neoforged/api/distmarker/Dist
[Architectury Transformer DEBUG] net/fabricmc/api/Environment -> net/neoforged/api/distmarker/OnlyIn
[Architectury Transformer DEBUG] Found class transformer
[Architectury Transformer DEBUG] Writing com/Morph/logisticspipes/gui/menu/MenuSatellite with maxs=true frames=true
[Architectury Transformer DEBUG] Transformed com/Morph/logisticspipes/gui/menu/MenuSatellite in 2.240 ms
[Architectury Transformer DEBUG] Transforming from com/Morph/logisticspipes/gui/menu/MenuCrafter.class to com/Morph/logisticspipes/gui/menu/MenuCrafter.class with 6 transformer(s) on dev.architectury.transformer.handler.TinyRemapperPreparedTransformerHandler
[Architectury Transformer DEBUG] Remapping with 1 mapping provider(s):
[Architectury Transformer DEBUG]  - dev.architectury.transformer.transformers.TransformNeoForgeEnvironment$$Lambda/0x0000029f5502fb20@7a3793c7
[Architectury Transformer DEBUG] Remapping Classes:
[Architectury Transformer DEBUG] net/fabricmc/api/EnvType -> net/neoforged/api/distmarker/Dist
[Architectury Transformer DEBUG] net/fabricmc/api/Environment -> net/neoforged/api/distmarker/OnlyIn
[Architectury Transformer DEBUG] Found class transformer
[Architectury Transformer DEBUG] Writing com/Morph/logisticspipes/gui/menu/MenuCrafter with maxs=true frames=true
[Architectury Transformer DEBUG] Transformed com/Morph/logisticspipes/gui/menu/MenuCrafter in 3.084 ms
[Architectury Transformer DEBUG] Transforming from com/Morph/logisticspipes/gui/menu/MenuFirewall.class to com/Morph/logisticspipes/gui/menu/MenuFirewall.class with 6 transformer(s) on dev.architectury.transformer.handler.TinyRemapperPreparedTransformerHandler
[Architectury Transformer DEBUG] Remapping with 1 mapping provider(s):
[Architectury Transformer DEBUG]  - dev.architectury.transformer.transformers.TransformNeoForgeEnvironment$$Lambda/0x0000029f5502fb20@7a3793c7
[Architectury Transformer DEBUG] Remapping Classes:
[Architectury Transformer DEBUG] net/fabricmc/api/EnvType -> net/neoforged/api/distmarker/Dist
[Architectury Transformer DEBUG] net/fabricmc/api/Environment -> net/neoforged/api/distmarker/OnlyIn
[Architectury Transformer DEBUG] Found class transformer
[Architectury Transformer DEBUG] Writing com/Morph/logisticspipes/gui/menu/MenuFirewall with maxs=true frames=true
[Architectury Transformer DEBUG] Transformed com/Morph/logisticspipes/gui/menu/MenuFirewall in 2.918 ms
[Architectury Transformer DEBUG] Transforming from com/Morph/logisticspipes/gui/menu/MenuOreDictItemSink.class to com/Morph/logisticspipes/gui/menu/MenuOreDictItemSink.class with 6 transformer(s) on dev.architectury.transformer.handler.TinyRemapperPreparedTransformerHandler
[Architectury Transformer DEBUG] Remapping with 1 mapping provider(s):
[Architectury Transformer DEBUG]  - dev.architectury.transformer.transformers.TransformNeoForgeEnvironment$$Lambda/0x0000029f5502fb20@7a3793c7
[Architectury Transformer DEBUG] Remapping Classes:
[Architectury Transformer DEBUG] net/fabricmc/api/EnvType -> net/neoforged/api/distmarker/Dist
[Architectury Transformer DEBUG] net/fabricmc/api/Environment -> net/neoforged/api/distmarker/OnlyIn
[Architectury Transformer DEBUG] Found class transformer
[Architectury Transformer DEBUG] Writing com/Morph/logisticspipes/gui/menu/MenuOreDictItemSink with maxs=true frames=true
[Architectury Transformer DEBUG] Transformed com/Morph/logisticspipes/gui/menu/MenuOreDictItemSink in 2.306 ms
[Architectury Transformer DEBUG] Transforming from com/Morph/logisticspipes/gui/menu/MenuCreativeTabBasedItemSink.class to com/Morph/logisticspipes/gui/menu/MenuCreativeTabBasedItemSink.class with 6 transformer(s) on dev.architectury.transformer.handler.TinyRemapperPreparedTransformerHandler
[Architectury Transformer DEBUG] Remapping with 1 mapping provider(s):
[Architectury Transformer DEBUG]  - dev.architectury.transformer.transformers.TransformNeoForgeEnvironment$$Lambda/0x0000029f5502fb20@7a3793c7
[Architectury Transformer DEBUG] Remapping Classes:
[Architectury Transformer DEBUG] net/fabricmc/api/EnvType -> net/neoforged/api/distmarker/Dist
[Architectury Transformer DEBUG] net/fabricmc/api/Environment -> net/neoforged/api/distmarker/OnlyIn
[Architectury Transformer DEBUG] Found class transformer
[Architectury Transformer DEBUG] Writing com/Morph/logisticspipes/gui/menu/MenuCreativeTabBasedItemSink with maxs=true frames=true
[Architectury Transformer DEBUG] Transformed com/Morph/logisticspipes/gui/menu/MenuCreativeTabBasedItemSink in 2.011 ms
[Architectury Transformer DEBUG] Transforming from com/Morph/logisticspipes/gui/menu/MenuModBasedItemSink.class to com/Morph/logisticspipes/gui/menu/MenuModBasedItemSink.class with 6 transformer(s) on dev.architectury.transformer.handler.TinyRemapperPreparedTransformerHandler
[Architectury Transformer DEBUG] Remapping with 1 mapping provider(s):
[Architectury Transformer DEBUG]  - dev.architectury.transformer.transformers.TransformNeoForgeEnvironment$$Lambda/0x0000029f5502fb20@7a3793c7
[Architectury Transformer DEBUG] Remapping Classes:
[Architectury Transformer DEBUG] net/fabricmc/api/EnvType -> net/neoforged/api/distmarker/Dist
[Architectury Transformer DEBUG] net/fabricmc/api/Environment -> net/neoforged/api/distmarker/OnlyIn
[Architectury Transformer DEBUG] Found class transformer
[Architectury Transformer DEBUG] Writing com/Morph/logisticspipes/gui/menu/MenuModBasedItemSink with maxs=true frames=true
[Architectury Transformer DEBUG] Transformed com/Morph/logisticspipes/gui/menu/MenuModBasedItemSink in 1.965 ms
[Architectury Transformer DEBUG] Transforming from com/Morph/logisticspipes/gui/menu/MenuFluidRequest.class to com/Morph/logisticspipes/gui/menu/MenuFluidRequest.class with 6 transformer(s) on dev.architectury.transformer.handler.TinyRemapperPreparedTransformerHandler
[Architectury Transformer DEBUG] Remapping with 1 mapping provider(s):
[Architectury Transformer DEBUG]  - dev.architectury.transformer.transformers.TransformNeoForgeEnvironment$$Lambda/0x0000029f5502fb20@7a3793c7
[Architectury Transformer DEBUG] Remapping Classes:
[Architectury Transformer DEBUG] net/fabricmc/api/EnvType -> net/neoforged/api/distmarker/Dist
[Architectury Transformer DEBUG] net/fabricmc/api/Environment -> net/neoforged/api/distmarker/OnlyIn
[Architectury Transformer DEBUG] Found class transformer
[Architectury Transformer DEBUG] Writing com/Morph/logisticspipes/gui/menu/MenuFluidRequest with maxs=true frames=true
[Architectury Transformer DEBUG] Transformed com/Morph/logisticspipes/gui/menu/MenuFluidRequest in 2.214 ms
[Architectury Transformer DEBUG] Transforming from com/Morph/logisticspipes/gui/menu/MenuFluidSupplierMk2.class to com/Morph/logisticspipes/gui/menu/MenuFluidSupplierMk2.class with 6 transformer(s) on dev.architectury.transformer.handler.TinyRemapperPreparedTransformerHandler
[Architectury Transformer DEBUG] Remapping with 1 mapping provider(s):
[Architectury Transformer DEBUG]  - dev.architectury.transformer.transformers.TransformNeoForgeEnvironment$$Lambda/0x0000029f5502fb20@7a3793c7
[Architectury Transformer DEBUG] Remapping Classes:
[Architectury Transformer DEBUG] net/fabricmc/api/EnvType -> net/neoforged/api/distmarker/Dist
[Architectury Transformer DEBUG] net/fabricmc/api/Environment -> net/neoforged/api/distmarker/OnlyIn
[Architectury Transformer DEBUG] Found class transformer
[Architectury Transformer DEBUG] Writing com/Morph/logisticspipes/gui/menu/MenuFluidSupplierMk2 with maxs=true frames=true
[Architectury Transformer DEBUG] Transformed com/Morph/logisticspipes/gui/menu/MenuFluidSupplierMk2 in 2.175 ms
[Architectury Transformer DEBUG] Transforming from com/Morph/logisticspipes/gui/menu/MenuEnchantmentSinkMK2.class to com/Morph/logisticspipes/gui/menu/MenuEnchantmentSinkMK2.class with 6 transformer(s) on dev.architectury.transformer.handler.TinyRemapperPreparedTransformerHandler
[Architectury Transformer DEBUG] Remapping with 1 mapping provider(s):
[Architectury Transformer DEBUG]  - dev.architectury.transformer.transformers.TransformNeoForgeEnvironment$$Lambda/0x0000029f5502fb20@7a3793c7
[Architectury Transformer DEBUG] Remapping Classes:
[Architectury Transformer DEBUG] net/fabricmc/api/EnvType -> net/neoforged/api/distmarker/Dist
[Architectury Transformer DEBUG] net/fabricmc/api/Environment -> net/neoforged/api/distmarker/OnlyIn
[Architectury Transformer DEBUG] Found class transformer
[Architectury Transformer DEBUG] Writing com/Morph/logisticspipes/gui/menu/MenuEnchantmentSinkMK2 with maxs=true frames=true
[Architectury Transformer DEBUG] Transformed com/Morph/logisticspipes/gui/menu/MenuEnchantmentSinkMK2 in 2.131 ms
[Architectury Transformer DEBUG] Transforming from com/Morph/logisticspipes/gui/menu/MenuUpgrade.class to com/Morph/logisticspipes/gui/menu/MenuUpgrade.class with 6 transformer(s) on dev.architectury.transformer.handler.TinyRemapperPreparedTransformerHandler
[Architectury Transformer DEBUG] Remapping with 1 mapping provider(s):
[Architectury Transformer DEBUG]  - dev.architectury.transformer.transformers.TransformNeoForgeEnvironment$$Lambda/0x0000029f5502fb20@7a3793c7
[Architectury Transformer DEBUG] Remapping Classes:
[Architectury Transformer DEBUG] net/fabricmc/api/EnvType -> net/neoforged/api/distmarker/Dist
[Architectury Transformer DEBUG] net/fabricmc/api/Environment -> net/neoforged/api/distmarker/OnlyIn
[Architectury Transformer DEBUG] Found class transformer
[Architectury Transformer DEBUG] Writing com/Morph/logisticspipes/gui/menu/MenuUpgrade with maxs=true frames=true
[Architectury Transformer DEBUG] Transformed com/Morph/logisticspipes/gui/menu/MenuUpgrade in 2.628 ms
[Architectury Transformer DEBUG] Transforming from com/Morph/logisticspipes/gui/menu/MenuUpgrade$UpgradeSlot.class to com/Morph/logisticspipes/gui/menu/MenuUpgrade$UpgradeSlot.class with 6 transformer(s) on dev.architectury.transformer.handler.TinyRemapperPreparedTransformerHandler
[Architectury Transformer DEBUG] Remapping with 1 mapping provider(s):
[Architectury Transformer DEBUG]  - dev.architectury.transformer.transformers.TransformNeoForgeEnvironment$$Lambda/0x0000029f5502fb20@7a3793c7
[Architectury Transformer DEBUG] Remapping Classes:
[Architectury Transformer DEBUG] net/fabricmc/api/EnvType -> net/neoforged/api/distmarker/Dist
[Architectury Transformer DEBUG] net/fabricmc/api/Environment -> net/neoforged/api/distmarker/OnlyIn
[Architectury Transformer DEBUG] Found class transformer
[Architectury Transformer DEBUG] Writing com/Morph/logisticspipes/gui/menu/MenuUpgrade$UpgradeSlot with maxs=true frames=true
[Architectury Transformer DEBUG] Transformed com/Morph/logisticspipes/gui/menu/MenuUpgrade$UpgradeSlot in 2.129 ms
[Architectury Transformer DEBUG] Transforming from com/Morph/logisticspipes/gui/menu/MenuSneakyUpgrade.class to com/Morph/logisticspipes/gui/menu/MenuSneakyUpgrade.class with 6 transformer(s) on dev.architectury.transformer.handler.TinyRemapperPreparedTransformerHandler
[Architectury Transformer DEBUG] Remapping with 1 mapping provider(s):
[Architectury Transformer DEBUG]  - dev.architectury.transformer.transformers.TransformNeoForgeEnvironment$$Lambda/0x0000029f5502fb20@7a3793c7
[Architectury Transformer DEBUG] Remapping Classes:
[Architectury Transformer DEBUG] net/fabricmc/api/EnvType -> net/neoforged/api/distmarker/Dist
[Architectury Transformer DEBUG] net/fabricmc/api/Environment -> net/neoforged/api/distmarker/OnlyIn
[Architectury Transformer DEBUG] Found class transformer
[Architectury Transformer DEBUG] Writing com/Morph/logisticspipes/gui/menu/MenuSneakyUpgrade with maxs=true frames=true
[Architectury Transformer DEBUG] Transformed com/Morph/logisticspipes/gui/menu/MenuSneakyUpgrade in 2.626 ms
[Architectury Transformer DEBUG] Transforming from com/Morph/logisticspipes/gui/menu/MenuConnectionUpgrade.class to com/Morph/logisticspipes/gui/menu/MenuConnectionUpgrade.class with 6 transformer(s) on dev.architectury.transformer.handler.TinyRemapperPreparedTransformerHandler
[Architectury Transformer DEBUG] Remapping with 1 mapping provider(s):
[Architectury Transformer DEBUG]  - dev.architectury.transformer.transformers.TransformNeoForgeEnvironment$$Lambda/0x0000029f5502fb20@7a3793c7
[Architectury Transformer DEBUG] Remapping Classes:
[Architectury Transformer DEBUG] net/fabricmc/api/EnvType -> net/neoforged/api/distmarker/Dist
[Architectury Transformer DEBUG] net/fabricmc/api/Environment -> net/neoforged/api/distmarker/OnlyIn
[Architectury Transformer DEBUG] Found class transformer
[Architectury Transformer DEBUG] Writing com/Morph/logisticspipes/gui/menu/MenuConnectionUpgrade with maxs=true frames=true
[Architectury Transformer DEBUG] Transformed com/Morph/logisticspipes/gui/menu/MenuConnectionUpgrade in 2.100 ms
[Architectury Transformer DEBUG] Transforming from com/Morph/logisticspipes/gui/menu/MenuRequestTable.class to com/Morph/logisticspipes/gui/menu/MenuRequestTable.class with 6 transformer(s) on dev.architectury.transformer.handler.TinyRemapperPreparedTransformerHandler
[Architectury Transformer DEBUG] Remapping with 1 mapping provider(s):
[Architectury Transformer DEBUG]  - dev.architectury.transformer.transformers.TransformNeoForgeEnvironment$$Lambda/0x0000029f5502fb20@7a3793c7
[Architectury Transformer DEBUG] Remapping Classes:
[Architectury Transformer DEBUG] net/fabricmc/api/EnvType -> net/neoforged/api/distmarker/Dist
[Architectury Transformer DEBUG] net/fabricmc/api/Environment -> net/neoforged/api/distmarker/OnlyIn
[Architectury Transformer DEBUG] Found class transformer
[Architectury Transformer DEBUG] Writing com/Morph/logisticspipes/gui/menu/MenuRequestTable with maxs=true frames=true
[Architectury Transformer DEBUG] Transformed com/Morph/logisticspipes/gui/menu/MenuRequestTable in 2.400 ms
[Architectury Transformer DEBUG] Transforming from com/Morph/logisticspipes/gui/menu/MenuSecurityStation.class to com/Morph/logisticspipes/gui/menu/MenuSecurityStation.class with 6 transformer(s) on dev.architectury.transformer.handler.TinyRemapperPreparedTransformerHandler
[Architectury Transformer DEBUG] Remapping with 1 mapping provider(s):
[Architectury Transformer DEBUG]  - dev.architectury.transformer.transformers.TransformNeoForgeEnvironment$$Lambda/0x0000029f5502fb20@7a3793c7
[Architectury Transformer DEBUG] Remapping Classes:
[Architectury Transformer DEBUG] net/fabricmc/api/EnvType -> net/neoforged/api/distmarker/Dist
[Architectury Transformer DEBUG] net/fabricmc/api/Environment -> net/neoforged/api/distmarker/OnlyIn
[Architectury Transformer DEBUG] Found class transformer
[Architectury Transformer DEBUG] Writing com/Morph/logisticspipes/gui/menu/MenuSecurityStation with maxs=true frames=true
[Architectury Transformer DEBUG] Transformed com/Morph/logisticspipes/gui/menu/MenuSecurityStation in 2.416 ms
[Architectury Transformer DEBUG] Transforming from com/Morph/logisticspipes/LPClientSetup.class to com/Morph/logisticspipes/LPClientSetup.class with 6 transformer(s) on dev.architectury.transformer.handler.TinyRemapperPreparedTransformerHandler
[Architectury Transformer DEBUG] Remapping with 1 mapping provider(s):
[Architectury Transformer DEBUG]  - dev.architectury.transformer.transformers.TransformNeoForgeEnvironment$$Lambda/0x0000029f5502fb20@7a3793c7
[Architectury Transformer DEBUG] Remapping Classes:
[Architectury Transformer DEBUG] net/fabricmc/api/EnvType -> net/neoforged/api/distmarker/Dist
[Architectury Transformer DEBUG] net/fabricmc/api/Environment -> net/neoforged/api/distmarker/OnlyIn
[Architectury Transformer DEBUG] Found class transformer
[Architectury Transformer DEBUG] Writing com/Morph/logisticspipes/LPClientSetup with maxs=true frames=true
[Architectury Transformer DEBUG] Transformed com/Morph/logisticspipes/LPClientSetup in 25.60 ms
[Architectury Transformer DEBUG] Transforming from com/Morph/logisticspipes/gui/screen/ScreenItemSink.class to com/Morph/logisticspipes/gui/screen/ScreenItemSink.class with 6 transformer(s) on dev.architectury.transformer.handler.TinyRemapperPreparedTransformerHandler
[Architectury Transformer DEBUG] Remapping with 1 mapping provider(s):
[Architectury Transformer DEBUG]  - dev.architectury.transformer.transformers.TransformNeoForgeEnvironment$$Lambda/0x0000029f5502fb20@7a3793c7
[Architectury Transformer DEBUG] Remapping Classes:
[Architectury Transformer DEBUG] net/fabricmc/api/EnvType -> net/neoforged/api/distmarker/Dist
[Architectury Transformer DEBUG] net/fabricmc/api/Environment -> net/neoforged/api/distmarker/OnlyIn
[Architectury Transformer DEBUG] Found class transformer
[Architectury Transformer DEBUG] Writing com/Morph/logisticspipes/gui/screen/ScreenItemSink with maxs=true frames=true
[Architectury Transformer DEBUG] Transformed com/Morph/logisticspipes/gui/screen/ScreenItemSink in 7.721 ms
[Architectury Transformer DEBUG] Transforming from com/Morph/logisticspipes/gui/screen/ScreenProviderFilter.class to com/Morph/logisticspipes/gui/screen/ScreenProviderFilter.class with 6 transformer(s) on dev.architectury.transformer.handler.TinyRemapperPreparedTransformerHandler
[Architectury Transformer DEBUG] Remapping with 1 mapping provider(s):
[Architectury Transformer DEBUG]  - dev.architectury.transformer.transformers.TransformNeoForgeEnvironment$$Lambda/0x0000029f5502fb20@7a3793c7
[Architectury Transformer DEBUG] Remapping Classes:
[Architectury Transformer DEBUG] net/fabricmc/api/EnvType -> net/neoforged/api/distmarker/Dist
[Architectury Transformer DEBUG] net/fabricmc/api/Environment -> net/neoforged/api/distmarker/OnlyIn
[Architectury Transformer DEBUG] Found class transformer
[Architectury Transformer DEBUG] Writing com/Morph/logisticspipes/gui/screen/ScreenProviderFilter with maxs=true frames=true
[Architectury Transformer DEBUG] Transformed com/Morph/logisticspipes/gui/screen/ScreenProviderFilter in 8.845 ms
[Architectury Transformer DEBUG] Transforming from com/Morph/logisticspipes/gui/screen/ScreenRequest.class to com/Morph/logisticspipes/gui/screen/ScreenRequest.class with 6 transformer(s) on dev.architectury.transformer.handler.TinyRemapperPreparedTransformerHandler
[Architectury Transformer DEBUG] Remapping with 1 mapping provider(s):
[Architectury Transformer DEBUG]  - dev.architectury.transformer.transformers.TransformNeoForgeEnvironment$$Lambda/0x0000029f5502fb20@7a3793c7
[Architectury Transformer DEBUG] Remapping Classes:
[Architectury Transformer DEBUG] net/fabricmc/api/EnvType -> net/neoforged/api/distmarker/Dist
[Architectury Transformer DEBUG] net/fabricmc/api/Environment -> net/neoforged/api/distmarker/OnlyIn
[Architectury Transformer DEBUG] Found class transformer
[Architectury Transformer DEBUG] Writing com/Morph/logisticspipes/gui/screen/ScreenRequest with maxs=true frames=true
[Architectury Transformer DEBUG] Transformed com/Morph/logisticspipes/gui/screen/ScreenRequest in 7.942 ms
[Architectury Transformer DEBUG] Transforming from com/Morph/logisticspipes/gui/screen/ScreenChassis.class to com/Morph/logisticspipes/gui/screen/ScreenChassis.class with 6 transformer(s) on dev.architectury.transformer.handler.TinyRemapperPreparedTransformerHandler
[Architectury Transformer DEBUG] Remapping with 1 mapping provider(s):
[Architectury Transformer DEBUG]  - dev.architectury.transformer.transformers.TransformNeoForgeEnvironment$$Lambda/0x0000029f5502fb20@7a3793c7
[Architectury Transformer DEBUG] Remapping Classes:
[Architectury Transformer DEBUG] net/fabricmc/api/EnvType -> net/neoforged/api/distmarker/Dist
[Architectury Transformer DEBUG] net/fabricmc/api/Environment -> net/neoforged/api/distmarker/OnlyIn
[Architectury Transformer DEBUG] Found class transformer
[Architectury Transformer DEBUG] Writing com/Morph/logisticspipes/gui/screen/ScreenChassis with maxs=true frames=true
[Architectury Transformer DEBUG] Transformed com/Morph/logisticspipes/gui/screen/ScreenChassis in 6.377 ms
[Architectury Transformer DEBUG] Transforming from com/Morph/logisticspipes/gui/screen/ScreenSupplier.class to com/Morph/logisticspipes/gui/screen/ScreenSupplier.class with 6 transformer(s) on dev.architectury.transformer.handler.TinyRemapperPreparedTransformerHandler
[Architectury Transformer DEBUG] Remapping with 1 mapping provider(s):
[Architectury Transformer DEBUG]  - dev.architectury.transformer.transformers.TransformNeoForgeEnvironment$$Lambda/0x0000029f5502fb20@7a3793c7
[Architectury Transformer DEBUG] Remapping Classes:
[Architectury Transformer DEBUG] net/fabricmc/api/EnvType -> net/neoforged/api/distmarker/Dist
[Architectury Transformer DEBUG] net/fabricmc/api/Environment -> net/neoforged/api/distmarker/OnlyIn
[Architectury Transformer DEBUG] Found class transformer
[Architectury Transformer DEBUG] Writing com/Morph/logisticspipes/gui/screen/ScreenSupplier with maxs=true frames=true
[Architectury Transformer DEBUG] Transformed com/Morph/logisticspipes/gui/screen/ScreenSupplier in 5.928 ms
[Architectury Transformer DEBUG] Transforming from com/Morph/logisticspipes/gui/screen/ScreenSatellite.class to com/Morph/logisticspipes/gui/screen/ScreenSatellite.class with 6 transformer(s) on dev.architectury.transformer.handler.TinyRemapperPreparedTransformerHandler
[Architectury Transformer DEBUG] Remapping with 1 mapping provider(s):
[Architectury Transformer DEBUG]  - dev.architectury.transformer.transformers.TransformNeoForgeEnvironment$$Lambda/0x0000029f5502fb20@7a3793c7
[Architectury Transformer DEBUG] Remapping Classes:
[Architectury Transformer DEBUG] net/fabricmc/api/EnvType -> net/neoforged/api/distmarker/Dist
[Architectury Transformer DEBUG] net/fabricmc/api/Environment -> net/neoforged/api/distmarker/OnlyIn
[Architectury Transformer DEBUG] Found class transformer
[Architectury Transformer DEBUG] Writing com/Morph/logisticspipes/gui/screen/ScreenSatellite with maxs=true frames=true
[Architectury Transformer DEBUG] Transformed com/Morph/logisticspipes/gui/screen/ScreenSatellite in 7.368 ms
[Architectury Transformer DEBUG] Transforming from com/Morph/logisticspipes/gui/screen/ScreenCrafter.class to com/Morph/logisticspipes/gui/screen/ScreenCrafter.class with 6 transformer(s) on dev.architectury.transformer.handler.TinyRemapperPreparedTransformerHandler
[Architectury Transformer DEBUG] Remapping with 1 mapping provider(s):
[Architectury Transformer DEBUG]  - dev.architectury.transformer.transformers.TransformNeoForgeEnvironment$$Lambda/0x0000029f5502fb20@7a3793c7
[Architectury Transformer DEBUG] Remapping Classes:
[Architectury Transformer DEBUG] net/fabricmc/api/EnvType -> net/neoforged/api/distmarker/Dist
[Architectury Transformer DEBUG] net/fabricmc/api/Environment -> net/neoforged/api/distmarker/OnlyIn
[Architectury Transformer DEBUG] Found class transformer
[Architectury Transformer DEBUG] Writing com/Morph/logisticspipes/gui/screen/ScreenCrafter with maxs=true frames=true
[Architectury Transformer DEBUG] Transformed com/Morph/logisticspipes/gui/screen/ScreenCrafter in 5.010 ms
[Architectury Transformer DEBUG] Transforming from com/Morph/logisticspipes/gui/screen/ScreenFirewall.class to com/Morph/logisticspipes/gui/screen/ScreenFirewall.class with 6 transformer(s) on dev.architectury.transformer.handler.TinyRemapperPreparedTransformerHandler
[Architectury Transformer DEBUG] Remapping with 1 mapping provider(s):
[Architectury Transformer DEBUG]  - dev.architectury.transformer.transformers.TransformNeoForgeEnvironment$$Lambda/0x0000029f5502fb20@7a3793c7
[Architectury Transformer DEBUG] Remapping Classes:
[Architectury Transformer DEBUG] net/fabricmc/api/EnvType -> net/neoforged/api/distmarker/Dist
[Architectury Transformer DEBUG] net/fabricmc/api/Environment -> net/neoforged/api/distmarker/OnlyIn
[Architectury Transformer DEBUG] Found class transformer
[Architectury Transformer DEBUG] Writing com/Morph/logisticspipes/gui/screen/ScreenFirewall with maxs=true frames=true
[Architectury Transformer DEBUG] Transformed com/Morph/logisticspipes/gui/screen/ScreenFirewall in 4.224 ms
[Architectury Transformer DEBUG] Transforming from com/Morph/logisticspipes/gui/screen/ScreenOreDictItemSink.class to com/Morph/logisticspipes/gui/screen/ScreenOreDictItemSink.class with 6 transformer(s) on dev.architectury.transformer.handler.TinyRemapperPreparedTransformerHandler
[Architectury Transformer DEBUG] Remapping with 1 mapping provider(s):
[Architectury Transformer DEBUG]  - dev.architectury.transformer.transformers.TransformNeoForgeEnvironment$$Lambda/0x0000029f5502fb20@7a3793c7
[Architectury Transformer DEBUG] Remapping Classes:
[Architectury Transformer DEBUG] net/fabricmc/api/EnvType -> net/neoforged/api/distmarker/Dist
[Architectury Transformer DEBUG] net/fabricmc/api/Environment -> net/neoforged/api/distmarker/OnlyIn
[Architectury Transformer DEBUG] Found class transformer
[Architectury Transformer DEBUG] Writing com/Morph/logisticspipes/gui/screen/ScreenOreDictItemSink with maxs=true frames=true
[Architectury Transformer DEBUG] Transformed com/Morph/logisticspipes/gui/screen/ScreenOreDictItemSink in 5.576 ms
[Architectury Transformer DEBUG] Transforming from com/Morph/logisticspipes/gui/screen/ScreenCreativeTabBasedItemSink.class to com/Morph/logisticspipes/gui/screen/ScreenCreativeTabBasedItemSink.class with 6 transformer(s) on dev.architectury.transformer.handler.TinyRemapperPreparedTransformerHandler
[Architectury Transformer DEBUG] Remapping with 1 mapping provider(s):
[Architectury Transformer DEBUG]  - dev.architectury.transformer.transformers.TransformNeoForgeEnvironment$$Lambda/0x0000029f5502fb20@7a3793c7
[Architectury Transformer DEBUG] Remapping Classes:
[Architectury Transformer DEBUG] net/fabricmc/api/EnvType -> net/neoforged/api/distmarker/Dist
[Architectury Transformer DEBUG] net/fabricmc/api/Environment -> net/neoforged/api/distmarker/OnlyIn
[Architectury Transformer DEBUG] Found class transformer
[Architectury Transformer DEBUG] Writing com/Morph/logisticspipes/gui/screen/ScreenCreativeTabBasedItemSink with maxs=true frames=true
[Architectury Transformer DEBUG] Transformed com/Morph/logisticspipes/gui/screen/ScreenCreativeTabBasedItemSink in 6.130 ms
[Architectury Transformer DEBUG] Transforming from com/Morph/logisticspipes/gui/screen/ScreenModBasedItemSink.class to com/Morph/logisticspipes/gui/screen/ScreenModBasedItemSink.class with 6 transformer(s) on dev.architectury.transformer.handler.TinyRemapperPreparedTransformerHandler
[Architectury Transformer DEBUG] Remapping with 1 mapping provider(s):
[Architectury Transformer DEBUG]  - dev.architectury.transformer.transformers.TransformNeoForgeEnvironment$$Lambda/0x0000029f5502fb20@7a3793c7
[Architectury Transformer DEBUG] Remapping Classes:
[Architectury Transformer DEBUG] net/fabricmc/api/EnvType -> net/neoforged/api/distmarker/Dist
[Architectury Transformer DEBUG] net/fabricmc/api/Environment -> net/neoforged/api/distmarker/OnlyIn
[Architectury Transformer DEBUG] Found class transformer
[Architectury Transformer DEBUG] Writing com/Morph/logisticspipes/gui/screen/ScreenModBasedItemSink with maxs=true frames=true
[Architectury Transformer DEBUG] Transformed com/Morph/logisticspipes/gui/screen/ScreenModBasedItemSink in 5.289 ms
[Architectury Transformer DEBUG] Transforming from com/Morph/logisticspipes/gui/screen/ScreenEnchantmentSinkMK2.class to com/Morph/logisticspipes/gui/screen/ScreenEnchantmentSinkMK2.class with 6 transformer(s) on dev.architectury.transformer.handler.TinyRemapperPreparedTransformerHandler
[Architectury Transformer DEBUG] Remapping with 1 mapping provider(s):
[Architectury Transformer DEBUG]  - dev.architectury.transformer.transformers.TransformNeoForgeEnvironment$$Lambda/0x0000029f5502fb20@7a3793c7
[Architectury Transformer DEBUG] Remapping Classes:
[Architectury Transformer DEBUG] net/fabricmc/api/EnvType -> net/neoforged/api/distmarker/Dist
[Architectury Transformer DEBUG] net/fabricmc/api/Environment -> net/neoforged/api/distmarker/OnlyIn
[Architectury Transformer DEBUG] Found class transformer
[Architectury Transformer DEBUG] Writing com/Morph/logisticspipes/gui/screen/ScreenEnchantmentSinkMK2 with maxs=true frames=true
[Architectury Transformer DEBUG] Transformed com/Morph/logisticspipes/gui/screen/ScreenEnchantmentSinkMK2 in 4.676 ms
[Architectury Transformer DEBUG] Transforming from com/Morph/logisticspipes/gui/screen/ScreenFluidSupplierMk2.class to com/Morph/logisticspipes/gui/screen/ScreenFluidSupplierMk2.class with 6 transformer(s) on dev.architectury.transformer.handler.TinyRemapperPreparedTransformerHandler
[Architectury Transformer DEBUG] Remapping with 1 mapping provider(s):
[Architectury Transformer DEBUG]  - dev.architectury.transformer.transformers.TransformNeoForgeEnvironment$$Lambda/0x0000029f5502fb20@7a3793c7
[Architectury Transformer DEBUG] Remapping Classes:
[Architectury Transformer DEBUG] net/fabricmc/api/EnvType -> net/neoforged/api/distmarker/Dist
[Architectury Transformer DEBUG] net/fabricmc/api/Environment -> net/neoforged/api/distmarker/OnlyIn
[Architectury Transformer DEBUG] Found class transformer
[Architectury Transformer DEBUG] Writing com/Morph/logisticspipes/gui/screen/ScreenFluidSupplierMk2 with maxs=true frames=true
[Architectury Transformer DEBUG] Transformed com/Morph/logisticspipes/gui/screen/ScreenFluidSupplierMk2 in 4.546 ms
[Architectury Transformer DEBUG] Transforming from com/Morph/logisticspipes/gui/screen/ScreenFluidRequest.class to com/Morph/logisticspipes/gui/screen/ScreenFluidRequest.class with 6 transformer(s) on dev.architectury.transformer.handler.TinyRemapperPreparedTransformerHandler
[Architectury Transformer DEBUG] Remapping with 1 mapping provider(s):
[Architectury Transformer DEBUG]  - dev.architectury.transformer.transformers.TransformNeoForgeEnvironment$$Lambda/0x0000029f5502fb20@7a3793c7
[Architectury Transformer DEBUG] Remapping Classes:
[Architectury Transformer DEBUG] net/fabricmc/api/EnvType -> net/neoforged/api/distmarker/Dist
[Architectury Transformer DEBUG] net/fabricmc/api/Environment -> net/neoforged/api/distmarker/OnlyIn
[Architectury Transformer DEBUG] Found class transformer
[Architectury Transformer DEBUG] Writing com/Morph/logisticspipes/gui/screen/ScreenFluidRequest with maxs=true frames=true
[Architectury Transformer DEBUG] Transformed com/Morph/logisticspipes/gui/screen/ScreenFluidRequest in 4.576 ms
[Architectury Transformer DEBUG] Transforming from com/Morph/logisticspipes/gui/screen/ScreenSneakyUpgrade.class to com/Morph/logisticspipes/gui/screen/ScreenSneakyUpgrade.class with 6 transformer(s) on dev.architectury.transformer.handler.TinyRemapperPreparedTransformerHandler
[Architectury Transformer DEBUG] Remapping with 1 mapping provider(s):
[Architectury Transformer DEBUG]  - dev.architectury.transformer.transformers.TransformNeoForgeEnvironment$$Lambda/0x0000029f5502fb20@7a3793c7
[Architectury Transformer DEBUG] Remapping Classes:
[Architectury Transformer DEBUG] net/fabricmc/api/EnvType -> net/neoforged/api/distmarker/Dist
[Architectury Transformer DEBUG] net/fabricmc/api/Environment -> net/neoforged/api/distmarker/OnlyIn
[Architectury Transformer DEBUG] Found class transformer
[Architectury Transformer DEBUG] Writing com/Morph/logisticspipes/gui/screen/ScreenSneakyUpgrade with maxs=true frames=true
[Architectury Transformer DEBUG] Transformed com/Morph/logisticspipes/gui/screen/ScreenSneakyUpgrade in 4.439 ms
[Architectury Transformer DEBUG] Transforming from com/Morph/logisticspipes/gui/screen/ScreenConnectionUpgrade.class to com/Morph/logisticspipes/gui/screen/ScreenConnectionUpgrade.class with 6 transformer(s) on dev.architectury.transformer.handler.TinyRemapperPreparedTransformerHandler
[Architectury Transformer DEBUG] Remapping with 1 mapping provider(s):
[Architectury Transformer DEBUG]  - dev.architectury.transformer.transformers.TransformNeoForgeEnvironment$$Lambda/0x0000029f5502fb20@7a3793c7
[Architectury Transformer DEBUG] Remapping Classes:
[Architectury Transformer DEBUG] net/fabricmc/api/EnvType -> net/neoforged/api/distmarker/Dist
[Architectury Transformer DEBUG] net/fabricmc/api/Environment -> net/neoforged/api/distmarker/OnlyIn
[Architectury Transformer DEBUG] Found class transformer
[Architectury Transformer DEBUG] Writing com/Morph/logisticspipes/gui/screen/ScreenConnectionUpgrade with maxs=true frames=true
[Architectury Transformer DEBUG] Transformed com/Morph/logisticspipes/gui/screen/ScreenConnectionUpgrade in 4.493 ms
[Architectury Transformer DEBUG] Transforming from com/Morph/logisticspipes/gui/screen/ScreenRequestTable.class to com/Morph/logisticspipes/gui/screen/ScreenRequestTable.class with 6 transformer(s) on dev.architectury.transformer.handler.TinyRemapperPreparedTransformerHandler
[Architectury Transformer DEBUG] Remapping with 1 mapping provider(s):
[Architectury Transformer DEBUG]  - dev.architectury.transformer.transformers.TransformNeoForgeEnvironment$$Lambda/0x0000029f5502fb20@7a3793c7
[Architectury Transformer DEBUG] Remapping Classes:
[Architectury Transformer DEBUG] net/fabricmc/api/EnvType -> net/neoforged/api/distmarker/Dist
[Architectury Transformer DEBUG] net/fabricmc/api/Environment -> net/neoforged/api/distmarker/OnlyIn
[Architectury Transformer DEBUG] Found class transformer
[Architectury Transformer DEBUG] Writing com/Morph/logisticspipes/gui/screen/ScreenRequestTable with maxs=true frames=true
[Architectury Transformer DEBUG] Transformed com/Morph/logisticspipes/gui/screen/ScreenRequestTable in 4.571 ms
[Architectury Transformer DEBUG] Transforming from com/Morph/logisticspipes/gui/screen/ScreenSecurityStation.class to com/Morph/logisticspipes/gui/screen/ScreenSecurityStation.class with 6 transformer(s) on dev.architectury.transformer.handler.TinyRemapperPreparedTransformerHandler
[Architectury Transformer DEBUG] Remapping with 1 mapping provider(s):
[Architectury Transformer DEBUG]  - dev.architectury.transformer.transformers.TransformNeoForgeEnvironment$$Lambda/0x0000029f5502fb20@7a3793c7
[Architectury Transformer DEBUG] Remapping Classes:
[Architectury Transformer DEBUG] net/fabricmc/api/EnvType -> net/neoforged/api/distmarker/Dist
[Architectury Transformer DEBUG] net/fabricmc/api/Environment -> net/neoforged/api/distmarker/OnlyIn
[Architectury Transformer DEBUG] Found class transformer
[Architectury Transformer DEBUG] Writing com/Morph/logisticspipes/gui/screen/ScreenSecurityStation with maxs=true frames=true
[Architectury Transformer DEBUG] Transformed com/Morph/logisticspipes/gui/screen/ScreenSecurityStation in 4.527 ms
[Architectury Transformer DEBUG] Transforming from com/Morph/logisticspipes/gui/screen/ScreenUpgrade.class to com/Morph/logisticspipes/gui/screen/ScreenUpgrade.class with 6 transformer(s) on dev.architectury.transformer.handler.TinyRemapperPreparedTransformerHandler
[Architectury Transformer DEBUG] Remapping with 1 mapping provider(s):
[Architectury Transformer DEBUG]  - dev.architectury.transformer.transformers.TransformNeoForgeEnvironment$$Lambda/0x0000029f5502fb20@7a3793c7
[Architectury Transformer DEBUG] Remapping Classes:
[Architectury Transformer DEBUG] net/fabricmc/api/EnvType -> net/neoforged/api/distmarker/Dist
[Architectury Transformer DEBUG] net/fabricmc/api/Environment -> net/neoforged/api/distmarker/OnlyIn
[Architectury Transformer DEBUG] Found class transformer
[Architectury Transformer DEBUG] Writing com/Morph/logisticspipes/gui/screen/ScreenUpgrade with maxs=true frames=true
[Architectury Transformer DEBUG] Transformed com/Morph/logisticspipes/gui/screen/ScreenUpgrade in 4.487 ms
[Architectury Transformer DEBUG] Transforming from com/Morph/logisticspipes/client/LPPipeRenderer.class to com/Morph/logisticspipes/client/LPPipeRenderer.class with 6 transformer(s) on dev.architectury.transformer.handler.TinyRemapperPreparedTransformerHandler
[Architectury Transformer DEBUG] Remapping with 1 mapping provider(s):
[Architectury Transformer DEBUG]  - dev.architectury.transformer.transformers.TransformNeoForgeEnvironment$$Lambda/0x0000029f5502fb20@7a3793c7
[Architectury Transformer DEBUG] Remapping Classes:
[Architectury Transformer DEBUG] net/fabricmc/api/EnvType -> net/neoforged/api/distmarker/Dist
[Architectury Transformer DEBUG] net/fabricmc/api/Environment -> net/neoforged/api/distmarker/OnlyIn
[Architectury Transformer DEBUG] Found class transformer
[Architectury Transformer DEBUG] Writing com/Morph/logisticspipes/client/LPPipeRenderer with maxs=true frames=true
[Architectury Transformer DEBUG] Transformed com/Morph/logisticspipes/client/LPPipeRenderer in 7.198 ms
[Architectury Transformer DEBUG] Transforming from com/Morph/logisticspipes/client/LPPipeRenderer$RenderState.class to com/Morph/logisticspipes/client/LPPipeRenderer$RenderState.class with 6 transformer(s) on dev.architectury.transformer.handler.TinyRemapperPreparedTransformerHandler
[Architectury Transformer DEBUG] Remapping with 1 mapping provider(s):
[Architectury Transformer DEBUG]  - dev.architectury.transformer.transformers.TransformNeoForgeEnvironment$$Lambda/0x0000029f5502fb20@7a3793c7
[Architectury Transformer DEBUG] Remapping Classes:
[Architectury Transformer DEBUG] net/fabricmc/api/EnvType -> net/neoforged/api/distmarker/Dist
[Architectury Transformer DEBUG] net/fabricmc/api/Environment -> net/neoforged/api/distmarker/OnlyIn
[Architectury Transformer DEBUG] Found class transformer
[Architectury Transformer DEBUG] Writing com/Morph/logisticspipes/client/LPPipeRenderer$RenderState with maxs=true frames=true
[Architectury Transformer DEBUG] Transformed com/Morph/logisticspipes/client/LPPipeRenderer$RenderState in 7.336 ms
[Architectury Transformer DEBUG] Transforming from com/Morph/logisticspipes/security/SecurityLevel.class to com/Morph/logisticspipes/security/SecurityLevel.class with 6 transformer(s) on dev.architectury.transformer.handler.TinyRemapperPreparedTransformerHandler
[Architectury Transformer DEBUG] Remapping with 1 mapping provider(s):
[Architectury Transformer DEBUG]  - dev.architectury.transformer.transformers.TransformNeoForgeEnvironment$$Lambda/0x0000029f5502fb20@7a3793c7
[Architectury Transformer DEBUG] Remapping Classes:
[Architectury Transformer DEBUG] net/fabricmc/api/EnvType -> net/neoforged/api/distmarker/Dist
[Architectury Transformer DEBUG] net/fabricmc/api/Environment -> net/neoforged/api/distmarker/OnlyIn
[Architectury Transformer DEBUG] Found class transformer
[Architectury Transformer DEBUG] Writing com/Morph/logisticspipes/security/SecurityLevel with maxs=true frames=true
[Architectury Transformer DEBUG] Transformed com/Morph/logisticspipes/security/SecurityLevel in 5.207 ms
[Architectury Transformer DEBUG] Transforming from com/Morph/logisticspipes/security/SecurityStationManager.class to com/Morph/logisticspipes/security/SecurityStationManager.class with 6 transformer(s) on dev.architectury.transformer.handler.TinyRemapperPreparedTransformerHandler
[Architectury Transformer DEBUG] Remapping with 1 mapping provider(s):
[Architectury Transformer DEBUG]  - dev.architectury.transformer.transformers.TransformNeoForgeEnvironment$$Lambda/0x0000029f5502fb20@7a3793c7
[Architectury Transformer DEBUG] Remapping Classes:
[Architectury Transformer DEBUG] net/fabricmc/api/EnvType -> net/neoforged/api/distmarker/Dist
[Architectury Transformer DEBUG] net/fabricmc/api/Environment -> net/neoforged/api/distmarker/OnlyIn
[Architectury Transformer DEBUG] Found class transformer
[Architectury Transformer DEBUG] Writing com/Morph/logisticspipes/security/SecurityStationManager with maxs=true frames=true
[Architectury Transformer DEBUG] Transformed com/Morph/logisticspipes/security/SecurityStationManager in 3.657 ms
[Architectury Transformer DEBUG] Transforming from com/Morph/logisticspipes/transport/LPTravelingItem$LPTravelingItemClient.class to com/Morph/logisticspipes/transport/LPTravelingItem$LPTravelingItemClient.class with 6 transformer(s) on dev.architectury.transformer.handler.TinyRemapperPreparedTransformerHandler
[Architectury Transformer DEBUG] Remapping with 1 mapping provider(s):
[Architectury Transformer DEBUG]  - dev.architectury.transformer.transformers.TransformNeoForgeEnvironment$$Lambda/0x0000029f5502fb20@7a3793c7
[Architectury Transformer DEBUG] Remapping Classes:
[Architectury Transformer DEBUG] net/fabricmc/api/EnvType -> net/neoforged/api/distmarker/Dist
[Architectury Transformer DEBUG] net/fabricmc/api/Environment -> net/neoforged/api/distmarker/OnlyIn
[Architectury Transformer DEBUG] Found class transformer
[Architectury Transformer DEBUG] Writing com/Morph/logisticspipes/transport/LPTravelingItem$LPTravelingItemClient with maxs=true frames=true
[Architectury Transformer DEBUG] Transformed com/Morph/logisticspipes/transport/LPTravelingItem$LPTravelingItemClient in 3.001 ms
[Architectury Transformer DEBUG] Transforming from com/Morph/logisticspipes/utils/SyncList.class to com/Morph/logisticspipes/utils/SyncList.class with 6 transformer(s) on dev.architectury.transformer.handler.TinyRemapperPreparedTransformerHandler
[Architectury Transformer DEBUG] Remapping with 1 mapping provider(s):
[Architectury Transformer DEBUG]  - dev.architectury.transformer.transformers.TransformNeoForgeEnvironment$$Lambda/0x0000029f5502fb20@7a3793c7
[Architectury Transformer DEBUG] Remapping Classes:
[Architectury Transformer DEBUG] net/fabricmc/api/EnvType -> net/neoforged/api/distmarker/Dist
[Architectury Transformer DEBUG] net/fabricmc/api/Environment -> net/neoforged/api/distmarker/OnlyIn
[Architectury Transformer DEBUG] Found class transformer
[Architectury Transformer DEBUG] Writing com/Morph/logisticspipes/utils/SyncList with maxs=true frames=true
[Architectury Transformer DEBUG] Transformed com/Morph/logisticspipes/utils/SyncList in 2.740 ms
[Architectury Transformer DEBUG] Transforming from com/Morph/logisticspipes/transport/LPItemList.class to com/Morph/logisticspipes/transport/LPItemList.class with 6 transformer(s) on dev.architectury.transformer.handler.TinyRemapperPreparedTransformerHandler
[Architectury Transformer DEBUG] Remapping with 1 mapping provider(s):
[Architectury Transformer DEBUG]  - dev.architectury.transformer.transformers.TransformNeoForgeEnvironment$$Lambda/0x0000029f5502fb20@7a3793c7
[Architectury Transformer DEBUG] Remapping Classes:
[Architectury Transformer DEBUG] net/fabricmc/api/EnvType -> net/neoforged/api/distmarker/Dist
[Architectury Transformer DEBUG] net/fabricmc/api/Environment -> net/neoforged/api/distmarker/OnlyIn
[Architectury Transformer DEBUG] Found class transformer
[Architectury Transformer DEBUG] Writing com/Morph/logisticspipes/transport/LPItemList with maxs=true frames=true
[Architectury Transformer DEBUG] Transformed com/Morph/logisticspipes/transport/LPItemList in 2.984 ms
[Architectury Transformer DEBUG] Transforming from com/Morph/logisticspipes/power/FreePowerProvider.class to com/Morph/logisticspipes/power/FreePowerProvider.class with 6 transformer(s) on dev.architectury.transformer.handler.TinyRemapperPreparedTransformerHandler
[Architectury Transformer DEBUG] Remapping with 1 mapping provider(s):
[Architectury Transformer DEBUG]  - dev.architectury.transformer.transformers.TransformNeoForgeEnvironment$$Lambda/0x0000029f5502fb20@7a3793c7
[Architectury Transformer DEBUG] Remapping Classes:
[Architectury Transformer DEBUG] net/fabricmc/api/EnvType -> net/neoforged/api/distmarker/Dist
[Architectury Transformer DEBUG] net/fabricmc/api/Environment -> net/neoforged/api/distmarker/OnlyIn
[Architectury Transformer DEBUG] Found class transformer
[Architectury Transformer DEBUG] Writing com/Morph/logisticspipes/power/FreePowerProvider with maxs=true frames=true
[Architectury Transformer DEBUG] Transformed com/Morph/logisticspipes/power/FreePowerProvider in 2.570 ms
[Architectury Transformer DEBUG] Transforming from com/Morph/logisticspipes/pipes/upgrades/UpgradeManager.class to com/Morph/logisticspipes/pipes/upgrades/UpgradeManager.class with 6 transformer(s) on dev.architectury.transformer.handler.TinyRemapperPreparedTransformerHandler
[Architectury Transformer DEBUG] Remapping with 1 mapping provider(s):
[Architectury Transformer DEBUG]  - dev.architectury.transformer.transformers.TransformNeoForgeEnvironment$$Lambda/0x0000029f5502fb20@7a3793c7
[Architectury Transformer DEBUG] Remapping Classes:
[Architectury Transformer DEBUG] net/fabricmc/api/EnvType -> net/neoforged/api/distmarker/Dist
[Architectury Transformer DEBUG] net/fabricmc/api/Environment -> net/neoforged/api/distmarker/OnlyIn
[Architectury Transformer DEBUG] Found class transformer
[Architectury Transformer DEBUG] Writing com/Morph/logisticspipes/pipes/upgrades/UpgradeManager with maxs=true frames=true
[Architectury Transformer DEBUG] Transformed com/Morph/logisticspipes/pipes/upgrades/UpgradeManager in 4.114 ms
[Architectury Transformer DEBUG] Transforming from com/Morph/logisticspipes/utils/item/SimpleStackInventory.class to com/Morph/logisticspipes/utils/item/SimpleStackInventory.class with 6 transformer(s) on dev.architectury.transformer.handler.TinyRemapperPreparedTransformerHandler
[Architectury Transformer DEBUG] Remapping with 1 mapping provider(s):
[Architectury Transformer DEBUG]  - dev.architectury.transformer.transformers.TransformNeoForgeEnvironment$$Lambda/0x0000029f5502fb20@7a3793c7
[Architectury Transformer DEBUG] Remapping Classes:
[Architectury Transformer DEBUG] net/fabricmc/api/EnvType -> net/neoforged/api/distmarker/Dist
[Architectury Transformer DEBUG] net/fabricmc/api/Environment -> net/neoforged/api/distmarker/OnlyIn
[Architectury Transformer DEBUG] Found class transformer
[Architectury Transformer DEBUG] Writing com/Morph/logisticspipes/utils/item/SimpleStackInventory with maxs=true frames=true
[Architectury Transformer DEBUG] Transformed com/Morph/logisticspipes/utils/item/SimpleStackInventory in 3.566 ms
[Architectury Transformer DEBUG] Transforming from com/Morph/logisticspipes/utils/SafeTimeTracker.class to com/Morph/logisticspipes/utils/SafeTimeTracker.class with 6 transformer(s) on dev.architectury.transformer.handler.TinyRemapperPreparedTransformerHandler
[Architectury Transformer DEBUG] Remapping with 1 mapping provider(s):
[Architectury Transformer DEBUG]  - dev.architectury.transformer.transformers.TransformNeoForgeEnvironment$$Lambda/0x0000029f5502fb20@7a3793c7
[Architectury Transformer DEBUG] Remapping Classes:
[Architectury Transformer DEBUG] net/fabricmc/api/EnvType -> net/neoforged/api/distmarker/Dist
[Architectury Transformer DEBUG] net/fabricmc/api/Environment -> net/neoforged/api/distmarker/OnlyIn
[Architectury Transformer DEBUG] Found class transformer
[Architectury Transformer DEBUG] Writing com/Morph/logisticspipes/utils/SafeTimeTracker with maxs=true frames=true
[Architectury Transformer DEBUG] Transformed com/Morph/logisticspipes/utils/SafeTimeTracker in 2.345 ms
[Architectury Transformer DEBUG] Transforming from com/Morph/logisticspipes/routing/order/LogisticsItemOrderManager.class to com/Morph/logisticspipes/routing/order/LogisticsItemOrderManager.class with 6 transformer(s) on dev.architectury.transformer.handler.TinyRemapperPreparedTransformerHandler
[Architectury Transformer DEBUG] Remapping with 1 mapping provider(s):
[Architectury Transformer DEBUG]  - dev.architectury.transformer.transformers.TransformNeoForgeEnvironment$$Lambda/0x0000029f5502fb20@7a3793c7
[Architectury Transformer DEBUG] Remapping Classes:
[Architectury Transformer DEBUG] net/fabricmc/api/EnvType -> net/neoforged/api/distmarker/Dist
[Architectury Transformer DEBUG] net/fabricmc/api/Environment -> net/neoforged/api/distmarker/OnlyIn
[Architectury Transformer DEBUG] Found class transformer
[Architectury Transformer DEBUG] Writing com/Morph/logisticspipes/routing/order/LogisticsItemOrderManager with maxs=true frames=true
[Architectury Transformer DEBUG] Transformed com/Morph/logisticspipes/routing/order/LogisticsItemOrderManager in 2.079 ms
[Architectury Transformer DEBUG] Transforming from com/Morph/logisticspipes/routing/order/LogisticsOrderManager.class to com/Morph/logisticspipes/routing/order/LogisticsOrderManager.class with 6 transformer(s) on dev.architectury.transformer.handler.TinyRemapperPreparedTransformerHandler
[Architectury Transformer DEBUG] Remapping with 1 mapping provider(s):
[Architectury Transformer DEBUG]  - dev.architectury.transformer.transformers.TransformNeoForgeEnvironment$$Lambda/0x0000029f5502fb20@7a3793c7
[Architectury Transformer DEBUG] Remapping Classes:
[Architectury Transformer DEBUG] net/fabricmc/api/EnvType -> net/neoforged/api/distmarker/Dist
[Architectury Transformer DEBUG] net/fabricmc/api/Environment -> net/neoforged/api/distmarker/OnlyIn
[Architectury Transformer DEBUG] Found class transformer
[Architectury Transformer DEBUG] Writing com/Morph/logisticspipes/routing/order/LogisticsOrderManager with maxs=true frames=true
[Architectury Transformer DEBUG] Transformed com/Morph/logisticspipes/routing/order/LogisticsOrderManager in 2.215 ms
[Architectury Transformer DEBUG] Transforming from com/Morph/logisticspipes/routing/order/IDistanceTracker.class to com/Morph/logisticspipes/routing/order/IDistanceTracker.class with 6 transformer(s) on dev.architectury.transformer.handler.TinyRemapperPreparedTransformerHandler
[Architectury Transformer DEBUG] Remapping with 1 mapping provider(s):
[Architectury Transformer DEBUG]  - dev.architectury.transformer.transformers.TransformNeoForgeEnvironment$$Lambda/0x0000029f5502fb20@7a3793c7
[Architectury Transformer DEBUG] Remapping Classes:
[Architectury Transformer DEBUG] net/fabricmc/api/EnvType -> net/neoforged/api/distmarker/Dist
[Architectury Transformer DEBUG] net/fabricmc/api/Environment -> net/neoforged/api/distmarker/OnlyIn
[Architectury Transformer DEBUG] Found class transformer
[Architectury Transformer DEBUG] Writing com/Morph/logisticspipes/routing/order/IDistanceTracker with maxs=true frames=true
[Architectury Transformer DEBUG] Transformed com/Morph/logisticspipes/routing/order/IDistanceTracker in 1.964 ms
[Architectury Transformer DEBUG] Transforming from com/Morph/logisticspipes/routing/order/LogisticsOrderLinkedList$IIdentityProvider.class to com/Morph/logisticspipes/routing/order/LogisticsOrderLinkedList$IIdentityProvider.class with 6 transformer(s) on dev.architectury.transformer.handler.TinyRemapperPreparedTransformerHandler
[Architectury Transformer DEBUG] Remapping with 1 mapping provider(s):
[Architectury Transformer DEBUG]  - dev.architectury.transformer.transformers.TransformNeoForgeEnvironment$$Lambda/0x0000029f5502fb20@7a3793c7
[Architectury Transformer DEBUG] Remapping Classes:
[Architectury Transformer DEBUG] net/fabricmc/api/EnvType -> net/neoforged/api/distmarker/Dist
[Architectury Transformer DEBUG] net/fabricmc/api/Environment -> net/neoforged/api/distmarker/OnlyIn
[Architectury Transformer DEBUG] Found class transformer
[Architectury Transformer DEBUG] Writing com/Morph/logisticspipes/routing/order/LogisticsOrderLinkedList$IIdentityProvider with maxs=true frames=true
[Architectury Transformer DEBUG] Transformed com/Morph/logisticspipes/routing/order/LogisticsOrderLinkedList$IIdentityProvider in 2.155 ms
[Architectury Transformer DEBUG] Transforming from com/Morph/logisticspipes/routing/order/LogisticsItemOrderManager$LogisticsItemOrderExtra.class to com/Morph/logisticspipes/routing/order/LogisticsItemOrderManager$LogisticsItemOrderExtra.class with 6 transformer(s) on dev.architectury.transformer.handler.TinyRemapperPreparedTransformerHandler
[Architectury Transformer DEBUG] Remapping with 1 mapping provider(s):
[Architectury Transformer DEBUG]  - dev.architectury.transformer.transformers.TransformNeoForgeEnvironment$$Lambda/0x0000029f5502fb20@7a3793c7
[Architectury Transformer DEBUG] Remapping Classes:
[Architectury Transformer DEBUG] net/fabricmc/api/EnvType -> net/neoforged/api/distmarker/Dist
[Architectury Transformer DEBUG] net/fabricmc/api/Environment -> net/neoforged/api/distmarker/OnlyIn
[Architectury Transformer DEBUG] Found class transformer
[Architectury Transformer DEBUG] Writing com/Morph/logisticspipes/routing/order/LogisticsItemOrderManager$LogisticsItemOrderExtra with maxs=true frames=true
[Architectury Transformer DEBUG] Transformed com/Morph/logisticspipes/routing/order/LogisticsItemOrderManager$LogisticsItemOrderExtra in 2.769 ms
[Architectury Transformer DEBUG] Transforming from com/Morph/logisticspipes/interfaces/ILPPositionProvider.class to com/Morph/logisticspipes/interfaces/ILPPositionProvider.class with 6 transformer(s) on dev.architectury.transformer.handler.TinyRemapperPreparedTransformerHandler
[Architectury Transformer DEBUG] Remapping with 1 mapping provider(s):
[Architectury Transformer DEBUG]  - dev.architectury.transformer.transformers.TransformNeoForgeEnvironment$$Lambda/0x0000029f5502fb20@7a3793c7
[Architectury Transformer DEBUG] Remapping Classes:
[Architectury Transformer DEBUG] net/fabricmc/api/EnvType -> net/neoforged/api/distmarker/Dist
[Architectury Transformer DEBUG] net/fabricmc/api/Environment -> net/neoforged/api/distmarker/OnlyIn
[Architectury Transformer DEBUG] Found class transformer
[Architectury Transformer DEBUG] Writing com/Morph/logisticspipes/interfaces/ILPPositionProvider with maxs=true frames=true
[Architectury Transformer DEBUG] Transformed com/Morph/logisticspipes/interfaces/ILPPositionProvider in 2.328 ms
[Architectury Transformer DEBUG] Transforming from com/Morph/logisticspipes/routing/order/LogisticsOrderLinkedList.class to com/Morph/logisticspipes/routing/order/LogisticsOrderLinkedList.class with 6 transformer(s) on dev.architectury.transformer.handler.TinyRemapperPreparedTransformerHandler
[Architectury Transformer DEBUG] Remapping with 1 mapping provider(s):
[Architectury Transformer DEBUG]  - dev.architectury.transformer.transformers.TransformNeoForgeEnvironment$$Lambda/0x0000029f5502fb20@7a3793c7
[Architectury Transformer DEBUG] Remapping Classes:
[Architectury Transformer DEBUG] net/fabricmc/api/EnvType -> net/neoforged/api/distmarker/Dist
[Architectury Transformer DEBUG] net/fabricmc/api/Environment -> net/neoforged/api/distmarker/OnlyIn
[Architectury Transformer DEBUG] Found class transformer
[Architectury Transformer DEBUG] Writing com/Morph/logisticspipes/routing/order/LogisticsOrderLinkedList with maxs=true frames=true
[Architectury Transformer DEBUG] Transformed com/Morph/logisticspipes/routing/order/LogisticsOrderLinkedList in 2.529 ms
[Architectury Transformer DEBUG] Transforming from com/Morph/logisticspipes/routing/order/LogisticsItemOrderManager$IC.class to com/Morph/logisticspipes/routing/order/LogisticsItemOrderManager$IC.class with 6 transformer(s) on dev.architectury.transformer.handler.TinyRemapperPreparedTransformerHandler
[Architectury Transformer DEBUG] Remapping with 1 mapping provider(s):
[Architectury Transformer DEBUG]  - dev.architectury.transformer.transformers.TransformNeoForgeEnvironment$$Lambda/0x0000029f5502fb20@7a3793c7
[Architectury Transformer DEBUG] Remapping Classes:
[Architectury Transformer DEBUG] net/fabricmc/api/EnvType -> net/neoforged/api/distmarker/Dist
[Architectury Transformer DEBUG] net/fabricmc/api/Environment -> net/neoforged/api/distmarker/OnlyIn
[Architectury Transformer DEBUG] Found class transformer
[Architectury Transformer DEBUG] Writing com/Morph/logisticspipes/routing/order/LogisticsItemOrderManager$IC with maxs=true frames=true
[Architectury Transformer DEBUG] Transformed com/Morph/logisticspipes/routing/order/LogisticsItemOrderManager$IC in 2.369 ms
[Architectury Transformer DEBUG] Transforming from com/Morph/logisticspipes/routing/ItemRoutingInformation$DelayComparator.class to com/Morph/logisticspipes/routing/ItemRoutingInformation$DelayComparator.class with 6 transformer(s) on dev.architectury.transformer.handler.TinyRemapperPreparedTransformerHandler
[Architectury Transformer DEBUG] Remapping with 1 mapping provider(s):
[Architectury Transformer DEBUG]  - dev.architectury.transformer.transformers.TransformNeoForgeEnvironment$$Lambda/0x0000029f5502fb20@7a3793c7
[Architectury Transformer DEBUG] Remapping Classes:
[Architectury Transformer DEBUG] net/fabricmc/api/EnvType -> net/neoforged/api/distmarker/Dist
[Architectury Transformer DEBUG] net/fabricmc/api/Environment -> net/neoforged/api/distmarker/OnlyIn
[Architectury Transformer DEBUG] Found class transformer
[Architectury Transformer DEBUG] Writing com/Morph/logisticspipes/routing/ItemRoutingInformation$DelayComparator with maxs=true frames=true
[Architectury Transformer DEBUG] Transformed com/Morph/logisticspipes/routing/ItemRoutingInformation$DelayComparator in 2.807 ms
[Architectury Transformer DEBUG] Transforming from com/Morph/logisticspipes/utils/SyncList$SyncIter.class to com/Morph/logisticspipes/utils/SyncList$SyncIter.class with 6 transformer(s) on dev.architectury.transformer.handler.TinyRemapperPreparedTransformerHandler
[Architectury Transformer DEBUG] Remapping with 1 mapping provider(s):
[Architectury Transformer DEBUG]  - dev.architectury.transformer.transformers.TransformNeoForgeEnvironment$$Lambda/0x0000029f5502fb20@7a3793c7
[Architectury Transformer DEBUG] Remapping Classes:
[Architectury Transformer DEBUG] net/fabricmc/api/EnvType -> net/neoforged/api/distmarker/Dist
[Architectury Transformer DEBUG] net/fabricmc/api/Environment -> net/neoforged/api/distmarker/OnlyIn
[Architectury Transformer DEBUG] Found class transformer
[Architectury Transformer DEBUG] Writing com/Morph/logisticspipes/utils/SyncList$SyncIter with maxs=true frames=true
[Architectury Transformer DEBUG] Transformed com/Morph/logisticspipes/utils/SyncList$SyncIter in 7.407 ms
[Architectury Transformer DEBUG] Transforming from com/Morph/logisticspipes/routing/RouterManager.class to com/Morph/logisticspipes/routing/RouterManager.class with 6 transformer(s) on dev.architectury.transformer.handler.TinyRemapperPreparedTransformerHandler
[Architectury Transformer DEBUG] Remapping with 1 mapping provider(s):
[Architectury Transformer DEBUG]  - dev.architectury.transformer.transformers.TransformNeoForgeEnvironment$$Lambda/0x0000029f5502fb20@7a3793c7
[Architectury Transformer DEBUG] Remapping Classes:
[Architectury Transformer DEBUG] net/fabricmc/api/EnvType -> net/neoforged/api/distmarker/Dist
[Architectury Transformer DEBUG] net/fabricmc/api/Environment -> net/neoforged/api/distmarker/OnlyIn
[Architectury Transformer DEBUG] Found class transformer
[Architectury Transformer DEBUG] Writing com/Morph/logisticspipes/routing/RouterManager with maxs=true frames=true
[Architectury Transformer DEBUG] Transformed com/Morph/logisticspipes/routing/RouterManager in 7.038 ms
[Architectury Transformer DEBUG] Transforming from com/Morph/logisticspipes/routing/IRouter.class to com/Morph/logisticspipes/routing/IRouter.class with 6 transformer(s) on dev.architectury.transformer.handler.TinyRemapperPreparedTransformerHandler
[Architectury Transformer DEBUG] Remapping with 1 mapping provider(s):
[Architectury Transformer DEBUG]  - dev.architectury.transformer.transformers.TransformNeoForgeEnvironment$$Lambda/0x0000029f5502fb20@7a3793c7
[Architectury Transformer DEBUG] Remapping Classes:
[Architectury Transformer DEBUG] net/fabricmc/api/EnvType -> net/neoforged/api/distmarker/Dist
[Architectury Transformer DEBUG] net/fabricmc/api/Environment -> net/neoforged/api/distmarker/OnlyIn
[Architectury Transformer DEBUG] Found class transformer
[Architectury Transformer DEBUG] Writing com/Morph/logisticspipes/routing/IRouter with maxs=true frames=true
[Architectury Transformer DEBUG] Transformed com/Morph/logisticspipes/routing/IRouter in 4.682 ms
[Architectury Transformer DEBUG] Transforming from com/Morph/logisticspipes/routing/ServerRouter.class to com/Morph/logisticspipes/routing/ServerRouter.class with 6 transformer(s) on dev.architectury.transformer.handler.TinyRemapperPreparedTransformerHandler
[Architectury Transformer DEBUG] Remapping with 1 mapping provider(s):
[Architectury Transformer DEBUG]  - dev.architectury.transformer.transformers.TransformNeoForgeEnvironment$$Lambda/0x0000029f5502fb20@7a3793c7
[Architectury Transformer DEBUG] Remapping Classes:
[Architectury Transformer DEBUG] net/fabricmc/api/EnvType -> net/neoforged/api/distmarker/Dist
[Architectury Transformer DEBUG] net/fabricmc/api/Environment -> net/neoforged/api/distmarker/OnlyIn
[Architectury Transformer DEBUG] Found class transformer
[Architectury Transformer DEBUG] Writing com/Morph/logisticspipes/routing/ServerRouter with maxs=true frames=true
[Architectury Transformer DEBUG] Transformed com/Morph/logisticspipes/routing/ServerRouter in 6.897 ms
[Architectury Transformer DEBUG] Transforming from com/Morph/logisticspipes/routing/ServerRouter$LSA.class to com/Morph/logisticspipes/routing/ServerRouter$LSA.class with 6 transformer(s) on dev.architectury.transformer.handler.TinyRemapperPreparedTransformerHandler
[Architectury Transformer DEBUG] Remapping with 1 mapping provider(s):
[Architectury Transformer DEBUG]  - dev.architectury.transformer.transformers.TransformNeoForgeEnvironment$$Lambda/0x0000029f5502fb20@7a3793c7
[Architectury Transformer DEBUG] Remapping Classes:
[Architectury Transformer DEBUG] net/fabricmc/api/EnvType -> net/neoforged/api/distmarker/Dist
[Architectury Transformer DEBUG] net/fabricmc/api/Environment -> net/neoforged/api/distmarker/OnlyIn
[Architectury Transformer DEBUG] Found class transformer
[Architectury Transformer DEBUG] Writing com/Morph/logisticspipes/routing/ServerRouter$LSA with maxs=true frames=true
[Architectury Transformer DEBUG] Transformed com/Morph/logisticspipes/routing/ServerRouter$LSA in 4.127 ms
[Architectury Transformer DEBUG] Transforming from com/Morph/logisticspipes/routing/pathfinder/PathFinder.class to com/Morph/logisticspipes/routing/pathfinder/PathFinder.class with 6 transformer(s) on dev.architectury.transformer.handler.TinyRemapperPreparedTransformerHandler
[Architectury Transformer DEBUG] Remapping with 1 mapping provider(s):
[Architectury Transformer DEBUG]  - dev.architectury.transformer.transformers.TransformNeoForgeEnvironment$$Lambda/0x0000029f5502fb20@7a3793c7
[Architectury Transformer DEBUG] Remapping Classes:
[Architectury Transformer DEBUG] net/fabricmc/api/EnvType -> net/neoforged/api/distmarker/Dist
[Architectury Transformer DEBUG] net/fabricmc/api/Environment -> net/neoforged/api/distmarker/OnlyIn
[Architectury Transformer DEBUG] Found class transformer
[Architectury Transformer DEBUG] Writing com/Morph/logisticspipes/routing/pathfinder/PathFinder with maxs=true frames=true
[Architectury Transformer DEBUG] Transformed com/Morph/logisticspipes/routing/pathfinder/PathFinder in 5.943 ms
[Architectury Transformer DEBUG] Transforming from com/Morph/logisticspipes/routing/PipeRoutingConnectionType.class to com/Morph/logisticspipes/routing/PipeRoutingConnectionType.class with 6 transformer(s) on dev.architectury.transformer.handler.TinyRemapperPreparedTransformerHandler
[Architectury Transformer DEBUG] Remapping with 1 mapping provider(s):
[Architectury Transformer DEBUG]  - dev.architectury.transformer.transformers.TransformNeoForgeEnvironment$$Lambda/0x0000029f5502fb20@7a3793c7
[Architectury Transformer DEBUG] Remapping Classes:
[Architectury Transformer DEBUG] net/fabricmc/api/EnvType -> net/neoforged/api/distmarker/Dist
[Architectury Transformer DEBUG] net/fabricmc/api/Environment -> net/neoforged/api/distmarker/OnlyIn
[Architectury Transformer DEBUG] Found class transformer
[Architectury Transformer DEBUG] Writing com/Morph/logisticspipes/routing/PipeRoutingConnectionType with maxs=true frames=true
[Architectury Transformer DEBUG] Transformed com/Morph/logisticspipes/routing/PipeRoutingConnectionType in 4.383 ms
[Architectury Transformer DEBUG] Transforming from com/Morph/logisticspipes/config/LPConfig.class to com/Morph/logisticspipes/config/LPConfig.class with 6 transformer(s) on dev.architectury.transformer.handler.TinyRemapperPreparedTransformerHandler
[Architectury Transformer DEBUG] Remapping with 1 mapping provider(s):
[Architectury Transformer DEBUG]  - dev.architectury.transformer.transformers.TransformNeoForgeEnvironment$$Lambda/0x0000029f5502fb20@7a3793c7
[Architectury Transformer DEBUG] Remapping Classes:
[Architectury Transformer DEBUG] net/fabricmc/api/EnvType -> net/neoforged/api/distmarker/Dist
[Architectury Transformer DEBUG] net/fabricmc/api/Environment -> net/neoforged/api/distmarker/OnlyIn
[Architectury Transformer DEBUG] Found class transformer
[Architectury Transformer DEBUG] Writing com/Morph/logisticspipes/config/LPConfig with maxs=true frames=true
[Architectury Transformer DEBUG] Transformed com/Morph/logisticspipes/config/LPConfig in 4.788 ms
[Architectury Transformer DEBUG] Transforming from com/Morph/logisticspipes/routing/ExitRoute.class to com/Morph/logisticspipes/routing/ExitRoute.class with 6 transformer(s) on dev.architectury.transformer.handler.TinyRemapperPreparedTransformerHandler
[Architectury Transformer DEBUG] Remapping with 1 mapping provider(s):
[Architectury Transformer DEBUG]  - dev.architectury.transformer.transformers.TransformNeoForgeEnvironment$$Lambda/0x0000029f5502fb20@7a3793c7
[Architectury Transformer DEBUG] Remapping Classes:
[Architectury Transformer DEBUG] net/fabricmc/api/EnvType -> net/neoforged/api/distmarker/Dist
[Architectury Transformer DEBUG] net/fabricmc/api/Environment -> net/neoforged/api/distmarker/OnlyIn
[Architectury Transformer DEBUG] Found class transformer
[Architectury Transformer DEBUG] Writing com/Morph/logisticspipes/routing/ExitRoute with maxs=true frames=true
[Architectury Transformer DEBUG] Transformed com/Morph/logisticspipes/routing/ExitRoute in 7.160 ms
[Architectury Transformer DEBUG] Transforming from com/Morph/logisticspipes/utils/tuples/Quartet.class to com/Morph/logisticspipes/utils/tuples/Quartet.class with 6 transformer(s) on dev.architectury.transformer.handler.TinyRemapperPreparedTransformerHandler
[Architectury Transformer DEBUG] Remapping with 1 mapping provider(s):
[Architectury Transformer DEBUG]  - dev.architectury.transformer.transformers.TransformNeoForgeEnvironment$$Lambda/0x0000029f5502fb20@7a3793c7
[Architectury Transformer DEBUG] Remapping Classes:
[Architectury Transformer DEBUG] net/fabricmc/api/EnvType -> net/neoforged/api/distmarker/Dist
[Architectury Transformer DEBUG] net/fabricmc/api/Environment -> net/neoforged/api/distmarker/OnlyIn
[Architectury Transformer DEBUG] Found class transformer
[Architectury Transformer DEBUG] Writing com/Morph/logisticspipes/utils/tuples/Quartet with maxs=true frames=true
[Architectury Transformer DEBUG] Transformed com/Morph/logisticspipes/utils/tuples/Quartet in 4.533 ms
[Architectury Transformer DEBUG] Transforming from com/Morph/logisticspipes/utils/tuples/Triplet.class to com/Morph/logisticspipes/utils/tuples/Triplet.class with 6 transformer(s) on dev.architectury.transformer.handler.TinyRemapperPreparedTransformerHandler
[Architectury Transformer DEBUG] Remapping with 1 mapping provider(s):
[Architectury Transformer DEBUG]  - dev.architectury.transformer.transformers.TransformNeoForgeEnvironment$$Lambda/0x0000029f5502fb20@7a3793c7
[Architectury Transformer DEBUG] Remapping Classes:
[Architectury Transformer DEBUG] net/fabricmc/api/EnvType -> net/neoforged/api/distmarker/Dist
[Architectury Transformer DEBUG] net/fabricmc/api/Environment -> net/neoforged/api/distmarker/OnlyIn
[Architectury Transformer DEBUG] Found class transformer
[Architectury Transformer DEBUG] Writing com/Morph/logisticspipes/utils/tuples/Triplet with maxs=true frames=true
[Architectury Transformer DEBUG] Transformed com/Morph/logisticspipes/utils/tuples/Triplet in 4.089 ms
[Architectury Transformer DEBUG] Transforming from com/Morph/logisticspipes/utils/tuples/Pair.class to com/Morph/logisticspipes/utils/tuples/Pair.class with 6 transformer(s) on dev.architectury.transformer.handler.TinyRemapperPreparedTransformerHandler
[Architectury Transformer DEBUG] Remapping with 1 mapping provider(s):
[Architectury Transformer DEBUG]  - dev.architectury.transformer.transformers.TransformNeoForgeEnvironment$$Lambda/0x0000029f5502fb20@7a3793c7
[Architectury Transformer DEBUG] Remapping Classes:
[Architectury Transformer DEBUG] net/fabricmc/api/EnvType -> net/neoforged/api/distmarker/Dist
[Architectury Transformer DEBUG] net/fabricmc/api/Environment -> net/neoforged/api/distmarker/OnlyIn
[Architectury Transformer DEBUG] Found class transformer
[Architectury Transformer DEBUG] Writing com/Morph/logisticspipes/utils/tuples/Pair with maxs=true frames=true
[Architectury Transformer DEBUG] Transformed com/Morph/logisticspipes/utils/tuples/Pair in 3.301 ms
[Architectury Transformer DEBUG] Transforming from com/Morph/logisticspipes/ticks/LPTickHandler$LPWorldInfo.class to com/Morph/logisticspipes/ticks/LPTickHandler$LPWorldInfo.class with 6 transformer(s) on dev.architectury.transformer.handler.TinyRemapperPreparedTransformerHandler
[Architectury Transformer DEBUG] Remapping with 1 mapping provider(s):
[Architectury Transformer DEBUG]  - dev.architectury.transformer.transformers.TransformNeoForgeEnvironment$$Lambda/0x0000029f5502fb20@7a3793c7
[Architectury Transformer DEBUG] Remapping Classes:
[Architectury Transformer DEBUG] net/fabricmc/api/EnvType -> net/neoforged/api/distmarker/Dist
[Architectury Transformer DEBUG] net/fabricmc/api/Environment -> net/neoforged/api/distmarker/OnlyIn
[Architectury Transformer DEBUG] Found class transformer
[Architectury Transformer DEBUG] Writing com/Morph/logisticspipes/ticks/LPTickHandler$LPWorldInfo with maxs=true frames=true
[Architectury Transformer DEBUG] Transformed com/Morph/logisticspipes/ticks/LPTickHandler$LPWorldInfo in 4.302 ms
[Architectury Transformer DEBUG] Transforming from com/Morph/logisticspipes/ticks/QueuedTasks.class to com/Morph/logisticspipes/ticks/QueuedTasks.class with 6 transformer(s) on dev.architectury.transformer.handler.TinyRemapperPreparedTransformerHandler
[Architectury Transformer DEBUG] Remapping with 1 mapping provider(s):
[Architectury Transformer DEBUG]  - dev.architectury.transformer.transformers.TransformNeoForgeEnvironment$$Lambda/0x0000029f5502fb20@7a3793c7
[Architectury Transformer DEBUG] Remapping Classes:
[Architectury Transformer DEBUG] net/fabricmc/api/EnvType -> net/neoforged/api/distmarker/Dist
[Architectury Transformer DEBUG] net/fabricmc/api/Environment -> net/neoforged/api/distmarker/OnlyIn
[Architectury Transformer DEBUG] Found class transformer
[Architectury Transformer DEBUG] Writing com/Morph/logisticspipes/ticks/QueuedTasks with maxs=true frames=true
[Architectury Transformer DEBUG] Transformed com/Morph/logisticspipes/ticks/QueuedTasks in 4.615 ms
[Architectury Transformer DEBUG] Transforming from com/Morph/logisticspipes/client/LPOverlayRenderer.class to com/Morph/logisticspipes/client/LPOverlayRenderer.class with 6 transformer(s) on dev.architectury.transformer.handler.TinyRemapperPreparedTransformerHandler
[Architectury Transformer DEBUG] Remapping with 1 mapping provider(s):
[Architectury Transformer DEBUG]  - dev.architectury.transformer.transformers.TransformNeoForgeEnvironment$$Lambda/0x0000029f5502fb20@7a3793c7
[Architectury Transformer DEBUG] Remapping Classes:
[Architectury Transformer DEBUG] net/fabricmc/api/EnvType -> net/neoforged/api/distmarker/Dist
[Architectury Transformer DEBUG] net/fabricmc/api/Environment -> net/neoforged/api/distmarker/OnlyIn
[Architectury Transformer DEBUG] Found class transformer
[Architectury Transformer DEBUG] Writing com/Morph/logisticspipes/client/LPOverlayRenderer with maxs=true frames=true
[Architectury Transformer DEBUG] Transformed com/Morph/logisticspipes/client/LPOverlayRenderer in 6.402 ms
