[Architectury Transformer DEBUG] 
[Architectury Transformer DEBUG] ============================
[Architectury Transformer DEBUG] Transforming from F:\Minecraft modding\Projects\Fabric-Neoforge\Logistic Pipes 2\common\build\devlibs\morph-common-1.0.0-dev.jar to F:\Minecraft modding\Projects\Fabric-Neoforge\Logistic Pipes 2\common\build\libs\morph-common-1.0.0-transformProductionNeoForge.jar
[Architectury Transformer DEBUG] ============================
[Architectury Transformer DEBUG] 
[Architectury Transformer DEBUG] Transforming 5 transformer(s) from F:\Minecraft modding\Projects\Fabric-Neoforge\Logistic Pipes 2\common\build\devlibs\morph-common-1.0.0-dev.jar to F:\Minecraft modding\Projects\Fabric-Neoforge\Logistic Pipes 2\common\build\libs\morph-common-1.0.0-transformProductionNeoForge.jar: 
[Architectury Transformer DEBUG]  - dev.architectury.transformer.transformers.TransformExpectPlatform@2d5ddb2f
[Architectury Transformer DEBUG]  - dev.architectury.transformer.transformers.RemapInjectables@7c8405db
[Architectury Transformer DEBUG]  - dev.architectury.transformer.transformers.TransformPlatformOnly@3d75a5b3
[Architectury Transformer DEBUG]  - dev.architectury.transformer.transformers.TransformNeoForgeAnnotations@27ee4f49
[Architectury Transformer DEBUG]  - dev.architectury.transformer.transformers.TransformNeoForgeEnvironment@64a96c38
[Architectury Transformer DEBUG] Transforming from F:\Minecraft modding\Projects\Fabric-Neoforge\Logistic Pipes 2\common\build\devlibs\morph-common-1.0.0-dev.jar to F:\Minecraft modding\Projects\Fabric-Neoforge\Logistic Pipes 2\common\build\libs\morph-common-1.0.0-transformProductionNeoForge.jar with 5 transformer(s) on dev.architectury.transformer.handler.SimpleTransformerHandler
[Architectury Transformer DEBUG] Remapping with 1 mapping provider(s):
[Architectury Transformer DEBUG]  - dev.architectury.transformer.transformers.TransformNeoForgeEnvironment$$Lambda/0x00000232245bb840@19c2fe3d
[Architectury Transformer DEBUG] Provided 67 classpath jar(s):
[Architectury Transformer DEBUG]  - C:\Users\VoiceLessQ\.gradle\caches\modules-2\files-2.1\dev.architectury\architectury-injectables\1.0.10\62db2a366d662606d1b23ad02ccc3212ed37ec3\architectury-injectables-1.0.10.jar
[Architectury Transformer DEBUG]  - C:\Users\VoiceLessQ\.gradle\caches\modules-2\files-2.1\net.fabricmc\fabric-loader\0.18.6\b823a25197a42c7f32bb904f187cd05730e8873c\fabric-loader-0.18.6.jar
[Architectury Transformer DEBUG]  - C:\Users\VoiceLessQ\.gradle\caches\modules-2\files-2.1\org.jetbrains\annotations\26.0.2\c7ce3cdeda3d18909368dfe5977332dfad326c6d\annotations-26.0.2.jar
[Architectury Transformer DEBUG]  - C:\Users\VoiceLessQ\.gradle\caches\modules-2\files-2.1\com.google.code.findbugs\jsr305\3.0.2\25ea2e8b0c338a877313bd4672d3fe056ea78f0d\jsr305-3.0.2.jar
[Architectury Transformer DEBUG]  - C:\Users\VoiceLessQ\.gradle\caches\modules-2\files-2.1\org.ow2.asm\asm\9.9\c29635c8a7afa03d74b33c1884df8abb2b3f3dcc\asm-9.9.jar
[Architectury Transformer DEBUG]  - C:\Users\VoiceLessQ\.gradle\caches\modules-2\files-2.1\org.ow2.asm\asm-analysis\9.9\bf4fa6e66638851c1cd22c2caea0c3ee5d5f437\asm-analysis-9.9.jar
[Architectury Transformer DEBUG]  - C:\Users\VoiceLessQ\.gradle\caches\modules-2\files-2.1\org.ow2.asm\asm-commons\9.9\db9165a3bf908ded6b08612d583a15d1d0c7bda0\asm-commons-9.9.jar
[Architectury Transformer DEBUG]  - C:\Users\VoiceLessQ\.gradle\caches\modules-2\files-2.1\org.ow2.asm\asm-tree\9.9\f8de6eead6d24dd0f45bd065bbe112b2cda6ea21\asm-tree-9.9.jar
[Architectury Transformer DEBUG]  - C:\Users\VoiceLessQ\.gradle\caches\modules-2\files-2.1\org.ow2.asm\asm-util\9.9\42fdfc0508b43807c8078d6e82ecff2ce2112ae8\asm-util-9.9.jar
[Architectury Transformer DEBUG]  - C:\Users\VoiceLessQ\.gradle\caches\modules-2\files-2.1\net.fabricmc\sponge-mixin\0.17.0+mixin.0.8.7\cf31463202f72d03b0ef1e1e38e8ee71b7faaab6\sponge-mixin-0.17.0+mixin.0.8.7.jar
[Architectury Transformer DEBUG]  - C:\Users\VoiceLessQ\.gradle\caches\modules-2\files-2.1\io.github.llamalad7\mixinextras-fabric\0.5.0\91a83dfb7abd320f6236bd1fcf5c0ff143d59a13\mixinextras-fabric-0.5.0.jar
[Architectury Transformer DEBUG]  - C:\Users\VoiceLessQ\.gradle\caches\modules-2\files-2.1\at.yawk.lz4\lz4-java\1.8.1\1f30a180ee04ccd53339a716aec13cae60a013b5\lz4-java-1.8.1.jar
[Architectury Transformer DEBUG]  - C:\Users\VoiceLessQ\.gradle\caches\modules-2\files-2.1\com.azure\azure-json\1.4.0\fcc1d354dbc3e0300e5276b1bf124d0247799cd8\azure-json-1.4.0.jar
[Architectury Transformer DEBUG]  - C:\Users\VoiceLessQ\.gradle\caches\modules-2\files-2.1\com.github.oshi\oshi-core\6.9.0\3224870731860cfcd7744581a05b559e94291e7\oshi-core-6.9.0.jar
[Architectury Transformer DEBUG]  - C:\Users\VoiceLessQ\.gradle\caches\modules-2\files-2.1\com.google.code.gson\gson\2.13.2\48b8230771e573b54ce6e867a9001e75977fe78e\gson-2.13.2.jar
[Architectury Transformer DEBUG]  - C:\Users\VoiceLessQ\.gradle\caches\modules-2\files-2.1\com.google.guava\failureaccess\1.0.3\aeaffd00d57023a2c947393ed251f0354f0985fc\failureaccess-1.0.3.jar
[Architectury Transformer DEBUG]  - C:\Users\VoiceLessQ\.gradle\caches\modules-2\files-2.1\com.google.guava\guava\33.5.0-jre\8699de25f2f979108d6c1b804a7ba38cda1116bc\guava-33.5.0-jre.jar
[Architectury Transformer DEBUG]  - C:\Users\VoiceLessQ\.gradle\caches\modules-2\files-2.1\com.ibm.icu\icu4j\77.1\38693cf0b1d7362a8b726af74dc06026a7c23809\icu4j-77.1.jar
[Architectury Transformer DEBUG]  - C:\Users\VoiceLessQ\.gradle\caches\modules-2\files-2.1\com.microsoft.azure\msal4j\1.23.1\6c722b514873b24a4e1ce9c22dca36ea3c22bdbe\msal4j-1.23.1.jar
[Architectury Transformer DEBUG]  - C:\Users\VoiceLessQ\.gradle\caches\modules-2\files-2.1\com.mojang\authlib\7.0.61\efee1e6b54e863108576eb3b3ae71144626aaefc\authlib-7.0.61.jar
[Architectury Transformer DEBUG]  - C:\Users\VoiceLessQ\.gradle\caches\modules-2\files-2.1\com.mojang\blocklist\1.0.10\5c685c5ffa94c4cd39496c7184c1d122e515ecef\blocklist-1.0.10.jar
[Architectury Transformer DEBUG]  - C:\Users\VoiceLessQ\.gradle\caches\modules-2\files-2.1\com.mojang\brigadier\1.3.10\d15b53a14cf20fdcaa98f731af5dda654452c010\brigadier-1.3.10.jar
[Architectury Transformer DEBUG]  - C:\Users\VoiceLessQ\.gradle\caches\modules-2\files-2.1\com.mojang\datafixerupper\9.0.19\4e91f9712fa1e83231d1501625381b0210a977da\datafixerupper-9.0.19.jar
[Architectury Transformer DEBUG]  - C:\Users\VoiceLessQ\.gradle\caches\modules-2\files-2.1\com.mojang\jtracy\1.0.37\a3fb649b2e2b2288d2978f0b0bc3d83f62809d1e\jtracy-1.0.37.jar
[Architectury Transformer DEBUG]  - C:\Users\VoiceLessQ\.gradle\caches\modules-2\files-2.1\com.mojang\logging\1.6.11\fd147240733010c158249d986323f9ef98977fe\logging-1.6.11.jar
[Architectury Transformer DEBUG]  - C:\Users\VoiceLessQ\.gradle\caches\modules-2\files-2.1\com.mojang\patchy\2.2.10\da05971b07cbb379d002cf7eaec6a2048211fefc\patchy-2.2.10.jar
[Architectury Transformer DEBUG]  - C:\Users\VoiceLessQ\.gradle\caches\modules-2\files-2.1\com.mojang\text2speech\1.18.11\e853a12cdd6ba4f4836e8f4bf3b37844a13482b6\text2speech-1.18.11.jar
[Architectury Transformer DEBUG]  - C:\Users\VoiceLessQ\.gradle\caches\modules-2\files-2.1\commons-codec\commons-codec\1.19.0\8c0dbe3ae883fceda9b50a6c76e745e548073388\commons-codec-1.19.0.jar
[Architectury Transformer DEBUG]  - C:\Users\VoiceLessQ\.gradle\caches\modules-2\files-2.1\commons-io\commons-io\2.20.0\36f3474daec2849c149e877614e7f979b2082cd2\commons-io-2.20.0.jar
[Architectury Transformer DEBUG]  - C:\Users\VoiceLessQ\.gradle\caches\modules-2\files-2.1\io.netty\netty-buffer\4.2.7.Final\5555ff561643bf2f8430fb57c24403c0efe15994\netty-buffer-4.2.7.Final.jar
[Architectury Transformer DEBUG]  - C:\Users\VoiceLessQ\.gradle\caches\modules-2\files-2.1\io.netty\netty-codec-base\4.2.7.Final\915e381ebabcf115f1c7ff7032d55c48afb50210\netty-codec-base-4.2.7.Final.jar
[Architectury Transformer DEBUG]  - C:\Users\VoiceLessQ\.gradle\caches\modules-2\files-2.1\io.netty\netty-codec-compression\4.2.7.Final\572341bc1ca90fd9d6e47f1d2694aab5258566e9\netty-codec-compression-4.2.7.Final.jar
[Architectury Transformer DEBUG]  - C:\Users\VoiceLessQ\.gradle\caches\modules-2\files-2.1\io.netty\netty-codec-http\4.2.7.Final\b734c108854099c421fd94d92d9f865e4d4da853\netty-codec-http-4.2.7.Final.jar
[Architectury Transformer DEBUG]  - C:\Users\VoiceLessQ\.gradle\caches\modules-2\files-2.1\io.netty\netty-common\4.2.7.Final\11aa30df26af4fca3239ac1917f303a280f301e1\netty-common-4.2.7.Final.jar
[Architectury Transformer DEBUG]  - C:\Users\VoiceLessQ\.gradle\caches\modules-2\files-2.1\io.netty\netty-handler\4.2.7.Final\7ad8a1f851e2e6fe93cdd091871fda2b81c03b5b\netty-handler-4.2.7.Final.jar
[Architectury Transformer DEBUG]  - C:\Users\VoiceLessQ\.gradle\caches\modules-2\files-2.1\io.netty\netty-resolver\4.2.7.Final\5f3e5ef8de03992cd4fb46960dc0085ec1a12a12\netty-resolver-4.2.7.Final.jar
[Architectury Transformer DEBUG]  - C:\Users\VoiceLessQ\.gradle\caches\modules-2\files-2.1\io.netty\netty-transport-classes-epoll\4.2.7.Final\1075c09f48a78eef9d819fbfd9096b903fdd362a\netty-transport-classes-epoll-4.2.7.Final.jar
[Architectury Transformer DEBUG]  - C:\Users\VoiceLessQ\.gradle\caches\modules-2\files-2.1\io.netty\netty-transport-classes-kqueue\4.2.7.Final\bdec7c23c75caabd848426d073c09568e8d5f94e\netty-transport-classes-kqueue-4.2.7.Final.jar
[Architectury Transformer DEBUG]  - C:\Users\VoiceLessQ\.gradle\caches\modules-2\files-2.1\io.netty\netty-transport-native-unix-common\4.2.7.Final\89953f04259ea7502cffb313630dd51e00e60669\netty-transport-native-unix-common-4.2.7.Final.jar
[Architectury Transformer DEBUG]  - C:\Users\VoiceLessQ\.gradle\caches\modules-2\files-2.1\io.netty\netty-transport\4.2.7.Final\83ea548981d0d8c4a98027cc1a6f9624f902e142\netty-transport-4.2.7.Final.jar
[Architectury Transformer DEBUG]  - C:\Users\VoiceLessQ\.gradle\caches\modules-2\files-2.1\it.unimi.dsi\fastutil\8.5.18\a6cff377eecc19c2037bf31568a6d7106b50ba1f\fastutil-8.5.18.jar
[Architectury Transformer DEBUG]  - C:\Users\VoiceLessQ\.gradle\caches\modules-2\files-2.1\net.java.dev.jna\jna-platform\5.17.0\a4934c44d25a9d8c2ddf4203affd20330cb3426f\jna-platform-5.17.0.jar
[Architectury Transformer DEBUG]  - C:\Users\VoiceLessQ\.gradle\caches\modules-2\files-2.1\net.java.dev.jna\jna\5.17.0\33d12735bef894440780fce64f9758d420c7bae2\jna-5.17.0.jar
[Architectury Transformer DEBUG]  - C:\Users\VoiceLessQ\.gradle\caches\modules-2\files-2.1\net.sf.jopt-simple\jopt-simple\5.0.4\4fdac2fbe92dfad86aa6e9301736f6b4342a3f5c\jopt-simple-5.0.4.jar
[Architectury Transformer DEBUG]  - C:\Users\VoiceLessQ\.gradle\caches\modules-2\files-2.1\org.apache.commons\commons-compress\1.28.0\e482f2c7a88dac3c497e96aa420b6a769f59c8d7\commons-compress-1.28.0.jar
[Architectury Transformer DEBUG]  - C:\Users\VoiceLessQ\.gradle\caches\modules-2\files-2.1\org.apache.commons\commons-lang3\3.19.0\d6524b169a6574cd253760c472d419b47bfd37e6\commons-lang3-3.19.0.jar
[Architectury Transformer DEBUG]  - C:\Users\VoiceLessQ\.gradle\caches\modules-2\files-2.1\org.apache.logging.log4j\log4j-api\2.25.2\292c1a2b1702f1e1e3adb13e1c57e5bff60335ff\log4j-api-2.25.2.jar
[Architectury Transformer DEBUG]  - C:\Users\VoiceLessQ\.gradle\caches\modules-2\files-2.1\org.apache.logging.log4j\log4j-core\2.25.2\d4d0ad2e51e03e531f784891fbfff1bae1e13a12\log4j-core-2.25.2.jar
[Architectury Transformer DEBUG]  - C:\Users\VoiceLessQ\.gradle\caches\modules-2\files-2.1\org.apache.logging.log4j\log4j-slf4j2-impl\2.25.2\5eec0c392661dee8a366baec17e8896900dd978f\log4j-slf4j2-impl-2.25.2.jar
[Architectury Transformer DEBUG]  - C:\Users\VoiceLessQ\.gradle\caches\modules-2\files-2.1\org.jcraft\jorbis\0.0.17\8872d22b293e8f5d7d56ff92be966e6dc28ebdc6\jorbis-0.0.17.jar
[Architectury Transformer DEBUG]  - C:\Users\VoiceLessQ\.gradle\caches\modules-2\files-2.1\org.joml\joml\1.10.8\fc0a71dad90a2cf41d82a76156a0e700af8e4f8d\joml-1.10.8.jar
[Architectury Transformer DEBUG]  - C:\Users\VoiceLessQ\.gradle\caches\modules-2\files-2.1\org.jspecify\jspecify\1.0.0\7425a601c1c7ec76645a78d22b8c6a627edee507\jspecify-1.0.0.jar
[Architectury Transformer DEBUG]  - C:\Users\VoiceLessQ\.gradle\caches\modules-2\files-2.1\org.lwjgl\lwjgl-freetype\3.3.3\a0db6c84a8becc8ca05f9dbfa985edc348a824c7\lwjgl-freetype-3.3.3.jar
[Architectury Transformer DEBUG]  - C:\Users\VoiceLessQ\.gradle\caches\modules-2\files-2.1\org.lwjgl\lwjgl-glfw\3.3.3\efa1eb78c5ccd840e9f329717109b5e892d72f8e\lwjgl-glfw-3.3.3.jar
[Architectury Transformer DEBUG]  - C:\Users\VoiceLessQ\.gradle\caches\modules-2\files-2.1\org.lwjgl\lwjgl-jemalloc\3.3.3\b543467b7ff3c6920539a88ee602d34098628be5\lwjgl-jemalloc-3.3.3.jar
[Architectury Transformer DEBUG]  - C:\Users\VoiceLessQ\.gradle\caches\modules-2\files-2.1\org.lwjgl\lwjgl-openal\3.3.3\daada81ceb5fc0c291fbfdd4433cb8d9423577f2\lwjgl-openal-3.3.3.jar
[Architectury Transformer DEBUG]  - C:\Users\VoiceLessQ\.gradle\caches\modules-2\files-2.1\org.lwjgl\lwjgl-opengl\3.3.3\2f6b0147078396a58979125a4c947664e98293a\lwjgl-opengl-3.3.3.jar
[Architectury Transformer DEBUG]  - C:\Users\VoiceLessQ\.gradle\caches\modules-2\files-2.1\org.lwjgl\lwjgl-stb\3.3.3\25dd6161988d7e65f71d5065c99902402ee32746\lwjgl-stb-3.3.3.jar
[Architectury Transformer DEBUG]  - C:\Users\VoiceLessQ\.gradle\caches\modules-2\files-2.1\org.lwjgl\lwjgl-tinyfd\3.3.3\82d755ca94b102e9ca77283b9e2dc46d1b15fbe5\lwjgl-tinyfd-3.3.3.jar
[Architectury Transformer DEBUG]  - C:\Users\VoiceLessQ\.gradle\caches\modules-2\files-2.1\org.lwjgl\lwjgl\3.3.3\29589b5f87ed335a6c7e7ee6a5775f81f97ecb84\lwjgl-3.3.3.jar
[Architectury Transformer DEBUG]  - C:\Users\VoiceLessQ\.gradle\caches\modules-2\files-2.1\org.slf4j\slf4j-api\2.0.17\d9e58ac9c7779ba3bf8142aff6c830617a7fe60f\slf4j-api-2.0.17.jar
[Architectury Transformer DEBUG]  - F:\Minecraft modding\Projects\Fabric-Neoforge\Logistic Pipes 2\.gradle\loom-cache\minecraftMaven\net\minecraft\minecraft-merged-c69b0de466\1.21.11-loom.mappings.1_21_11.layered+hash.40359-v2\minecraft-merged-c69b0de466-1.21.11-loom.mappings.1_21_11.layered+hash.40359-v2.jar
[Architectury Transformer DEBUG]  - C:\Users\VoiceLessQ\.gradle\caches\modules-2\files-2.1\io.netty\netty-transport-native-epoll\4.2.7.Final\e83998bfc10b5289d9bcbe807c4079ef0eed8e6f\netty-transport-native-epoll-4.2.7.Final-linux-x86_64.jar
[Architectury Transformer DEBUG]  - C:\Users\VoiceLessQ\.gradle\caches\modules-2\files-2.1\io.netty\netty-transport-native-epoll\4.2.7.Final\98d02251c98c8f07a23ac5ea27657d9e0ef57614\netty-transport-native-epoll-4.2.7.Final-linux-aarch_64.jar
[Architectury Transformer DEBUG]  - C:\Users\VoiceLessQ\.gradle\caches\modules-2\files-2.1\io.netty\netty-transport-native-kqueue\4.2.7.Final\40868fd4e43bce2798245f790624b58803dc26b6\netty-transport-native-kqueue-4.2.7.Final-osx-x86_64.jar
[Architectury Transformer DEBUG]  - C:\Users\VoiceLessQ\.gradle\caches\modules-2\files-2.1\io.netty\netty-transport-native-kqueue\4.2.7.Final\e5a0feef41410c8a5ae00c6cb4e0c99bd0aded6a\netty-transport-native-kqueue-4.2.7.Final-osx-aarch_64.jar
[Architectury Transformer DEBUG]  - F:\Minecraft modding\Projects\Fabric-Neoforge\Logistic Pipes 2\.gradle\loom-cache\remapped_mods\remapped\dev\architectury\architectury-6a6b1e70\19.0.1\architectury-6a6b1e70-19.0.1.jar
[Architectury Transformer] Read classpath in 1.208 s
[Architectury Transformer DEBUG] Remapping Classes:
[Architectury Transformer DEBUG] net/fabricmc/api/EnvType -> net/neoforged/api/distmarker/Dist
[Architectury Transformer DEBUG] net/fabricmc/api/Environment -> net/neoforged/api/distmarker/OnlyIn
[Architectury Transformer DEBUG] Found class transformer
[Architectury Transformer DEBUG] Writing com/Morph/ExampleMod with maxs=true frames=true
[Architectury Transformer DEBUG] Writing com/Morph/logisticspipes/LPItems with maxs=true frames=true
[Architectury Transformer DEBUG] Writing com/Morph/logisticspipes/LPMenuTypes with maxs=true frames=true
[Architectury Transformer DEBUG] Writing com/Morph/logisticspipes/LPClientSetup with maxs=true frames=true
[Architectury Transformer DEBUG] Writing com/Morph/logisticspipes/LPBlocks with maxs=true frames=true
[Architectury Transformer DEBUG] Writing com/Morph/logisticspipes/LPConstants with maxs=true frames=true
[Architectury Transformer DEBUG] Writing com/Morph/logisticspipes/LPCreativeTab with maxs=true frames=true
[Architectury Transformer DEBUG] Writing com/Morph/logisticspipes/world/DoubleCoordinates with maxs=true frames=true
[Architectury Transformer DEBUG] Writing com/Morph/logisticspipes/utils/PlayerIdentifier with maxs=true frames=true
[Architectury Transformer DEBUG] Writing com/Morph/logisticspipes/utils/CacheHolder with maxs=true frames=true
[Architectury Transformer DEBUG] Writing com/Morph/logisticspipes/utils/OneList with maxs=true frames=true
[Architectury Transformer DEBUG] Writing com/Morph/logisticspipes/utils/OneList$1 with maxs=true frames=true
[Architectury Transformer DEBUG] Writing com/Morph/logisticspipes/utils/SafeTimeTracker with maxs=true frames=true
[Architectury Transformer DEBUG] Writing com/Morph/logisticspipes/utils/FinalPair with maxs=true frames=true
[Architectury Transformer DEBUG] Writing com/Morph/logisticspipes/utils/CacheHolder$ICacheHolder with maxs=true frames=true
[Architectury Transformer DEBUG] Writing com/Morph/logisticspipes/utils/SyncList$SyncIter with maxs=true frames=true
[Architectury Transformer DEBUG] Writing com/Morph/logisticspipes/utils/IHavePriority with maxs=true frames=true
[Architectury Transformer DEBUG] Writing com/Morph/logisticspipes/utils/LPPositionSet with maxs=true frames=true
[Architectury Transformer DEBUG] Writing com/Morph/logisticspipes/utils/Color with maxs=true frames=true
[Architectury Transformer DEBUG] Writing com/Morph/logisticspipes/utils/FluidIdentifier with maxs=true frames=true
[Architectury Transformer DEBUG] Writing com/Morph/logisticspipes/utils/SinkReply$BufferMode with maxs=true frames=true
[Architectury Transformer DEBUG] Writing com/Morph/logisticspipes/utils/SinkReply$FixedPriority with maxs=true frames=true
[Architectury Transformer DEBUG] Writing com/Morph/logisticspipes/utils/RoutedItemHelper with maxs=true frames=true
[Architectury Transformer DEBUG] Writing com/Morph/logisticspipes/utils/IPositionRotateble with maxs=true frames=true
[Architectury Transformer DEBUG] Writing com/Morph/logisticspipes/utils/SyncList with maxs=true frames=true
[Architectury Transformer DEBUG] Writing com/Morph/logisticspipes/utils/EqualWeakReference with maxs=true frames=true
[Architectury Transformer DEBUG] Writing com/Morph/logisticspipes/utils/TileBuffer with maxs=true frames=true
[Architectury Transformer DEBUG] Writing com/Morph/logisticspipes/utils/ChainAddArrayList with maxs=true frames=true
[Architectury Transformer DEBUG] Writing com/Morph/logisticspipes/utils/InventoryHelper with maxs=true frames=true
[Architectury Transformer DEBUG] Writing com/Morph/logisticspipes/utils/PlayerCollectionList$Itr with maxs=true frames=true
[Architectury Transformer DEBUG] Writing com/Morph/logisticspipes/utils/SinkReply with maxs=true frames=true
[Architectury Transformer DEBUG] Writing com/Morph/logisticspipes/utils/FluidIdentifierStack with maxs=true frames=true
[Architectury Transformer DEBUG] Writing com/Morph/logisticspipes/utils/OrientationsUtil with maxs=true frames=true
[Architectury Transformer DEBUG] Writing com/Morph/logisticspipes/utils/PlayerCollectionList with maxs=true frames=true
[Architectury Transformer DEBUG] Writing com/Morph/logisticspipes/utils/InventoryUtil with maxs=true frames=true
[Architectury Transformer DEBUG] Writing com/Morph/logisticspipes/utils/FinalCompoundTag with maxs=true frames=true
[Architectury Transformer DEBUG] Writing com/Morph/logisticspipes/utils/DirectionUtil with maxs=true frames=true
[Architectury Transformer DEBUG] Writing com/Morph/logisticspipes/utils/CacheHolder$CacheTypes with maxs=true frames=true
[Architectury Transformer DEBUG] Writing com/Morph/logisticspipes/utils/SyncList$SyncListIter with maxs=true frames=true
[Architectury Transformer DEBUG] Writing com/Morph/logisticspipes/utils/ISimpleInventoryEventHandler with maxs=true frames=true
[Architectury Transformer DEBUG] Writing com/Morph/logisticspipes/utils/tuples/Quartet with maxs=true frames=true
[Architectury Transformer DEBUG] Writing com/Morph/logisticspipes/utils/tuples/Triplet with maxs=true frames=true
[Architectury Transformer DEBUG] Writing com/Morph/logisticspipes/utils/tuples/Pair with maxs=true frames=true
[Architectury Transformer DEBUG] Writing com/Morph/logisticspipes/utils/item/SimpleStackInventory with maxs=true frames=true
[Architectury Transformer DEBUG] Writing com/Morph/logisticspipes/utils/item/ItemIdentifier with maxs=true frames=true
[Architectury Transformer DEBUG] Writing com/Morph/logisticspipes/utils/item/ItemIdentifier$ItemKey with maxs=true frames=true
[Architectury Transformer DEBUG] Writing com/Morph/logisticspipes/utils/item/ItemIdentifierStack with maxs=true frames=true
[Architectury Transformer DEBUG] Writing com/Morph/logisticspipes/utils/item/ItemIdentifier$IDReference with maxs=true frames=true
[Architectury Transformer DEBUG] Writing com/Morph/logisticspipes/util/BlockEntityTypeHelper with maxs=true frames=true
[Architectury Transformer DEBUG] Writing com/Morph/logisticspipes/transport/PipeTransportLogistics with maxs=true frames=true
[Architectury Transformer DEBUG] Writing com/Morph/logisticspipes/transport/LPTravelingItem$LPTravelingItemServer with maxs=true frames=true
[Architectury Transformer DEBUG] Writing com/Morph/logisticspipes/transport/PipeTransportLogistics$RoutingResult with maxs=true frames=true
[Architectury Transformer DEBUG] Writing com/Morph/logisticspipes/transport/IRouteLayer with maxs=true frames=true
[Architectury Transformer DEBUG] Writing com/Morph/logisticspipes/transport/LPItemList with maxs=true frames=true
[Architectury Transformer DEBUG] Writing com/Morph/logisticspipes/transport/ITransportLayer with maxs=true frames=true
[Architectury Transformer DEBUG] Writing com/Morph/logisticspipes/transport/PipeTransportLogistics$1 with maxs=true frames=true
[Architectury Transformer DEBUG] Writing com/Morph/logisticspipes/transport/LPTravelingItem$LPTravelingItemClient with maxs=true frames=true
[Architectury Transformer DEBUG] Writing com/Morph/logisticspipes/transport/LPTravelingItem$1 with maxs=true frames=true
[Architectury Transformer DEBUG] Writing com/Morph/logisticspipes/transport/LPTravelingItem with maxs=true frames=true
[Architectury Transformer DEBUG] Writing com/Morph/logisticspipes/ticks/RoutingTableUpdateThread with maxs=true frames=true
[Architectury Transformer DEBUG] Writing com/Morph/logisticspipes/ticks/LPTickHandler$LPWorldInfo with maxs=true frames=true
[Architectury Transformer DEBUG] Writing com/Morph/logisticspipes/ticks/QueuedTasks with maxs=true frames=true
[Architectury Transformer DEBUG] Writing com/Morph/logisticspipes/ticks/LPTickHandler with maxs=true frames=true
[Architectury Transformer DEBUG] Writing com/Morph/logisticspipes/security/SecurityStationManager with maxs=true frames=true
[Architectury Transformer DEBUG] Writing com/Morph/logisticspipes/security/SecurityStationBlockEntity with maxs=true frames=true
[Architectury Transformer DEBUG] Writing com/Morph/logisticspipes/security/SecurityStationBlock with maxs=true frames=true
[Architectury Transformer DEBUG] Writing com/Morph/logisticspipes/security/SecurityStationBlock$1 with maxs=true frames=true
[Architectury Transformer DEBUG] Writing com/Morph/logisticspipes/security/SecurityLevel with maxs=true frames=true
[Architectury Transformer DEBUG] Writing com/Morph/logisticspipes/security/ISecurityProvider with maxs=true frames=true
[Architectury Transformer DEBUG] Writing com/Morph/logisticspipes/routing/ServerRouter with maxs=true frames=true
[Architectury Transformer DEBUG] Writing com/Morph/logisticspipes/routing/ClientRouter with maxs=true frames=true
[Architectury Transformer DEBUG] Writing com/Morph/logisticspipes/routing/LogisticsExtraPromise with maxs=true frames=true
[Architectury Transformer DEBUG] Writing com/Morph/logisticspipes/routing/RouterCost with maxs=true frames=true
[Architectury Transformer DEBUG] Writing com/Morph/logisticspipes/routing/IRouterQueuedTask$CoreRoutedPipeRef with maxs=true frames=true
[Architectury Transformer DEBUG] Writing com/Morph/logisticspipes/routing/FluidLogisticsPromise with maxs=true frames=true
[Architectury Transformer DEBUG] Writing com/Morph/logisticspipes/routing/IRouter with maxs=true frames=true
[Architectury Transformer DEBUG] Writing com/Morph/logisticspipes/routing/IRouterQueuedTask with maxs=true frames=true
[Architectury Transformer DEBUG] Writing com/Morph/logisticspipes/routing/ExitRoute with maxs=true frames=true
[Architectury Transformer DEBUG] Writing com/Morph/logisticspipes/routing/ServerRouter$LSA with maxs=true frames=true
[Architectury Transformer DEBUG] Writing com/Morph/logisticspipes/routing/ItemRoutingInformation with maxs=true frames=true
[Architectury Transformer DEBUG] Writing com/Morph/logisticspipes/routing/LogisticsPromise with maxs=true frames=true
[Architectury Transformer DEBUG] Writing com/Morph/logisticspipes/routing/RouterManager with maxs=true frames=true
[Architectury Transformer DEBUG] Writing com/Morph/logisticspipes/routing/ItemRoutingInformation$DelayComparator with maxs=true frames=true
[Architectury Transformer DEBUG] Writing com/Morph/logisticspipes/routing/PipeRoutingConnectionType with maxs=true frames=true
[Architectury Transformer DEBUG] Writing com/Morph/logisticspipes/routing/pathfinder/IPipeInformationProvider with maxs=true frames=true
[Architectury Transformer DEBUG] Writing com/Morph/logisticspipes/routing/pathfinder/PathFinder with maxs=true frames=true
[Architectury Transformer DEBUG] Writing com/Morph/logisticspipes/routing/order/LogisticsItemOrderManager with maxs=true frames=true
[Architectury Transformer DEBUG] Writing com/Morph/logisticspipes/routing/order/LogisticsFluidOrder with maxs=true frames=true
[Architectury Transformer DEBUG] Writing com/Morph/logisticspipes/routing/order/LogisticsItemOrderManager$LogisticsItemOrderExtra with maxs=true frames=true
[Architectury Transformer DEBUG] Writing com/Morph/logisticspipes/routing/order/LogisticsOrderLinkedList with maxs=true frames=true
[Architectury Transformer DEBUG] Writing com/Morph/logisticspipes/routing/order/LogisticsOrder with maxs=true frames=true
[Architectury Transformer DEBUG] Writing com/Morph/logisticspipes/routing/order/ClientSideOrderInfo with maxs=true frames=true
[Architectury Transformer DEBUG] Writing com/Morph/logisticspipes/routing/order/LogisticsOrderLinkedList$IIdentityProvider with maxs=true frames=true
[Architectury Transformer DEBUG] Writing com/Morph/logisticspipes/routing/order/DistanceTracker with maxs=true frames=true
[Architectury Transformer DEBUG] Writing com/Morph/logisticspipes/routing/order/IDistanceTracker with maxs=true frames=true
[Architectury Transformer DEBUG] Writing com/Morph/logisticspipes/routing/order/LogisticsItemOrderManager$IC with maxs=true frames=true
[Architectury Transformer DEBUG] Writing com/Morph/logisticspipes/routing/order/LinkedLogisticsOrderList with maxs=true frames=true
[Architectury Transformer DEBUG] Writing com/Morph/logisticspipes/routing/order/LogisticsFluidOrderManager$IC with maxs=true frames=true
[Architectury Transformer DEBUG] Writing com/Morph/logisticspipes/routing/order/IOrderInfoProvider with maxs=true frames=true
[Architectury Transformer DEBUG] Writing com/Morph/logisticspipes/routing/order/LogisticsOrderManager with maxs=true frames=true
[Architectury Transformer DEBUG] Writing com/Morph/logisticspipes/routing/order/IOrderInfoProvider$ResourceType with maxs=true frames=true
[Architectury Transformer DEBUG] Writing com/Morph/logisticspipes/routing/order/LogisticsFluidOrderManager with maxs=true frames=true
[Architectury Transformer DEBUG] Writing com/Morph/logisticspipes/routing/order/LogisticsItemOrder with maxs=true frames=true
[Architectury Transformer DEBUG] Writing com/Morph/logisticspipes/routing/order/LogisticsOrder$ResourceType with maxs=true frames=true
[Architectury Transformer DEBUG] Writing com/Morph/logisticspipes/request/RequestTreeNode with maxs=true frames=true
[Architectury Transformer DEBUG] Writing com/Morph/logisticspipes/request/RequestTreeNode$CraftingSorterNode with maxs=true frames=true
[Architectury Transformer DEBUG] Writing com/Morph/logisticspipes/request/RequestTree$ActiveRequestType with maxs=true frames=true
[Architectury Transformer DEBUG] Writing com/Morph/logisticspipes/request/IExtraPromise with maxs=true frames=true
[Architectury Transformer DEBUG] Writing com/Morph/logisticspipes/request/ItemCraftingTemplate with maxs=true frames=true
[Architectury Transformer DEBUG] Writing com/Morph/logisticspipes/request/RequestTree with maxs=true frames=true
[Architectury Transformer DEBUG] Writing com/Morph/logisticspipes/request/IPromise with maxs=true frames=true
[Architectury Transformer DEBUG] Writing com/Morph/logisticspipes/request/RequestHandler$DisplayOptions with maxs=true frames=true
[Architectury Transformer DEBUG] Writing com/Morph/logisticspipes/request/RequestHandler$3 with maxs=true frames=true
[Architectury Transformer DEBUG] Writing com/Morph/logisticspipes/request/RequestHandler$1 with maxs=true frames=true
[Architectury Transformer DEBUG] Writing com/Morph/logisticspipes/request/RequestHandler$2 with maxs=true frames=true
[Architectury Transformer DEBUG] Writing com/Morph/logisticspipes/request/RequestHandler$4 with maxs=true frames=true
[Architectury Transformer DEBUG] Writing com/Morph/logisticspipes/request/RequestHandler with maxs=true frames=true
[Architectury Transformer DEBUG] Writing com/Morph/logisticspipes/request/RequestTree$WorkWeightedSorter with maxs=true frames=true
[Architectury Transformer DEBUG] Writing com/Morph/logisticspipes/request/IReqCraftingTemplate with maxs=true frames=true
[Architectury Transformer DEBUG] Writing com/Morph/logisticspipes/request/ICraftingTemplate with maxs=true frames=true
[Architectury Transformer DEBUG] Writing com/Morph/logisticspipes/request/RequestLog with maxs=true frames=true
[Architectury Transformer DEBUG] Writing com/Morph/logisticspipes/request/resources/DictResource with maxs=true frames=true
[Architectury Transformer DEBUG] Writing com/Morph/logisticspipes/request/resources/FluidResource with maxs=true frames=true
[Architectury Transformer DEBUG] Writing com/Morph/logisticspipes/request/resources/IResource with maxs=true frames=true
[Architectury Transformer DEBUG] Writing com/Morph/logisticspipes/request/resources/ItemResource with maxs=true frames=true
[Architectury Transformer DEBUG] Writing com/Morph/logisticspipes/request/resources/DictResource$FuzzyFlag with maxs=true frames=true
[Architectury Transformer DEBUG] Writing com/Morph/logisticspipes/request/resources/IResource$MatchSettings with maxs=true frames=true
[Architectury Transformer DEBUG] Writing com/Morph/logisticspipes/request/resources/ItemResource$1 with maxs=true frames=true
[Architectury Transformer DEBUG] Writing com/Morph/logisticspipes/proxy/computers/interfaces/ILPCCTypeHolder with maxs=true frames=true
[Architectury Transformer DEBUG] Writing com/Morph/logisticspipes/power/FreePowerProvider with maxs=true frames=true
[Architectury Transformer DEBUG] Writing com/Morph/logisticspipes/power/IPowerProvider with maxs=true frames=true
[Architectury Transformer DEBUG] Writing com/Morph/logisticspipes/platform/IPlatformHelper with maxs=true frames=true
[Architectury Transformer DEBUG] Writing com/Morph/logisticspipes/platform/PlatformHelper with maxs=true frames=true
[Architectury Transformer DEBUG] Writing com/Morph/logisticspipes/pipes/PipeItemsRequestLogistics with maxs=true frames=true
[Architectury Transformer DEBUG] Writing com/Morph/logisticspipes/pipes/PipeBlockRequestTable$PipeTransportRequestTable with maxs=true frames=true
[Architectury Transformer DEBUG] Writing com/Morph/logisticspipes/pipes/PipeItemsRemoteOrdererLogistics$1 with maxs=true frames=true
[Architectury Transformer DEBUG] Writing com/Morph/logisticspipes/pipes/PipeItemsBasicLogistics with maxs=true frames=true
[Architectury Transformer DEBUG] Writing com/Morph/logisticspipes/pipes/PipeFluidSatellite with maxs=true frames=true
[Architectury Transformer DEBUG] Writing com/Morph/logisticspipes/pipes/PipeFluidSupplierMk2 with maxs=true frames=true
[Architectury Transformer DEBUG] Writing com/Morph/logisticspipes/pipes/PipeItemsSupplierLogistics with maxs=true frames=true
[Architectury Transformer DEBUG] Writing com/Morph/logisticspipes/pipes/PipeFluidSupplier with maxs=true frames=true
[Architectury Transformer DEBUG] Writing com/Morph/logisticspipes/pipes/PipeItemsRemoteOrdererLogistics with maxs=true frames=true
[Architectury Transformer DEBUG] Writing com/Morph/logisticspipes/pipes/PipeItemsCraftingLogistics$1 with maxs=true frames=true
[Architectury Transformer DEBUG] Writing com/Morph/logisticspipes/pipes/PipeFluidInsertion with maxs=true frames=true
[Architectury Transformer DEBUG] Writing com/Morph/logisticspipes/pipes/PipeFluidBasic with maxs=true frames=true
[Architectury Transformer DEBUG] Writing com/Morph/logisticspipes/pipes/PipeLogisticsChassis$ChassiTargetInformation with maxs=true frames=true
[Architectury Transformer DEBUG] Writing com/Morph/logisticspipes/pipes/PipeFluidSupplierMk2$1 with maxs=true frames=true
[Architectury Transformer DEBUG] Writing com/Morph/logisticspipes/pipes/PipeItemsRequestLogisticsMk2 with maxs=true frames=true
[Architectury Transformer DEBUG] Writing com/Morph/logisticspipes/pipes/PipeItemsCraftingLogisticsMk2 with maxs=true frames=true
[Architectury Transformer DEBUG] Writing com/Morph/logisticspipes/pipes/PipeItemsCraftingLogisticsMk3 with maxs=true frames=true
[Architectury Transformer DEBUG] Writing com/Morph/logisticspipes/pipes/PipeItemsRequestLogisticsMk3 with maxs=true frames=true
[Architectury Transformer DEBUG] Writing com/Morph/logisticspipes/pipes/PipeFluidRequestLogistics with maxs=true frames=true
[Architectury Transformer DEBUG] Writing com/Morph/logisticspipes/pipes/PipeFluidProvider with maxs=true frames=true
[Architectury Transformer DEBUG] Writing com/Morph/logisticspipes/pipes/PipeItemsSupplierLogistics$1 with maxs=true frames=true
[Architectury Transformer DEBUG] Writing com/Morph/logisticspipes/pipes/PipeItemsBasicTransport with maxs=true frames=true
[Architectury Transformer DEBUG] Writing com/Morph/logisticspipes/pipes/PipeFluidRequestLogistics$1 with maxs=true frames=true
[Architectury Transformer DEBUG] Writing com/Morph/logisticspipes/pipes/PipeLogisticsChassis$2 with maxs=true frames=true
[Architectury Transformer DEBUG] Writing com/Morph/logisticspipes/pipes/PipeLogisticsChassis$1 with maxs=true frames=true
[Architectury Transformer DEBUG] Writing com/Morph/logisticspipes/pipes/PipeBlockRequestTable with maxs=true frames=true
[Architectury Transformer DEBUG] Writing com/Morph/logisticspipes/pipes/PipeItemsCraftingLogisticsMk2$1 with maxs=true frames=true
[Architectury Transformer DEBUG] Writing com/Morph/logisticspipes/pipes/PipeItemsCraftingLogisticsMk3$1 with maxs=true frames=true
[Architectury Transformer DEBUG] Writing com/Morph/logisticspipes/pipes/PipeFluidCrafting with maxs=true frames=true
[Architectury Transformer DEBUG] Writing com/Morph/logisticspipes/pipes/PipeItemsRequestLogisticsMk3$2 with maxs=true frames=true
[Architectury Transformer DEBUG] Writing com/Morph/logisticspipes/pipes/PipeItemsCraftingLogistics with maxs=true frames=true
[Architectury Transformer DEBUG] Writing com/Morph/logisticspipes/pipes/PipeItemsRequestLogisticsMk3$1 with maxs=true frames=true
[Architectury Transformer DEBUG] Writing com/Morph/logisticspipes/pipes/PipeItemsRequestLogistics$2 with maxs=true frames=true
[Architectury Transformer DEBUG] Writing com/Morph/logisticspipes/pipes/PipeItemsRequestLogistics$1 with maxs=true frames=true
[Architectury Transformer DEBUG] Writing com/Morph/logisticspipes/pipes/PipeItemsBasicLogistics$1 with maxs=true frames=true
[Architectury Transformer DEBUG] Writing com/Morph/logisticspipes/pipes/PipeItemsRequestLogisticsMk2$2 with maxs=true frames=true
[Architectury Transformer DEBUG] Writing com/Morph/logisticspipes/pipes/PipeItemsRequestLogisticsMk2$1 with maxs=true frames=true
[Architectury Transformer DEBUG] Writing com/Morph/logisticspipes/pipes/PipeFluidSatellite$1 with maxs=true frames=true
[Architectury Transformer DEBUG] Writing com/Morph/logisticspipes/pipes/PipeLogisticsChassis with maxs=true frames=true
[Architectury Transformer DEBUG] Writing com/Morph/logisticspipes/pipes/PipeItemsQuickSortLogistics with maxs=true frames=true
[Architectury Transformer DEBUG] Writing com/Morph/logisticspipes/pipes/PipeItemsFluidSupplier$1 with maxs=true frames=true
[Architectury Transformer DEBUG] Writing com/Morph/logisticspipes/pipes/PipeItemsSatelliteLogistics with maxs=true frames=true
[Architectury Transformer DEBUG] Writing com/Morph/logisticspipes/pipes/PipeItemsProviderLogistics with maxs=true frames=true
[Architectury Transformer DEBUG] Writing com/Morph/logisticspipes/pipes/PipeItemsFluidSupplier$2 with maxs=true frames=true
[Architectury Transformer DEBUG] Writing com/Morph/logisticspipes/pipes/PipeItemsSystemDestinationLogistics with maxs=true frames=true
[Architectury Transformer DEBUG] Writing com/Morph/logisticspipes/pipes/PipeItemsChassisMk1 with maxs=true frames=true
[Architectury Transformer DEBUG] Writing com/Morph/logisticspipes/pipes/PipeItemsChassisMk4 with maxs=true frames=true
[Architectury Transformer DEBUG] Writing com/Morph/logisticspipes/pipes/PipeItemsFluidSupplier with maxs=true frames=true
[Architectury Transformer DEBUG] Writing com/Morph/logisticspipes/pipes/PipeItemsChassisMk5 with maxs=true frames=true
[Architectury Transformer DEBUG] Writing com/Morph/logisticspipes/pipes/PipeItemsChassisMk2 with maxs=true frames=true
[Architectury Transformer DEBUG] Writing com/Morph/logisticspipes/pipes/PipeItemsChassisMk3 with maxs=true frames=true
[Architectury Transformer DEBUG] Writing com/Morph/logisticspipes/pipes/PipeItemsFirewall$1 with maxs=true frames=true
[Architectury Transformer DEBUG] Writing com/Morph/logisticspipes/pipes/PipeItemsFirewall$2 with maxs=true frames=true
[Architectury Transformer DEBUG] Writing com/Morph/logisticspipes/pipes/PipeItemsFirewall with maxs=true frames=true
[Architectury Transformer DEBUG] Writing com/Morph/logisticspipes/pipes/PipeFluidExtractor with maxs=true frames=true
[Architectury Transformer DEBUG] Writing com/Morph/logisticspipes/pipes/PipeFluidProvider$PendingDelivery with maxs=true frames=true
[Architectury Transformer DEBUG] Writing com/Morph/logisticspipes/pipes/PipeItemsSatelliteLogistics$1 with maxs=true frames=true
[Architectury Transformer DEBUG] Writing com/Morph/logisticspipes/pipes/PipeItemsSystemEntranceLogistics with maxs=true frames=true
[Architectury Transformer DEBUG] Writing com/Morph/logisticspipes/pipes/PipeBlockRequestTable$1 with maxs=true frames=true
[Architectury Transformer DEBUG] Writing com/Morph/logisticspipes/pipes/PipeItemsProviderLogistics$1 with maxs=true frames=true
[Architectury Transformer DEBUG] Writing com/Morph/logisticspipes/pipes/upgrades/UpgradeModuleUpgrade with maxs=true frames=true
[Architectury Transformer DEBUG] Writing com/Morph/logisticspipes/pipes/upgrades/CombinedSneakyUpgrade with maxs=true frames=true
[Architectury Transformer DEBUG] Writing com/Morph/logisticspipes/pipes/upgrades/ConnectionUpgradeConfig$Sides with maxs=true frames=true
[Architectury Transformer DEBUG] Writing com/Morph/logisticspipes/pipes/upgrades/PowerTransportationUpgrade with maxs=true frames=true
[Architectury Transformer DEBUG] Writing com/Morph/logisticspipes/pipes/upgrades/IConfigPipeUpgrade with maxs=true frames=true
[Architectury Transformer DEBUG] Writing com/Morph/logisticspipes/pipes/upgrades/SpeedUpgrade with maxs=true frames=true
[Architectury Transformer DEBUG] Writing com/Morph/logisticspipes/pipes/upgrades/AdvancedSatelliteUpgrade with maxs=true frames=true
[Architectury Transformer DEBUG] Writing com/Morph/logisticspipes/pipes/upgrades/SneakyUpgradeConfig with maxs=true frames=true
[Architectury Transformer DEBUG] Writing com/Morph/logisticspipes/pipes/upgrades/UpgradeManager$1 with maxs=true frames=true
[Architectury Transformer DEBUG] Writing com/Morph/logisticspipes/pipes/upgrades/ConnectionUpgradeConfig with maxs=true frames=true
[Architectury Transformer DEBUG] Writing com/Morph/logisticspipes/pipes/upgrades/ActionSpeedUpgrade with maxs=true frames=true
[Architectury Transformer DEBUG] Writing com/Morph/logisticspipes/pipes/upgrades/UpgradeManager with maxs=true frames=true
[Architectury Transformer DEBUG] Writing com/Morph/logisticspipes/pipes/upgrades/SneakyUpgradeConfig$Sides with maxs=true frames=true
[Architectury Transformer DEBUG] Writing com/Morph/logisticspipes/pipes/upgrades/ModuleUpgradeManager with maxs=true frames=true
[Architectury Transformer DEBUG] Writing com/Morph/logisticspipes/pipes/upgrades/LogicControllerUpgrade with maxs=true frames=true
[Architectury Transformer DEBUG] Writing com/Morph/logisticspipes/pipes/upgrades/FuzzyUpgrade with maxs=true frames=true
[Architectury Transformer DEBUG] Writing com/Morph/logisticspipes/pipes/upgrades/CraftingCleanupUpgrade with maxs=true frames=true
[Architectury Transformer DEBUG] Writing com/Morph/logisticspipes/pipes/upgrades/CraftingByproductUpgrade with maxs=true frames=true
[Architectury Transformer DEBUG] Writing com/Morph/logisticspipes/pipes/upgrades/CraftingMonitoringUpgrade with maxs=true frames=true
[Architectury Transformer DEBUG] Writing com/Morph/logisticspipes/pipes/upgrades/ItemExtractionUpgrade with maxs=true frames=true
[Architectury Transformer DEBUG] Writing com/Morph/logisticspipes/pipes/upgrades/FluidCraftingUpgrade with maxs=true frames=true
[Architectury Transformer DEBUG] Writing com/Morph/logisticspipes/pipes/upgrades/ItemStackExtractionUpgrade with maxs=true frames=true
[Architectury Transformer DEBUG] Writing com/Morph/logisticspipes/pipes/upgrades/PatternUpgrade with maxs=true frames=true
[Architectury Transformer DEBUG] Writing com/Morph/logisticspipes/pipes/upgrades/OpaqueUpgrade with maxs=true frames=true
[Architectury Transformer DEBUG] Writing com/Morph/logisticspipes/pipes/upgrades/IPipeUpgrade with maxs=true frames=true
[Architectury Transformer DEBUG] Writing com/Morph/logisticspipes/pipes/basic/CoreRoutedPipe with maxs=true frames=true
[Architectury Transformer DEBUG] Writing com/Morph/logisticspipes/pipes/basic/CoreUnroutedPipe with maxs=true frames=true
[Architectury Transformer DEBUG] Writing com/Morph/logisticspipes/pipes/basic/LogisticsPipeBlock with maxs=true frames=true
[Architectury Transformer DEBUG] Writing com/Morph/logisticspipes/pipes/basic/CoreRoutedPipe$1 with maxs=true frames=true
[Architectury Transformer DEBUG] Writing com/Morph/logisticspipes/pipes/basic/LogisticsPipeBlockEntity with maxs=true frames=true
[Architectury Transformer DEBUG] Writing com/Morph/logisticspipes/pipes/basic/CoreRoutedPipe$ItemSendMode with maxs=true frames=true
[Architectury Transformer DEBUG] Writing com/Morph/logisticspipes/pipefxhandlers/Particles with maxs=true frames=true
[Architectury Transformer DEBUG] Writing com/Morph/logisticspipes/network/LPNetworking with maxs=true frames=true
[Architectury Transformer DEBUG] Writing com/Morph/logisticspipes/network/PacketItemSinkImportC2S with maxs=true frames=true
[Architectury Transformer DEBUG] Writing com/Morph/logisticspipes/network/PacketChassisSlotsS2C with maxs=true frames=true
[Architectury Transformer DEBUG] Writing com/Morph/logisticspipes/network/PacketSecurityFriendC2S with maxs=true frames=true
[Architectury Transformer DEBUG] Writing com/Morph/logisticspipes/network/PacketNetworkItemsS2C with maxs=true frames=true
[Architectury Transformer DEBUG] Writing com/Morph/logisticspipes/network/PacketMissingItemsS2C with maxs=true frames=true
[Architectury Transformer DEBUG] Writing com/Morph/logisticspipes/network/PacketItemBufferSyncS2C with maxs=true frames=true
[Architectury Transformer DEBUG] Writing com/Morph/logisticspipes/network/LPNetworking$10 with maxs=true frames=true
[Architectury Transformer DEBUG] Writing com/Morph/logisticspipes/network/PacketModulePropertiesC2S with maxs=true frames=true
[Architectury Transformer DEBUG] Writing com/Morph/logisticspipes/network/PacketComponentListS2C with maxs=true frames=true
[Architectury Transformer DEBUG] Writing com/Morph/logisticspipes/network/PacketPipeManagerContentS2C with maxs=true frames=true
[Architectury Transformer DEBUG] Writing com/Morph/logisticspipes/network/PacketPipeStateS2C with maxs=true frames=true
[Architectury Transformer DEBUG] Writing com/Morph/logisticspipes/network/PacketSupplierModeC2S with maxs=true frames=true
[Architectury Transformer DEBUG] Writing com/Morph/logisticspipes/network/PacketSecurityStationS2C with maxs=true frames=true
[Architectury Transformer DEBUG] Writing com/Morph/logisticspipes/network/PacketOrdererContentS2C with maxs=true frames=true
[Architectury Transformer DEBUG] Writing com/Morph/logisticspipes/network/PacketFirewallFlagsC2S with maxs=true frames=true
[Architectury Transformer DEBUG] Writing com/Morph/logisticspipes/network/PacketPipeStatS2C with maxs=true frames=true
[Architectury Transformer DEBUG] Writing com/Morph/logisticspipes/network/PacketSubmitRequestC2S with maxs=true frames=true
[Architectury Transformer DEBUG] Writing com/Morph/logisticspipes/network/PacketSatelliteNamesS2C with maxs=true frames=true
[Architectury Transformer DEBUG] Writing com/Morph/logisticspipes/network/PacketFluidNetworkS2C with maxs=true frames=true
[Architectury Transformer DEBUG] Writing com/Morph/logisticspipes/network/PacketSecurityLevelC2S with maxs=true frames=true
[Architectury Transformer DEBUG] Writing com/Morph/logisticspipes/network/PacketCraftingPipeUpdateS2C with maxs=true frames=true
[Architectury Transformer DEBUG] Writing com/Morph/logisticspipes/network/PacketPipePositionS2C with maxs=true frames=true
[Architectury Transformer DEBUG] Writing com/Morph/logisticspipes/network/PacketPipeSyncS2C with maxs=true frames=true
[Architectury Transformer DEBUG] Writing com/Morph/logisticspipes/network/PacketRequestStatC2S with maxs=true frames=true
[Architectury Transformer DEBUG] Writing com/Morph/logisticspipes/network/LPNetworking$4 with maxs=true frames=true
[Architectury Transformer DEBUG] Writing com/Morph/logisticspipes/network/LPNetworking$5 with maxs=true frames=true
[Architectury Transformer DEBUG] Writing com/Morph/logisticspipes/network/LPNetworking$3 with maxs=true frames=true
[Architectury Transformer DEBUG] Writing com/Morph/logisticspipes/network/LPNetworking$9 with maxs=true frames=true
[Architectury Transformer DEBUG] Writing com/Morph/logisticspipes/network/LPNetworking$2 with maxs=true frames=true
[Architectury Transformer DEBUG] Writing com/Morph/logisticspipes/network/LPNetworking$7 with maxs=true frames=true
[Architectury Transformer DEBUG] Writing com/Morph/logisticspipes/network/LPNetworking$6 with maxs=true frames=true
[Architectury Transformer DEBUG] Writing com/Morph/logisticspipes/network/LPNetworking$8 with maxs=true frames=true
[Architectury Transformer DEBUG] Writing com/Morph/logisticspipes/network/LPNetworking$1 with maxs=true frames=true
[Architectury Transformer DEBUG] Writing com/Morph/logisticspipes/network/PacketRequestItemC2S with maxs=true frames=true
[Architectury Transformer DEBUG] Writing com/Morph/logisticspipes/network/PacketSatelliteSetNameC2S with maxs=true frames=true
[Architectury Transformer DEBUG] Writing com/Morph/logisticspipes/network/PacketRequestTableC2S with maxs=true frames=true
[Architectury Transformer DEBUG] Writing com/Morph/logisticspipes/network/PacketSneakySideC2S with maxs=true frames=true
[Architectury Transformer DEBUG] Writing com/Morph/logisticspipes/network/PacketModuleInvS2C with maxs=true frames=true
[Architectury Transformer DEBUG] Writing com/Morph/logisticspipes/network/PacketOpenGuiC2S with maxs=true frames=true
[Architectury Transformer DEBUG] Writing com/Morph/logisticspipes/network/PacketConnectionSidesC2S with maxs=true frames=true
[Architectury Transformer DEBUG] Writing com/Morph/logisticspipes/network/PacketRequestFluidC2S with maxs=true frames=true
[Architectury Transformer DEBUG] Writing com/Morph/logisticspipes/network/PacketModuleInvRequestC2S with maxs=true frames=true
[Architectury Transformer DEBUG] Writing com/Morph/logisticspipes/modules/ModuleItemSink with maxs=true frames=true
[Architectury Transformer DEBUG] Writing com/Morph/logisticspipes/modules/ModulePolymorphicItemSink with maxs=true frames=true
[Architectury Transformer DEBUG] Writing com/Morph/logisticspipes/modules/ModuleTerminus with maxs=true frames=true
[Architectury Transformer DEBUG] Writing com/Morph/logisticspipes/modules/ModuleSatellite with maxs=true frames=true
[Architectury Transformer DEBUG] Writing com/Morph/logisticspipes/modules/ChassisModule with maxs=true frames=true
[Architectury Transformer DEBUG] Writing com/Morph/logisticspipes/modules/ModuleProvider with maxs=true frames=true
[Architectury Transformer DEBUG] Writing com/Morph/logisticspipes/modules/ModuleEnchantmentSink with maxs=true frames=true
[Architectury Transformer DEBUG] Writing com/Morph/logisticspipes/modules/ModuleFluidSupplier with maxs=true frames=true
[Architectury Transformer DEBUG] Writing com/Morph/logisticspipes/modules/ModuleCrafter with maxs=true frames=true
[Architectury Transformer DEBUG] Writing com/Morph/logisticspipes/modules/ModuleCrafterMk3 with maxs=true frames=true
[Architectury Transformer DEBUG] Writing com/Morph/logisticspipes/modules/ModuleCrafterMk2 with maxs=true frames=true
[Architectury Transformer DEBUG] Writing com/Morph/logisticspipes/modules/ModuleExtractor with maxs=true frames=true
[Architectury Transformer DEBUG] Writing com/Morph/logisticspipes/modules/ModuleCreativeTabBasedItemSink with maxs=true frames=true
[Architectury Transformer DEBUG] Writing com/Morph/logisticspipes/modules/ModuleCrafter$LostItem with maxs=true frames=true
[Architectury Transformer DEBUG] Writing com/Morph/logisticspipes/modules/ModuleActiveSupplier with maxs=true frames=true
[Architectury Transformer DEBUG] Writing com/Morph/logisticspipes/modules/LogisticsModule with maxs=true frames=true
[Architectury Transformer DEBUG] Writing com/Morph/logisticspipes/modules/ModuleModBasedItemSink with maxs=true frames=true
[Architectury Transformer DEBUG] Writing com/Morph/logisticspipes/modules/LogisticsModule$ModulePositionType with maxs=true frames=true
[Architectury Transformer DEBUG] Writing com/Morph/logisticspipes/modules/ModulePassiveSupplier with maxs=true frames=true
[Architectury Transformer DEBUG] Writing com/Morph/logisticspipes/modules/ModuleOreDictItemSink with maxs=true frames=true
[Architectury Transformer DEBUG] Writing com/Morph/logisticspipes/modules/ModuleActiveSupplier$PatternMode with maxs=true frames=true
[Architectury Transformer DEBUG] Writing com/Morph/logisticspipes/modules/ModuleEnchantmentSinkMK2 with maxs=true frames=true
[Architectury Transformer DEBUG] Writing com/Morph/logisticspipes/modules/ModuleActiveSupplier$SupplyMode with maxs=true frames=true
[Architectury Transformer DEBUG] Writing com/Morph/logisticspipes/logisticspipes/ItemModuleInformationManager with maxs=true frames=true
[Architectury Transformer DEBUG] Writing com/Morph/logisticspipes/logisticspipes/IRoutedItem with maxs=true frames=true
[Architectury Transformer DEBUG] Writing com/Morph/logisticspipes/logisticspipes/IRoutedItem$TransportMode with maxs=true frames=true
[Architectury Transformer DEBUG] Writing com/Morph/logisticspipes/items/PipeBlockItem with maxs=true frames=true
[Architectury Transformer DEBUG] Writing com/Morph/logisticspipes/items/ItemUpgrade with maxs=true frames=true
[Architectury Transformer DEBUG] Writing com/Morph/logisticspipes/items/ItemUpgrade$2 with maxs=true frames=true
[Architectury Transformer DEBUG] Writing com/Morph/logisticspipes/items/ItemUpgrade$1 with maxs=true frames=true
[Architectury Transformer DEBUG] Writing com/Morph/logisticspipes/items/ItemModule with maxs=true frames=true
[Architectury Transformer DEBUG] Writing com/Morph/logisticspipes/inventory/ProviderMode with maxs=true frames=true
[Architectury Transformer DEBUG] Writing com/Morph/logisticspipes/interfaces/ILPItemAcceptor with maxs=true frames=true
[Architectury Transformer DEBUG] Writing com/Morph/logisticspipes/interfaces/IRequestWatcher with maxs=true frames=true
[Architectury Transformer DEBUG] Writing com/Morph/logisticspipes/interfaces/IGuiTileEntity with maxs=true frames=true
[Architectury Transformer DEBUG] Writing com/Morph/logisticspipes/interfaces/IInventoryUtil with maxs=true frames=true
[Architectury Transformer DEBUG] Writing com/Morph/logisticspipes/interfaces/ISpawnParticles with maxs=true frames=true
[Architectury Transformer DEBUG] Writing com/Morph/logisticspipes/interfaces/ISlotUpgradeManager with maxs=true frames=true
[Architectury Transformer DEBUG] Writing com/Morph/logisticspipes/interfaces/IChangeListener with maxs=true frames=true
[Architectury Transformer DEBUG] Writing com/Morph/logisticspipes/interfaces/ISpecialInsertion with maxs=true frames=true
[Architectury Transformer DEBUG] Writing com/Morph/logisticspipes/interfaces/ISecurityStationManager with maxs=true frames=true
[Architectury Transformer DEBUG] Writing com/Morph/logisticspipes/interfaces/IPipeUpgradeManager with maxs=true frames=true
[Architectury Transformer DEBUG] Writing com/Morph/logisticspipes/interfaces/ISendRoutedItem with maxs=true frames=true
[Architectury Transformer DEBUG] Writing com/Morph/logisticspipes/interfaces/IStringBasedModule with maxs=true frames=true
[Architectury Transformer DEBUG] Writing com/Morph/logisticspipes/interfaces/IItemSpaceControl with maxs=true frames=true
[Architectury Transformer DEBUG] Writing com/Morph/logisticspipes/interfaces/ILPPositionProvider with maxs=true frames=true
[Architectury Transformer DEBUG] Writing com/Morph/logisticspipes/interfaces/IPipeServiceProvider with maxs=true frames=true
[Architectury Transformer DEBUG] Writing com/Morph/logisticspipes/interfaces/IChainAddList with maxs=true frames=true
[Architectury Transformer DEBUG] Writing com/Morph/logisticspipes/interfaces/ILegacyActiveModule with maxs=true frames=true
[Architectury Transformer DEBUG] Writing com/Morph/logisticspipes/interfaces/routing/IRequestItems with maxs=true frames=true
[Architectury Transformer DEBUG] Writing com/Morph/logisticspipes/interfaces/routing/IProvide with maxs=true frames=true
[Architectury Transformer DEBUG] Writing com/Morph/logisticspipes/interfaces/routing/IFilter with maxs=true frames=true
[Architectury Transformer DEBUG] Writing com/Morph/logisticspipes/interfaces/routing/ICraft with maxs=true frames=true
[Architectury Transformer DEBUG] Writing com/Morph/logisticspipes/interfaces/routing/IItemSpaceControl with maxs=true frames=true
[Architectury Transformer DEBUG] Writing com/Morph/logisticspipes/interfaces/routing/IRequireReliableTransport with maxs=true frames=true
[Architectury Transformer DEBUG] Writing com/Morph/logisticspipes/interfaces/routing/IRequest with maxs=true frames=true
[Architectury Transformer DEBUG] Writing com/Morph/logisticspipes/interfaces/routing/IProvideItems with maxs=true frames=true
[Architectury Transformer DEBUG] Writing com/Morph/logisticspipes/interfaces/routing/IFilteringPipe with maxs=true frames=true
[Architectury Transformer DEBUG] Writing com/Morph/logisticspipes/interfaces/routing/IProvideFluids with maxs=true frames=true
[Architectury Transformer DEBUG] Writing com/Morph/logisticspipes/interfaces/routing/ICraftItems with maxs=true frames=true
[Architectury Transformer DEBUG] Writing com/Morph/logisticspipes/interfaces/routing/IRequestFluid with maxs=true frames=true
[Architectury Transformer DEBUG] Writing com/Morph/logisticspipes/interfaces/routing/IAdditionalTargetInformation with maxs=true frames=true
[Architectury Transformer DEBUG] Writing com/Morph/logisticspipes/gui/GhostSlot with maxs=true frames=true
[Architectury Transformer DEBUG] Writing com/Morph/logisticspipes/gui/screen/ScreenCreativeTabBasedItemSink with maxs=true frames=true
[Architectury Transformer DEBUG] Writing com/Morph/logisticspipes/gui/screen/ScreenOreDictItemSink with maxs=true frames=true
[Architectury Transformer DEBUG] Writing com/Morph/logisticspipes/gui/screen/ScreenProviderFilter with maxs=true frames=true
[Architectury Transformer DEBUG] Writing com/Morph/logisticspipes/gui/screen/ScreenModBasedItemSink with maxs=true frames=true
[Architectury Transformer DEBUG] Writing com/Morph/logisticspipes/gui/screen/ScreenRequestTable with maxs=true frames=true
[Architectury Transformer DEBUG] Writing com/Morph/logisticspipes/gui/screen/ScreenCrafter with maxs=true frames=true
[Architectury Transformer DEBUG] Writing com/Morph/logisticspipes/gui/screen/ScreenFluidRequest with maxs=true frames=true
[Architectury Transformer DEBUG] Writing com/Morph/logisticspipes/gui/screen/ScreenConnectionUpgrade with maxs=true frames=true
[Architectury Transformer DEBUG] Writing com/Morph/logisticspipes/gui/screen/ScreenSupplier with maxs=true frames=true
[Architectury Transformer DEBUG] Writing com/Morph/logisticspipes/gui/screen/ScreenSneakyUpgrade with maxs=true frames=true
[Architectury Transformer DEBUG] Writing com/Morph/logisticspipes/gui/screen/ScreenSecurityStation with maxs=true frames=true
[Architectury Transformer DEBUG] Writing com/Morph/logisticspipes/gui/screen/ScreenFirewall with maxs=true frames=true
[Architectury Transformer DEBUG] Writing com/Morph/logisticspipes/gui/screen/ScreenItemSink with maxs=true frames=true
[Architectury Transformer DEBUG] Writing com/Morph/logisticspipes/gui/screen/ScreenChassis with maxs=true frames=true
[Architectury Transformer DEBUG] Writing com/Morph/logisticspipes/gui/screen/ScreenUpgrade with maxs=true frames=true
[Architectury Transformer DEBUG] Writing com/Morph/logisticspipes/gui/screen/ScreenEnchantmentSinkMK2 with maxs=true frames=true
[Architectury Transformer DEBUG] Writing com/Morph/logisticspipes/gui/screen/ScreenSatellite with maxs=true frames=true
[Architectury Transformer DEBUG] Writing com/Morph/logisticspipes/gui/screen/ScreenFluidSupplierMk2 with maxs=true frames=true
[Architectury Transformer DEBUG] Writing com/Morph/logisticspipes/gui/screen/ScreenRequest with maxs=true frames=true
[Architectury Transformer DEBUG] Writing com/Morph/logisticspipes/gui/menu/MenuRequest with maxs=true frames=true
[Architectury Transformer DEBUG] Writing com/Morph/logisticspipes/gui/menu/MenuConnectionUpgrade with maxs=true frames=true
[Architectury Transformer DEBUG] Writing com/Morph/logisticspipes/gui/menu/MenuFluidSupplierMk2 with maxs=true frames=true
[Architectury Transformer DEBUG] Writing com/Morph/logisticspipes/gui/menu/MenuSecurityStation with maxs=true frames=true
[Architectury Transformer DEBUG] Writing com/Morph/logisticspipes/gui/menu/MenuOreDictItemSink with maxs=true frames=true
[Architectury Transformer DEBUG] Writing com/Morph/logisticspipes/gui/menu/MenuSatellite with maxs=true frames=true
[Architectury Transformer DEBUG] Writing com/Morph/logisticspipes/gui/menu/MenuSupplier with maxs=true frames=true
[Architectury Transformer DEBUG] Writing com/Morph/logisticspipes/gui/menu/MenuCrafter with maxs=true frames=true
[Architectury Transformer DEBUG] Writing com/Morph/logisticspipes/gui/menu/MenuUpgrade$UpgradeSlot with maxs=true frames=true
[Architectury Transformer DEBUG] Writing com/Morph/logisticspipes/gui/menu/MenuSneakyUpgrade with maxs=true frames=true
[Architectury Transformer DEBUG] Writing com/Morph/logisticspipes/gui/menu/MenuModBasedItemSink with maxs=true frames=true
[Architectury Transformer DEBUG] Writing com/Morph/logisticspipes/gui/menu/MenuEnchantmentSinkMK2 with maxs=true frames=true
[Architectury Transformer DEBUG] Writing com/Morph/logisticspipes/gui/menu/MenuRequestTable with maxs=true frames=true
[Architectury Transformer DEBUG] Writing com/Morph/logisticspipes/gui/menu/MenuFirewall with maxs=true frames=true
[Architectury Transformer DEBUG] Writing com/Morph/logisticspipes/gui/menu/MenuItemSink with maxs=true frames=true
[Architectury Transformer DEBUG] Writing com/Morph/logisticspipes/gui/menu/MenuProviderFilter with maxs=true frames=true
[Architectury Transformer DEBUG] Writing com/Morph/logisticspipes/gui/menu/MenuUpgrade with maxs=true frames=true
[Architectury Transformer DEBUG] Writing com/Morph/logisticspipes/gui/menu/MenuChassis with maxs=true frames=true
[Architectury Transformer DEBUG] Writing com/Morph/logisticspipes/gui/menu/MenuCreativeTabBasedItemSink with maxs=true frames=true
[Architectury Transformer DEBUG] Writing com/Morph/logisticspipes/gui/menu/MenuFluidRequest with maxs=true frames=true
[Architectury Transformer DEBUG] Writing com/Morph/logisticspipes/config/LPConfig with maxs=true frames=true
[Architectury Transformer DEBUG] Writing com/Morph/logisticspipes/client/LPPipeRenderer with maxs=true frames=true
[Architectury Transformer DEBUG] Writing com/Morph/logisticspipes/client/LPPipeRenderer$RenderState with maxs=true frames=true
[Architectury Transformer DEBUG] Writing com/Morph/logisticspipes/client/LPPipeRenderer$ItemSnapshot with maxs=true frames=true
[Architectury Transformer DEBUG] Writing com/Morph/logisticspipes/client/LPOverlayRenderer with maxs=true frames=true
[Architectury Transformer DEBUG] Closed File Systems for F:\Minecraft modding\Projects\Fabric-Neoforge\Logistic Pipes 2\common\build\libs\morph-common-1.0.0-transformProductionNeoForge.jar
[Architectury Transformer] Transformed jar with 5 transformer(s) in 2.202 s
[Architectury Transformer DEBUG] 
[Architectury Transformer DEBUG] ============================
[Architectury Transformer DEBUG] Transforming from F:\Minecraft modding\Projects\Fabric-Neoforge\Logistic Pipes 2\common\build\devlibs\morph-common-1.0.0-dev.jar to F:\Minecraft modding\Projects\Fabric-Neoforge\Logistic Pipes 2\common\build\libs\morph-common-1.0.0-transformProductionNeoForge.jar
[Architectury Transformer DEBUG] ============================
[Architectury Transformer DEBUG] 
[Architectury Transformer DEBUG] Transforming 5 transformer(s) from F:\Minecraft modding\Projects\Fabric-Neoforge\Logistic Pipes 2\common\build\devlibs\morph-common-1.0.0-dev.jar to F:\Minecraft modding\Projects\Fabric-Neoforge\Logistic Pipes 2\common\build\libs\morph-common-1.0.0-transformProductionNeoForge.jar: 
[Architectury Transformer DEBUG]  - dev.architectury.transformer.transformers.TransformExpectPlatform@45395009
[Architectury Transformer DEBUG]  - dev.architectury.transformer.transformers.RemapInjectables@64991b5c
[Architectury Transformer DEBUG]  - dev.architectury.transformer.transformers.TransformPlatformOnly@5def3e3
[Architectury Transformer DEBUG]  - dev.architectury.transformer.transformers.TransformNeoForgeAnnotations@41c7b6df
[Architectury Transformer DEBUG]  - dev.architectury.transformer.transformers.TransformNeoForgeEnvironment@4e711ff6
[Architectury Transformer DEBUG] Transforming from F:\Minecraft modding\Projects\Fabric-Neoforge\Logistic Pipes 2\common\build\devlibs\morph-common-1.0.0-dev.jar to F:\Minecraft modding\Projects\Fabric-Neoforge\Logistic Pipes 2\common\build\libs\morph-common-1.0.0-transformProductionNeoForge.jar with 5 transformer(s) on dev.architectury.transformer.handler.SimpleTransformerHandler
[Architectury Transformer DEBUG] Remapping with 1 mapping provider(s):
[Architectury Transformer DEBUG]  - dev.architectury.transformer.transformers.TransformNeoForgeEnvironment$$Lambda/0x00000232245bb840@19c2fe3d
[Architectury Transformer DEBUG] Provided 67 classpath jar(s):
[Architectury Transformer DEBUG]  - C:\Users\VoiceLessQ\.gradle\caches\modules-2\files-2.1\dev.architectury\architectury-injectables\1.0.10\62db2a366d662606d1b23ad02ccc3212ed37ec3\architectury-injectables-1.0.10.jar
[Architectury Transformer DEBUG]  - C:\Users\VoiceLessQ\.gradle\caches\modules-2\files-2.1\net.fabricmc\fabric-loader\0.18.6\b823a25197a42c7f32bb904f187cd05730e8873c\fabric-loader-0.18.6.jar
[Architectury Transformer DEBUG]  - C:\Users\VoiceLessQ\.gradle\caches\modules-2\files-2.1\org.jetbrains\annotations\26.0.2\c7ce3cdeda3d18909368dfe5977332dfad326c6d\annotations-26.0.2.jar
[Architectury Transformer DEBUG]  - C:\Users\VoiceLessQ\.gradle\caches\modules-2\files-2.1\com.google.code.findbugs\jsr305\3.0.2\25ea2e8b0c338a877313bd4672d3fe056ea78f0d\jsr305-3.0.2.jar
[Architectury Transformer DEBUG]  - C:\Users\VoiceLessQ\.gradle\caches\modules-2\files-2.1\org.ow2.asm\asm\9.9\c29635c8a7afa03d74b33c1884df8abb2b3f3dcc\asm-9.9.jar
[Architectury Transformer DEBUG]  - C:\Users\VoiceLessQ\.gradle\caches\modules-2\files-2.1\org.ow2.asm\asm-analysis\9.9\bf4fa6e66638851c1cd22c2caea0c3ee5d5f437\asm-analysis-9.9.jar
[Architectury Transformer DEBUG]  - C:\Users\VoiceLessQ\.gradle\caches\modules-2\files-2.1\org.ow2.asm\asm-commons\9.9\db9165a3bf908ded6b08612d583a15d1d0c7bda0\asm-commons-9.9.jar
[Architectury Transformer DEBUG]  - C:\Users\VoiceLessQ\.gradle\caches\modules-2\files-2.1\org.ow2.asm\asm-tree\9.9\f8de6eead6d24dd0f45bd065bbe112b2cda6ea21\asm-tree-9.9.jar
[Architectury Transformer DEBUG]  - C:\Users\VoiceLessQ\.gradle\caches\modules-2\files-2.1\org.ow2.asm\asm-util\9.9\42fdfc0508b43807c8078d6e82ecff2ce2112ae8\asm-util-9.9.jar
[Architectury Transformer DEBUG]  - C:\Users\VoiceLessQ\.gradle\caches\modules-2\files-2.1\net.fabricmc\sponge-mixin\0.17.0+mixin.0.8.7\cf31463202f72d03b0ef1e1e38e8ee71b7faaab6\sponge-mixin-0.17.0+mixin.0.8.7.jar
[Architectury Transformer DEBUG]  - C:\Users\VoiceLessQ\.gradle\caches\modules-2\files-2.1\io.github.llamalad7\mixinextras-fabric\0.5.0\91a83dfb7abd320f6236bd1fcf5c0ff143d59a13\mixinextras-fabric-0.5.0.jar
[Architectury Transformer DEBUG]  - C:\Users\VoiceLessQ\.gradle\caches\modules-2\files-2.1\at.yawk.lz4\lz4-java\1.8.1\1f30a180ee04ccd53339a716aec13cae60a013b5\lz4-java-1.8.1.jar
[Architectury Transformer DEBUG]  - C:\Users\VoiceLessQ\.gradle\caches\modules-2\files-2.1\com.azure\azure-json\1.4.0\fcc1d354dbc3e0300e5276b1bf124d0247799cd8\azure-json-1.4.0.jar
[Architectury Transformer DEBUG]  - C:\Users\VoiceLessQ\.gradle\caches\modules-2\files-2.1\com.github.oshi\oshi-core\6.9.0\3224870731860cfcd7744581a05b559e94291e7\oshi-core-6.9.0.jar
[Architectury Transformer DEBUG]  - C:\Users\VoiceLessQ\.gradle\caches\modules-2\files-2.1\com.google.code.gson\gson\2.13.2\48b8230771e573b54ce6e867a9001e75977fe78e\gson-2.13.2.jar
[Architectury Transformer DEBUG]  - C:\Users\VoiceLessQ\.gradle\caches\modules-2\files-2.1\com.google.guava\failureaccess\1.0.3\aeaffd00d57023a2c947393ed251f0354f0985fc\failureaccess-1.0.3.jar
[Architectury Transformer DEBUG]  - C:\Users\VoiceLessQ\.gradle\caches\modules-2\files-2.1\com.google.guava\guava\33.5.0-jre\8699de25f2f979108d6c1b804a7ba38cda1116bc\guava-33.5.0-jre.jar
[Architectury Transformer DEBUG]  - C:\Users\VoiceLessQ\.gradle\caches\modules-2\files-2.1\com.ibm.icu\icu4j\77.1\38693cf0b1d7362a8b726af74dc06026a7c23809\icu4j-77.1.jar
[Architectury Transformer DEBUG]  - C:\Users\VoiceLessQ\.gradle\caches\modules-2\files-2.1\com.microsoft.azure\msal4j\1.23.1\6c722b514873b24a4e1ce9c22dca36ea3c22bdbe\msal4j-1.23.1.jar
[Architectury Transformer DEBUG]  - C:\Users\VoiceLessQ\.gradle\caches\modules-2\files-2.1\com.mojang\authlib\7.0.61\efee1e6b54e863108576eb3b3ae71144626aaefc\authlib-7.0.61.jar
[Architectury Transformer DEBUG]  - C:\Users\VoiceLessQ\.gradle\caches\modules-2\files-2.1\com.mojang\blocklist\1.0.10\5c685c5ffa94c4cd39496c7184c1d122e515ecef\blocklist-1.0.10.jar
[Architectury Transformer DEBUG]  - C:\Users\VoiceLessQ\.gradle\caches\modules-2\files-2.1\com.mojang\brigadier\1.3.10\d15b53a14cf20fdcaa98f731af5dda654452c010\brigadier-1.3.10.jar
[Architectury Transformer DEBUG]  - C:\Users\VoiceLessQ\.gradle\caches\modules-2\files-2.1\com.mojang\datafixerupper\9.0.19\4e91f9712fa1e83231d1501625381b0210a977da\datafixerupper-9.0.19.jar
[Architectury Transformer DEBUG]  - C:\Users\VoiceLessQ\.gradle\caches\modules-2\files-2.1\com.mojang\jtracy\1.0.37\a3fb649b2e2b2288d2978f0b0bc3d83f62809d1e\jtracy-1.0.37.jar
[Architectury Transformer DEBUG]  - C:\Users\VoiceLessQ\.gradle\caches\modules-2\files-2.1\com.mojang\logging\1.6.11\fd147240733010c158249d986323f9ef98977fe\logging-1.6.11.jar
[Architectury Transformer DEBUG]  - C:\Users\VoiceLessQ\.gradle\caches\modules-2\files-2.1\com.mojang\patchy\2.2.10\da05971b07cbb379d002cf7eaec6a2048211fefc\patchy-2.2.10.jar
[Architectury Transformer DEBUG]  - C:\Users\VoiceLessQ\.gradle\caches\modules-2\files-2.1\com.mojang\text2speech\1.18.11\e853a12cdd6ba4f4836e8f4bf3b37844a13482b6\text2speech-1.18.11.jar
[Architectury Transformer DEBUG]  - C:\Users\VoiceLessQ\.gradle\caches\modules-2\files-2.1\commons-codec\commons-codec\1.19.0\8c0dbe3ae883fceda9b50a6c76e745e548073388\commons-codec-1.19.0.jar
[Architectury Transformer DEBUG]  - C:\Users\VoiceLessQ\.gradle\caches\modules-2\files-2.1\commons-io\commons-io\2.20.0\36f3474daec2849c149e877614e7f979b2082cd2\commons-io-2.20.0.jar
[Architectury Transformer DEBUG]  - C:\Users\VoiceLessQ\.gradle\caches\modules-2\files-2.1\io.netty\netty-buffer\4.2.7.Final\5555ff561643bf2f8430fb57c24403c0efe15994\netty-buffer-4.2.7.Final.jar
[Architectury Transformer DEBUG]  - C:\Users\VoiceLessQ\.gradle\caches\modules-2\files-2.1\io.netty\netty-codec-base\4.2.7.Final\915e381ebabcf115f1c7ff7032d55c48afb50210\netty-codec-base-4.2.7.Final.jar
[Architectury Transformer DEBUG]  - C:\Users\VoiceLessQ\.gradle\caches\modules-2\files-2.1\io.netty\netty-codec-compression\4.2.7.Final\572341bc1ca90fd9d6e47f1d2694aab5258566e9\netty-codec-compression-4.2.7.Final.jar
[Architectury Transformer DEBUG]  - C:\Users\VoiceLessQ\.gradle\caches\modules-2\files-2.1\io.netty\netty-codec-http\4.2.7.Final\b734c108854099c421fd94d92d9f865e4d4da853\netty-codec-http-4.2.7.Final.jar
[Architectury Transformer DEBUG]  - C:\Users\VoiceLessQ\.gradle\caches\modules-2\files-2.1\io.netty\netty-common\4.2.7.Final\11aa30df26af4fca3239ac1917f303a280f301e1\netty-common-4.2.7.Final.jar
[Architectury Transformer DEBUG]  - C:\Users\VoiceLessQ\.gradle\caches\modules-2\files-2.1\io.netty\netty-handler\4.2.7.Final\7ad8a1f851e2e6fe93cdd091871fda2b81c03b5b\netty-handler-4.2.7.Final.jar
[Architectury Transformer DEBUG]  - C:\Users\VoiceLessQ\.gradle\caches\modules-2\files-2.1\io.netty\netty-resolver\4.2.7.Final\5f3e5ef8de03992cd4fb46960dc0085ec1a12a12\netty-resolver-4.2.7.Final.jar
[Architectury Transformer DEBUG]  - C:\Users\VoiceLessQ\.gradle\caches\modules-2\files-2.1\io.netty\netty-transport-classes-epoll\4.2.7.Final\1075c09f48a78eef9d819fbfd9096b903fdd362a\netty-transport-classes-epoll-4.2.7.Final.jar
[Architectury Transformer DEBUG]  - C:\Users\VoiceLessQ\.gradle\caches\modules-2\files-2.1\io.netty\netty-transport-classes-kqueue\4.2.7.Final\bdec7c23c75caabd848426d073c09568e8d5f94e\netty-transport-classes-kqueue-4.2.7.Final.jar
[Architectury Transformer DEBUG]  - C:\Users\VoiceLessQ\.gradle\caches\modules-2\files-2.1\io.netty\netty-transport-native-unix-common\4.2.7.Final\89953f04259ea7502cffb313630dd51e00e60669\netty-transport-native-unix-common-4.2.7.Final.jar
[Architectury Transformer DEBUG]  - C:\Users\VoiceLessQ\.gradle\caches\modules-2\files-2.1\io.netty\netty-transport\4.2.7.Final\83ea548981d0d8c4a98027cc1a6f9624f902e142\netty-transport-4.2.7.Final.jar
[Architectury Transformer DEBUG]  - C:\Users\VoiceLessQ\.gradle\caches\modules-2\files-2.1\it.unimi.dsi\fastutil\8.5.18\a6cff377eecc19c2037bf31568a6d7106b50ba1f\fastutil-8.5.18.jar
[Architectury Transformer DEBUG]  - C:\Users\VoiceLessQ\.gradle\caches\modules-2\files-2.1\net.java.dev.jna\jna-platform\5.17.0\a4934c44d25a9d8c2ddf4203affd20330cb3426f\jna-platform-5.17.0.jar
[Architectury Transformer DEBUG]  - C:\Users\VoiceLessQ\.gradle\caches\modules-2\files-2.1\net.java.dev.jna\jna\5.17.0\33d12735bef894440780fce64f9758d420c7bae2\jna-5.17.0.jar
[Architectury Transformer DEBUG]  - C:\Users\VoiceLessQ\.gradle\caches\modules-2\files-2.1\net.sf.jopt-simple\jopt-simple\5.0.4\4fdac2fbe92dfad86aa6e9301736f6b4342a3f5c\jopt-simple-5.0.4.jar
[Architectury Transformer DEBUG]  - C:\Users\VoiceLessQ\.gradle\caches\modules-2\files-2.1\org.apache.commons\commons-compress\1.28.0\e482f2c7a88dac3c497e96aa420b6a769f59c8d7\commons-compress-1.28.0.jar
[Architectury Transformer DEBUG]  - C:\Users\VoiceLessQ\.gradle\caches\modules-2\files-2.1\org.apache.commons\commons-lang3\3.19.0\d6524b169a6574cd253760c472d419b47bfd37e6\commons-lang3-3.19.0.jar
[Architectury Transformer DEBUG]  - C:\Users\VoiceLessQ\.gradle\caches\modules-2\files-2.1\org.apache.logging.log4j\log4j-api\2.25.2\292c1a2b1702f1e1e3adb13e1c57e5bff60335ff\log4j-api-2.25.2.jar
[Architectury Transformer DEBUG]  - C:\Users\VoiceLessQ\.gradle\caches\modules-2\files-2.1\org.apache.logging.log4j\log4j-core\2.25.2\d4d0ad2e51e03e531f784891fbfff1bae1e13a12\log4j-core-2.25.2.jar
[Architectury Transformer DEBUG]  - C:\Users\VoiceLessQ\.gradle\caches\modules-2\files-2.1\org.apache.logging.log4j\log4j-slf4j2-impl\2.25.2\5eec0c392661dee8a366baec17e8896900dd978f\log4j-slf4j2-impl-2.25.2.jar
[Architectury Transformer DEBUG]  - C:\Users\VoiceLessQ\.gradle\caches\modules-2\files-2.1\org.jcraft\jorbis\0.0.17\8872d22b293e8f5d7d56ff92be966e6dc28ebdc6\jorbis-0.0.17.jar
[Architectury Transformer DEBUG]  - C:\Users\VoiceLessQ\.gradle\caches\modules-2\files-2.1\org.joml\joml\1.10.8\fc0a71dad90a2cf41d82a76156a0e700af8e4f8d\joml-1.10.8.jar
[Architectury Transformer DEBUG]  - C:\Users\VoiceLessQ\.gradle\caches\modules-2\files-2.1\org.jspecify\jspecify\1.0.0\7425a601c1c7ec76645a78d22b8c6a627edee507\jspecify-1.0.0.jar
[Architectury Transformer DEBUG]  - C:\Users\VoiceLessQ\.gradle\caches\modules-2\files-2.1\org.lwjgl\lwjgl-freetype\3.3.3\a0db6c84a8becc8ca05f9dbfa985edc348a824c7\lwjgl-freetype-3.3.3.jar
[Architectury Transformer DEBUG]  - C:\Users\VoiceLessQ\.gradle\caches\modules-2\files-2.1\org.lwjgl\lwjgl-glfw\3.3.3\efa1eb78c5ccd840e9f329717109b5e892d72f8e\lwjgl-glfw-3.3.3.jar
[Architectury Transformer DEBUG]  - C:\Users\VoiceLessQ\.gradle\caches\modules-2\files-2.1\org.lwjgl\lwjgl-jemalloc\3.3.3\b543467b7ff3c6920539a88ee602d34098628be5\lwjgl-jemalloc-3.3.3.jar
[Architectury Transformer DEBUG]  - C:\Users\VoiceLessQ\.gradle\caches\modules-2\files-2.1\org.lwjgl\lwjgl-openal\3.3.3\daada81ceb5fc0c291fbfdd4433cb8d9423577f2\lwjgl-openal-3.3.3.jar
[Architectury Transformer DEBUG]  - C:\Users\VoiceLessQ\.gradle\caches\modules-2\files-2.1\org.lwjgl\lwjgl-opengl\3.3.3\2f6b0147078396a58979125a4c947664e98293a\lwjgl-opengl-3.3.3.jar
[Architectury Transformer DEBUG]  - C:\Users\VoiceLessQ\.gradle\caches\modules-2\files-2.1\org.lwjgl\lwjgl-stb\3.3.3\25dd6161988d7e65f71d5065c99902402ee32746\lwjgl-stb-3.3.3.jar
[Architectury Transformer DEBUG]  - C:\Users\VoiceLessQ\.gradle\caches\modules-2\files-2.1\org.lwjgl\lwjgl-tinyfd\3.3.3\82d755ca94b102e9ca77283b9e2dc46d1b15fbe5\lwjgl-tinyfd-3.3.3.jar
[Architectury Transformer DEBUG]  - C:\Users\VoiceLessQ\.gradle\caches\modules-2\files-2.1\org.lwjgl\lwjgl\3.3.3\29589b5f87ed335a6c7e7ee6a5775f81f97ecb84\lwjgl-3.3.3.jar
[Architectury Transformer DEBUG]  - C:\Users\VoiceLessQ\.gradle\caches\modules-2\files-2.1\org.slf4j\slf4j-api\2.0.17\d9e58ac9c7779ba3bf8142aff6c830617a7fe60f\slf4j-api-2.0.17.jar
[Architectury Transformer DEBUG]  - F:\Minecraft modding\Projects\Fabric-Neoforge\Logistic Pipes 2\.gradle\loom-cache\minecraftMaven\net\minecraft\minecraft-merged-c69b0de466\1.21.11-loom.mappings.1_21_11.layered+hash.40359-v2\minecraft-merged-c69b0de466-1.21.11-loom.mappings.1_21_11.layered+hash.40359-v2.jar
[Architectury Transformer DEBUG]  - C:\Users\VoiceLessQ\.gradle\caches\modules-2\files-2.1\io.netty\netty-transport-native-epoll\4.2.7.Final\e83998bfc10b5289d9bcbe807c4079ef0eed8e6f\netty-transport-native-epoll-4.2.7.Final-linux-x86_64.jar
[Architectury Transformer DEBUG]  - C:\Users\VoiceLessQ\.gradle\caches\modules-2\files-2.1\io.netty\netty-transport-native-epoll\4.2.7.Final\98d02251c98c8f07a23ac5ea27657d9e0ef57614\netty-transport-native-epoll-4.2.7.Final-linux-aarch_64.jar
[Architectury Transformer DEBUG]  - C:\Users\VoiceLessQ\.gradle\caches\modules-2\files-2.1\io.netty\netty-transport-native-kqueue\4.2.7.Final\40868fd4e43bce2798245f790624b58803dc26b6\netty-transport-native-kqueue-4.2.7.Final-osx-x86_64.jar
[Architectury Transformer DEBUG]  - C:\Users\VoiceLessQ\.gradle\caches\modules-2\files-2.1\io.netty\netty-transport-native-kqueue\4.2.7.Final\e5a0feef41410c8a5ae00c6cb4e0c99bd0aded6a\netty-transport-native-kqueue-4.2.7.Final-osx-aarch_64.jar
[Architectury Transformer DEBUG]  - F:\Minecraft modding\Projects\Fabric-Neoforge\Logistic Pipes 2\.gradle\loom-cache\remapped_mods\remapped\dev\architectury\architectury-6a6b1e70\19.0.1\architectury-6a6b1e70-19.0.1.jar
[Architectury Transformer] Read classpath in 1.062 s
[Architectury Transformer DEBUG] Remapping Classes:
[Architectury Transformer DEBUG] net/fabricmc/api/EnvType -> net/neoforged/api/distmarker/Dist
[Architectury Transformer DEBUG] net/fabricmc/api/Environment -> net/neoforged/api/distmarker/OnlyIn
[Architectury Transformer DEBUG] Found class transformer
[Architectury Transformer DEBUG] Writing com/Morph/ExampleMod with maxs=true frames=true
[Architectury Transformer DEBUG] Writing com/Morph/logisticspipes/LPItems with maxs=true frames=true
[Architectury Transformer DEBUG] Writing com/Morph/logisticspipes/LPMenuTypes with maxs=true frames=true
[Architectury Transformer DEBUG] Writing com/Morph/logisticspipes/LPClientSetup with maxs=true frames=true
[Architectury Transformer DEBUG] Writing com/Morph/logisticspipes/LPBlocks with maxs=true frames=true
[Architectury Transformer DEBUG] Writing com/Morph/logisticspipes/LPConstants with maxs=true frames=true
[Architectury Transformer DEBUG] Writing com/Morph/logisticspipes/LPCreativeTab with maxs=true frames=true
[Architectury Transformer DEBUG] Writing com/Morph/logisticspipes/world/DoubleCoordinates with maxs=true frames=true
[Architectury Transformer DEBUG] Writing com/Morph/logisticspipes/utils/OneList with maxs=true frames=true
[Architectury Transformer DEBUG] Writing com/Morph/logisticspipes/utils/CacheHolder with maxs=true frames=true
[Architectury Transformer DEBUG] Writing com/Morph/logisticspipes/utils/SafeTimeTracker with maxs=true frames=true
[Architectury Transformer DEBUG] Writing com/Morph/logisticspipes/utils/OneList$1 with maxs=true frames=true
[Architectury Transformer DEBUG] Writing com/Morph/logisticspipes/utils/PlayerIdentifier with maxs=true frames=true
[Architectury Transformer DEBUG] Writing com/Morph/logisticspipes/utils/FinalPair with maxs=true frames=true
[Architectury Transformer DEBUG] Writing com/Morph/logisticspipes/utils/LPPositionSet with maxs=true frames=true
[Architectury Transformer DEBUG] Writing com/Morph/logisticspipes/utils/CacheHolder$ICacheHolder with maxs=true frames=true
[Architectury Transformer DEBUG] Writing com/Morph/logisticspipes/utils/SinkReply$FixedPriority with maxs=true frames=true
[Architectury Transformer DEBUG] Writing com/Morph/logisticspipes/utils/SyncList$SyncIter with maxs=true frames=true
[Architectury Transformer DEBUG] Writing com/Morph/logisticspipes/utils/IHavePriority with maxs=true frames=true
[Architectury Transformer DEBUG] Writing com/Morph/logisticspipes/utils/SinkReply$BufferMode with maxs=true frames=true
[Architectury Transformer DEBUG] Writing com/Morph/logisticspipes/utils/SyncList with maxs=true frames=true
[Architectury Transformer DEBUG] Writing com/Morph/logisticspipes/utils/RoutedItemHelper with maxs=true frames=true
[Architectury Transformer DEBUG] Writing com/Morph/logisticspipes/utils/Color with maxs=true frames=true
[Architectury Transformer DEBUG] Writing com/Morph/logisticspipes/utils/EqualWeakReference with maxs=true frames=true
[Architectury Transformer DEBUG] Writing com/Morph/logisticspipes/utils/IPositionRotateble with maxs=true frames=true
[Architectury Transformer DEBUG] Writing com/Morph/logisticspipes/utils/FluidIdentifier with maxs=true frames=true
[Architectury Transformer DEBUG] Writing com/Morph/logisticspipes/utils/ChainAddArrayList with maxs=true frames=true
[Architectury Transformer DEBUG] Writing com/Morph/logisticspipes/utils/PlayerCollectionList$Itr with maxs=true frames=true
[Architectury Transformer DEBUG] Writing com/Morph/logisticspipes/utils/TileBuffer with maxs=true frames=true
[Architectury Transformer DEBUG] Writing com/Morph/logisticspipes/utils/InventoryHelper with maxs=true frames=true
[Architectury Transformer DEBUG] Writing com/Morph/logisticspipes/utils/SinkReply with maxs=true frames=true
[Architectury Transformer DEBUG] Writing com/Morph/logisticspipes/utils/FluidIdentifierStack with maxs=true frames=true
[Architectury Transformer DEBUG] Writing com/Morph/logisticspipes/utils/OrientationsUtil with maxs=true frames=true
[Architectury Transformer DEBUG] Writing com/Morph/logisticspipes/utils/PlayerCollectionList with maxs=true frames=true
[Architectury Transformer DEBUG] Writing com/Morph/logisticspipes/utils/InventoryUtil with maxs=true frames=true
[Architectury Transformer DEBUG] Writing com/Morph/logisticspipes/utils/SyncList$SyncListIter with maxs=true frames=true
[Architectury Transformer DEBUG] Writing com/Morph/logisticspipes/utils/CacheHolder$CacheTypes with maxs=true frames=true
[Architectury Transformer DEBUG] Writing com/Morph/logisticspipes/utils/DirectionUtil with maxs=true frames=true
[Architectury Transformer DEBUG] Writing com/Morph/logisticspipes/utils/FinalCompoundTag with maxs=true frames=true
[Architectury Transformer DEBUG] Writing com/Morph/logisticspipes/utils/ISimpleInventoryEventHandler with maxs=true frames=true
[Architectury Transformer DEBUG] Writing com/Morph/logisticspipes/utils/tuples/Quartet with maxs=true frames=true
[Architectury Transformer DEBUG] Writing com/Morph/logisticspipes/utils/tuples/Triplet with maxs=true frames=true
[Architectury Transformer DEBUG] Writing com/Morph/logisticspipes/utils/tuples/Pair with maxs=true frames=true
[Architectury Transformer DEBUG] Writing com/Morph/logisticspipes/utils/item/SimpleStackInventory with maxs=true frames=true
[Architectury Transformer DEBUG] Writing com/Morph/logisticspipes/utils/item/ItemIdentifier with maxs=true frames=true
[Architectury Transformer DEBUG] Writing com/Morph/logisticspipes/utils/item/ItemIdentifier$ItemKey with maxs=true frames=true
[Architectury Transformer DEBUG] Writing com/Morph/logisticspipes/utils/item/ItemIdentifierStack with maxs=true frames=true
[Architectury Transformer DEBUG] Writing com/Morph/logisticspipes/utils/item/ItemIdentifier$IDReference with maxs=true frames=true
[Architectury Transformer DEBUG] Writing com/Morph/logisticspipes/util/BlockEntityTypeHelper with maxs=true frames=true
[Architectury Transformer DEBUG] Writing com/Morph/logisticspipes/transport/LPTravelingItem$LPTravelingItemServer with maxs=true frames=true
[Architectury Transformer DEBUG] Writing com/Morph/logisticspipes/transport/PipeTransportLogistics with maxs=true frames=true
[Architectury Transformer DEBUG] Writing com/Morph/logisticspipes/transport/PipeTransportLogistics$RoutingResult with maxs=true frames=true
[Architectury Transformer DEBUG] Writing com/Morph/logisticspipes/transport/IRouteLayer with maxs=true frames=true
[Architectury Transformer DEBUG] Writing com/Morph/logisticspipes/transport/LPItemList with maxs=true frames=true
[Architectury Transformer DEBUG] Writing com/Morph/logisticspipes/transport/PipeTransportLogistics$1 with maxs=true frames=true
[Architectury Transformer DEBUG] Writing com/Morph/logisticspipes/transport/LPTravelingItem$LPTravelingItemClient with maxs=true frames=true
[Architectury Transformer DEBUG] Writing com/Morph/logisticspipes/transport/ITransportLayer with maxs=true frames=true
[Architectury Transformer DEBUG] Writing com/Morph/logisticspipes/transport/LPTravelingItem$1 with maxs=true frames=true
[Architectury Transformer DEBUG] Writing com/Morph/logisticspipes/transport/LPTravelingItem with maxs=true frames=true
[Architectury Transformer DEBUG] Writing com/Morph/logisticspipes/ticks/RoutingTableUpdateThread with maxs=true frames=true
[Architectury Transformer DEBUG] Writing com/Morph/logisticspipes/ticks/LPTickHandler$LPWorldInfo with maxs=true frames=true
[Architectury Transformer DEBUG] Writing com/Morph/logisticspipes/ticks/QueuedTasks with maxs=true frames=true
[Architectury Transformer DEBUG] Writing com/Morph/logisticspipes/ticks/LPTickHandler with maxs=true frames=true
[Architectury Transformer DEBUG] Writing com/Morph/logisticspipes/security/SecurityStationManager with maxs=true frames=true
[Architectury Transformer DEBUG] Writing com/Morph/logisticspipes/security/SecurityStationBlockEntity with maxs=true frames=true
[Architectury Transformer DEBUG] Writing com/Morph/logisticspipes/security/SecurityStationBlock with maxs=true frames=true
[Architectury Transformer DEBUG] Writing com/Morph/logisticspipes/security/SecurityStationBlock$1 with maxs=true frames=true
[Architectury Transformer DEBUG] Writing com/Morph/logisticspipes/security/SecurityLevel with maxs=true frames=true
[Architectury Transformer DEBUG] Writing com/Morph/logisticspipes/security/ISecurityProvider with maxs=true frames=true
[Architectury Transformer DEBUG] Writing com/Morph/logisticspipes/routing/ServerRouter with maxs=true frames=true
[Architectury Transformer DEBUG] Writing com/Morph/logisticspipes/routing/ClientRouter with maxs=true frames=true
[Architectury Transformer DEBUG] Writing com/Morph/logisticspipes/routing/LogisticsExtraPromise with maxs=true frames=true
[Architectury Transformer DEBUG] Writing com/Morph/logisticspipes/routing/RouterCost with maxs=true frames=true
[Architectury Transformer DEBUG] Writing com/Morph/logisticspipes/routing/IRouterQueuedTask$CoreRoutedPipeRef with maxs=true frames=true
[Architectury Transformer DEBUG] Writing com/Morph/logisticspipes/routing/FluidLogisticsPromise with maxs=true frames=true
[Architectury Transformer DEBUG] Writing com/Morph/logisticspipes/routing/IRouterQueuedTask with maxs=true frames=true
[Architectury Transformer DEBUG] Writing com/Morph/logisticspipes/routing/IRouter with maxs=true frames=true
[Architectury Transformer DEBUG] Writing com/Morph/logisticspipes/routing/ExitRoute with maxs=true frames=true
[Architectury Transformer DEBUG] Writing com/Morph/logisticspipes/routing/ServerRouter$LSA with maxs=true frames=true
[Architectury Transformer DEBUG] Writing com/Morph/logisticspipes/routing/ItemRoutingInformation with maxs=true frames=true
[Architectury Transformer DEBUG] Writing com/Morph/logisticspipes/routing/RouterManager with maxs=true frames=true
[Architectury Transformer DEBUG] Writing com/Morph/logisticspipes/routing/LogisticsPromise with maxs=true frames=true
[Architectury Transformer DEBUG] Writing com/Morph/logisticspipes/routing/ItemRoutingInformation$DelayComparator with maxs=true frames=true
[Architectury Transformer DEBUG] Writing com/Morph/logisticspipes/routing/PipeRoutingConnectionType with maxs=true frames=true
[Architectury Transformer DEBUG] Writing com/Morph/logisticspipes/routing/pathfinder/IPipeInformationProvider with maxs=true frames=true
[Architectury Transformer DEBUG] Writing com/Morph/logisticspipes/routing/pathfinder/PathFinder with maxs=true frames=true
[Architectury Transformer DEBUG] Writing com/Morph/logisticspipes/routing/order/LogisticsFluidOrder with maxs=true frames=true
[Architectury Transformer DEBUG] Writing com/Morph/logisticspipes/routing/order/LogisticsItemOrderManager$LogisticsItemOrderExtra with maxs=true frames=true
[Architectury Transformer DEBUG] Writing com/Morph/logisticspipes/routing/order/LogisticsItemOrderManager with maxs=true frames=true
[Architectury Transformer DEBUG] Writing com/Morph/logisticspipes/routing/order/LogisticsOrderLinkedList with maxs=true frames=true
[Architectury Transformer DEBUG] Writing com/Morph/logisticspipes/routing/order/ClientSideOrderInfo with maxs=true frames=true
[Architectury Transformer DEBUG] Writing com/Morph/logisticspipes/routing/order/LogisticsOrder with maxs=true frames=true
[Architectury Transformer DEBUG] Writing com/Morph/logisticspipes/routing/order/DistanceTracker with maxs=true frames=true
[Architectury Transformer DEBUG] Writing com/Morph/logisticspipes/routing/order/LogisticsOrderLinkedList$IIdentityProvider with maxs=true frames=true
[Architectury Transformer DEBUG] Writing com/Morph/logisticspipes/routing/order/LinkedLogisticsOrderList with maxs=true frames=true
[Architectury Transformer DEBUG] Writing com/Morph/logisticspipes/routing/order/IDistanceTracker with maxs=true frames=true
[Architectury Transformer DEBUG] Writing com/Morph/logisticspipes/routing/order/LogisticsOrderManager with maxs=true frames=true
[Architectury Transformer DEBUG] Writing com/Morph/logisticspipes/routing/order/LogisticsItemOrderManager$IC with maxs=true frames=true
[Architectury Transformer DEBUG] Writing com/Morph/logisticspipes/routing/order/LogisticsFluidOrderManager$IC with maxs=true frames=true
[Architectury Transformer DEBUG] Writing com/Morph/logisticspipes/routing/order/IOrderInfoProvider with maxs=true frames=true
[Architectury Transformer DEBUG] Writing com/Morph/logisticspipes/routing/order/IOrderInfoProvider$ResourceType with maxs=true frames=true
[Architectury Transformer DEBUG] Writing com/Morph/logisticspipes/routing/order/LogisticsItemOrder with maxs=true frames=true
[Architectury Transformer DEBUG] Writing com/Morph/logisticspipes/routing/order/LogisticsFluidOrderManager with maxs=true frames=true
[Architectury Transformer DEBUG] Writing com/Morph/logisticspipes/routing/order/LogisticsOrder$ResourceType with maxs=true frames=true
[Architectury Transformer DEBUG] Writing com/Morph/logisticspipes/request/RequestTreeNode with maxs=true frames=true
[Architectury Transformer DEBUG] Writing com/Morph/logisticspipes/request/RequestTreeNode$CraftingSorterNode with maxs=true frames=true
[Architectury Transformer DEBUG] Writing com/Morph/logisticspipes/request/RequestTree$ActiveRequestType with maxs=true frames=true
[Architectury Transformer DEBUG] Writing com/Morph/logisticspipes/request/IExtraPromise with maxs=true frames=true
[Architectury Transformer DEBUG] Writing com/Morph/logisticspipes/request/ItemCraftingTemplate with maxs=true frames=true
[Architectury Transformer DEBUG] Writing com/Morph/logisticspipes/request/RequestTree with maxs=true frames=true
[Architectury Transformer DEBUG] Writing com/Morph/logisticspipes/request/IPromise with maxs=true frames=true
[Architectury Transformer DEBUG] Writing com/Morph/logisticspipes/request/RequestHandler$DisplayOptions with maxs=true frames=true
[Architectury Transformer DEBUG] Writing com/Morph/logisticspipes/request/RequestHandler$1 with maxs=true frames=true
[Architectury Transformer DEBUG] Writing com/Morph/logisticspipes/request/RequestHandler$3 with maxs=true frames=true
[Architectury Transformer DEBUG] Writing com/Morph/logisticspipes/request/RequestHandler$2 with maxs=true frames=true
[Architectury Transformer DEBUG] Writing com/Morph/logisticspipes/request/RequestHandler$4 with maxs=true frames=true
[Architectury Transformer DEBUG] Writing com/Morph/logisticspipes/request/RequestHandler with maxs=true frames=true
[Architectury Transformer DEBUG] Writing com/Morph/logisticspipes/request/RequestTree$WorkWeightedSorter with maxs=true frames=true
[Architectury Transformer DEBUG] Writing com/Morph/logisticspipes/request/IReqCraftingTemplate with maxs=true frames=true
[Architectury Transformer DEBUG] Writing com/Morph/logisticspipes/request/ICraftingTemplate with maxs=true frames=true
[Architectury Transformer DEBUG] Writing com/Morph/logisticspipes/request/RequestLog with maxs=true frames=true
[Architectury Transformer DEBUG] Writing com/Morph/logisticspipes/request/resources/DictResource with maxs=true frames=true
[Architectury Transformer DEBUG] Writing com/Morph/logisticspipes/request/resources/FluidResource with maxs=true frames=true
[Architectury Transformer DEBUG] Writing com/Morph/logisticspipes/request/resources/IResource with maxs=true frames=true
[Architectury Transformer DEBUG] Writing com/Morph/logisticspipes/request/resources/ItemResource with maxs=true frames=true
[Architectury Transformer DEBUG] Writing com/Morph/logisticspipes/request/resources/DictResource$FuzzyFlag with maxs=true frames=true
[Architectury Transformer DEBUG] Writing com/Morph/logisticspipes/request/resources/IResource$MatchSettings with maxs=true frames=true
[Architectury Transformer DEBUG] Writing com/Morph/logisticspipes/request/resources/ItemResource$1 with maxs=true frames=true
[Architectury Transformer DEBUG] Writing com/Morph/logisticspipes/proxy/computers/interfaces/ILPCCTypeHolder with maxs=true frames=true
[Architectury Transformer DEBUG] Writing com/Morph/logisticspipes/power/FreePowerProvider with maxs=true frames=true
[Architectury Transformer DEBUG] Writing com/Morph/logisticspipes/power/IPowerProvider with maxs=true frames=true
[Architectury Transformer DEBUG] Writing com/Morph/logisticspipes/platform/IPlatformHelper with maxs=true frames=true
[Architectury Transformer DEBUG] Writing com/Morph/logisticspipes/platform/PlatformHelper with maxs=true frames=true
[Architectury Transformer DEBUG] Writing com/Morph/logisticspipes/pipes/PipeItemsRequestLogistics with maxs=true frames=true
[Architectury Transformer DEBUG] Writing com/Morph/logisticspipes/pipes/PipeBlockRequestTable$PipeTransportRequestTable with maxs=true frames=true
[Architectury Transformer DEBUG] Writing com/Morph/logisticspipes/pipes/PipeItemsRemoteOrdererLogistics$1 with maxs=true frames=true
[Architectury Transformer DEBUG] Writing com/Morph/logisticspipes/pipes/PipeItemsBasicLogistics with maxs=true frames=true
[Architectury Transformer DEBUG] Writing com/Morph/logisticspipes/pipes/PipeFluidSatellite with maxs=true frames=true
[Architectury Transformer DEBUG] Writing com/Morph/logisticspipes/pipes/PipeFluidSupplier with maxs=true frames=true
[Architectury Transformer DEBUG] Writing com/Morph/logisticspipes/pipes/PipeItemsSupplierLogistics with maxs=true frames=true
[Architectury Transformer DEBUG] Writing com/Morph/logisticspipes/pipes/PipeItemsRemoteOrdererLogistics with maxs=true frames=true
[Architectury Transformer DEBUG] Writing com/Morph/logisticspipes/pipes/PipeItemsCraftingLogistics$1 with maxs=true frames=true
[Architectury Transformer DEBUG] Writing com/Morph/logisticspipes/pipes/PipeFluidInsertion with maxs=true frames=true
[Architectury Transformer DEBUG] Writing com/Morph/logisticspipes/pipes/PipeItemsRequestLogisticsMk3 with maxs=true frames=true
[Architectury Transformer DEBUG] Writing com/Morph/logisticspipes/pipes/PipeLogisticsChassis$ChassiTargetInformation with maxs=true frames=true
[Architectury Transformer DEBUG] Writing com/Morph/logisticspipes/pipes/PipeFluidBasic with maxs=true frames=true
[Architectury Transformer DEBUG] Writing com/Morph/logisticspipes/pipes/PipeFluidSupplierMk2$1 with maxs=true frames=true
[Architectury Transformer DEBUG] Writing com/Morph/logisticspipes/pipes/PipeFluidSupplierMk2 with maxs=true frames=true
[Architectury Transformer DEBUG] Writing com/Morph/logisticspipes/pipes/PipeItemsCraftingLogisticsMk2 with maxs=true frames=true
[Architectury Transformer DEBUG] Writing com/Morph/logisticspipes/pipes/PipeItemsRequestLogisticsMk2 with maxs=true frames=true
[Architectury Transformer DEBUG] Writing com/Morph/logisticspipes/pipes/PipeItemsCraftingLogisticsMk3 with maxs=true frames=true
[Architectury Transformer DEBUG] Writing com/Morph/logisticspipes/pipes/PipeItemsCraftingLogisticsMk3$1 with maxs=true frames=true
[Architectury Transformer DEBUG] Writing com/Morph/logisticspipes/pipes/PipeFluidRequestLogistics with maxs=true frames=true
[Architectury Transformer DEBUG] Writing com/Morph/logisticspipes/pipes/PipeItemsSupplierLogistics$1 with maxs=true frames=true
[Architectury Transformer DEBUG] Writing com/Morph/logisticspipes/pipes/PipeItemsBasicTransport with maxs=true frames=true
[Architectury Transformer DEBUG] Writing com/Morph/logisticspipes/pipes/PipeFluidRequestLogistics$1 with maxs=true frames=true
[Architectury Transformer DEBUG] Writing com/Morph/logisticspipes/pipes/PipeLogisticsChassis$1 with maxs=true frames=true
[Architectury Transformer DEBUG] Writing com/Morph/logisticspipes/pipes/PipeLogisticsChassis$2 with maxs=true frames=true
[Architectury Transformer DEBUG] Writing com/Morph/logisticspipes/pipes/PipeItemsCraftingLogisticsMk2$1 with maxs=true frames=true
[Architectury Transformer DEBUG] Writing com/Morph/logisticspipes/pipes/PipeFluidCrafting with maxs=true frames=true
[Architectury Transformer DEBUG] Writing com/Morph/logisticspipes/pipes/PipeFluidProvider with maxs=true frames=true
[Architectury Transformer DEBUG] Writing com/Morph/logisticspipes/pipes/PipeItemsRequestLogisticsMk3$2 with maxs=true frames=true
[Architectury Transformer DEBUG] Writing com/Morph/logisticspipes/pipes/PipeItemsRequestLogistics$2 with maxs=true frames=true
[Architectury Transformer DEBUG] Writing com/Morph/logisticspipes/pipes/PipeItemsRequestLogisticsMk3$1 with maxs=true frames=true
[Architectury Transformer DEBUG] Writing com/Morph/logisticspipes/pipes/PipeItemsCraftingLogistics with maxs=true frames=true
[Architectury Transformer DEBUG] Writing com/Morph/logisticspipes/pipes/PipeBlockRequestTable with maxs=true frames=true
[Architectury Transformer DEBUG] Writing com/Morph/logisticspipes/pipes/PipeItemsRequestLogistics$1 with maxs=true frames=true
[Architectury Transformer DEBUG] Writing com/Morph/logisticspipes/pipes/PipeItemsBasicLogistics$1 with maxs=true frames=true
[Architectury Transformer DEBUG] Writing com/Morph/logisticspipes/pipes/PipeItemsRequestLogisticsMk2$2 with maxs=true frames=true
[Architectury Transformer DEBUG] Writing com/Morph/logisticspipes/pipes/PipeItemsRequestLogisticsMk2$1 with maxs=true frames=true
[Architectury Transformer DEBUG] Writing com/Morph/logisticspipes/pipes/PipeItemsProviderLogistics with maxs=true frames=true
[Architectury Transformer DEBUG] Writing com/Morph/logisticspipes/pipes/PipeFluidSatellite$1 with maxs=true frames=true
[Architectury Transformer DEBUG] Writing com/Morph/logisticspipes/pipes/PipeItemsFluidSupplier$1 with maxs=true frames=true
[Architectury Transformer DEBUG] Writing com/Morph/logisticspipes/pipes/PipeItemsChassisMk3 with maxs=true frames=true
[Architectury Transformer DEBUG] Writing com/Morph/logisticspipes/pipes/PipeItemsQuickSortLogistics with maxs=true frames=true
[Architectury Transformer DEBUG] Writing com/Morph/logisticspipes/pipes/PipeItemsChassisMk2 with maxs=true frames=true
[Architectury Transformer DEBUG] Writing com/Morph/logisticspipes/pipes/PipeItemsFluidSupplier$2 with maxs=true frames=true
[Architectury Transformer DEBUG] Writing com/Morph/logisticspipes/pipes/PipeLogisticsChassis with maxs=true frames=true
[Architectury Transformer DEBUG] Writing com/Morph/logisticspipes/pipes/PipeItemsSatelliteLogistics with maxs=true frames=true
[Architectury Transformer DEBUG] Writing com/Morph/logisticspipes/pipes/PipeItemsSystemDestinationLogistics with maxs=true frames=true
[Architectury Transformer DEBUG] Writing com/Morph/logisticspipes/pipes/PipeItemsChassisMk4 with maxs=true frames=true
[Architectury Transformer DEBUG] Writing com/Morph/logisticspipes/pipes/PipeItemsChassisMk1 with maxs=true frames=true
[Architectury Transformer DEBUG] Writing com/Morph/logisticspipes/pipes/PipeItemsChassisMk5 with maxs=true frames=true
[Architectury Transformer DEBUG] Writing com/Morph/logisticspipes/pipes/PipeItemsFirewall$2 with maxs=true frames=true
[Architectury Transformer DEBUG] Writing com/Morph/logisticspipes/pipes/PipeItemsFluidSupplier with maxs=true frames=true
[Architectury Transformer DEBUG] Writing com/Morph/logisticspipes/pipes/PipeItemsFirewall$1 with maxs=true frames=true
[Architectury Transformer DEBUG] Writing com/Morph/logisticspipes/pipes/PipeFluidExtractor with maxs=true frames=true
[Architectury Transformer DEBUG] Writing com/Morph/logisticspipes/pipes/PipeFluidProvider$PendingDelivery with maxs=true frames=true
[Architectury Transformer DEBUG] Writing com/Morph/logisticspipes/pipes/PipeItemsSatelliteLogistics$1 with maxs=true frames=true
[Architectury Transformer DEBUG] Writing com/Morph/logisticspipes/pipes/PipeItemsFirewall with maxs=true frames=true
[Architectury Transformer DEBUG] Writing com/Morph/logisticspipes/pipes/PipeItemsProviderLogistics$1 with maxs=true frames=true
[Architectury Transformer DEBUG] Writing com/Morph/logisticspipes/pipes/PipeItemsSystemEntranceLogistics with maxs=true frames=true
[Architectury Transformer DEBUG] Writing com/Morph/logisticspipes/pipes/PipeBlockRequestTable$1 with maxs=true frames=true
[Architectury Transformer DEBUG] Writing com/Morph/logisticspipes/pipes/upgrades/SpeedUpgrade with maxs=true frames=true
[Architectury Transformer DEBUG] Writing com/Morph/logisticspipes/pipes/upgrades/UpgradeModuleUpgrade with maxs=true frames=true
[Architectury Transformer DEBUG] Writing com/Morph/logisticspipes/pipes/upgrades/CombinedSneakyUpgrade with maxs=true frames=true
[Architectury Transformer DEBUG] Writing com/Morph/logisticspipes/pipes/upgrades/ConnectionUpgradeConfig$Sides with maxs=true frames=true
[Architectury Transformer DEBUG] Writing com/Morph/logisticspipes/pipes/upgrades/PowerTransportationUpgrade with maxs=true frames=true
[Architectury Transformer DEBUG] Writing com/Morph/logisticspipes/pipes/upgrades/IConfigPipeUpgrade with maxs=true frames=true
[Architectury Transformer DEBUG] Writing com/Morph/logisticspipes/pipes/upgrades/UpgradeManager$1 with maxs=true frames=true
[Architectury Transformer DEBUG] Writing com/Morph/logisticspipes/pipes/upgrades/SneakyUpgradeConfig with maxs=true frames=true
[Architectury Transformer DEBUG] Writing com/Morph/logisticspipes/pipes/upgrades/AdvancedSatelliteUpgrade with maxs=true frames=true
[Architectury Transformer DEBUG] Writing com/Morph/logisticspipes/pipes/upgrades/ModuleUpgradeManager with maxs=true frames=true
[Architectury Transformer DEBUG] Writing com/Morph/logisticspipes/pipes/upgrades/ConnectionUpgradeConfig with maxs=true frames=true
[Architectury Transformer DEBUG] Writing com/Morph/logisticspipes/pipes/upgrades/ActionSpeedUpgrade with maxs=true frames=true
[Architectury Transformer DEBUG] Writing com/Morph/logisticspipes/pipes/upgrades/LogicControllerUpgrade with maxs=true frames=true
[Architectury Transformer DEBUG] Writing com/Morph/logisticspipes/pipes/upgrades/SneakyUpgradeConfig$Sides with maxs=true frames=true
[Architectury Transformer DEBUG] Writing com/Morph/logisticspipes/pipes/upgrades/UpgradeManager with maxs=true frames=true
[Architectury Transformer DEBUG] Writing com/Morph/logisticspipes/pipes/upgrades/FuzzyUpgrade with maxs=true frames=true
[Architectury Transformer DEBUG] Writing com/Morph/logisticspipes/pipes/upgrades/CraftingCleanupUpgrade with maxs=true frames=true
[Architectury Transformer DEBUG] Writing com/Morph/logisticspipes/pipes/upgrades/CraftingMonitoringUpgrade with maxs=true frames=true
[Architectury Transformer DEBUG] Writing com/Morph/logisticspipes/pipes/upgrades/CraftingByproductUpgrade with maxs=true frames=true
[Architectury Transformer DEBUG] Writing com/Morph/logisticspipes/pipes/upgrades/ItemExtractionUpgrade with maxs=true frames=true
[Architectury Transformer DEBUG] Writing com/Morph/logisticspipes/pipes/upgrades/FluidCraftingUpgrade with maxs=true frames=true
[Architectury Transformer DEBUG] Writing com/Morph/logisticspipes/pipes/upgrades/PatternUpgrade with maxs=true frames=true
[Architectury Transformer DEBUG] Writing com/Morph/logisticspipes/pipes/upgrades/ItemStackExtractionUpgrade with maxs=true frames=true
[Architectury Transformer DEBUG] Writing com/Morph/logisticspipes/pipes/upgrades/OpaqueUpgrade with maxs=true frames=true
[Architectury Transformer DEBUG] Writing com/Morph/logisticspipes/pipes/upgrades/IPipeUpgrade with maxs=true frames=true
[Architectury Transformer DEBUG] Writing com/Morph/logisticspipes/pipes/basic/CoreRoutedPipe with maxs=true frames=true
[Architectury Transformer DEBUG] Writing com/Morph/logisticspipes/pipes/basic/LogisticsPipeBlock with maxs=true frames=true
[Architectury Transformer DEBUG] Writing com/Morph/logisticspipes/pipes/basic/CoreUnroutedPipe with maxs=true frames=true
[Architectury Transformer DEBUG] Writing com/Morph/logisticspipes/pipes/basic/CoreRoutedPipe$1 with maxs=true frames=true
[Architectury Transformer DEBUG] Writing com/Morph/logisticspipes/pipes/basic/LogisticsPipeBlockEntity with maxs=true frames=true
[Architectury Transformer DEBUG] Writing com/Morph/logisticspipes/pipes/basic/CoreRoutedPipe$ItemSendMode with maxs=true frames=true
[Architectury Transformer DEBUG] Writing com/Morph/logisticspipes/pipefxhandlers/Particles with maxs=true frames=true
[Architectury Transformer DEBUG] Writing com/Morph/logisticspipes/network/LPNetworking with maxs=true frames=true
[Architectury Transformer DEBUG] Writing com/Morph/logisticspipes/network/PacketItemSinkImportC2S with maxs=true frames=true
[Architectury Transformer DEBUG] Writing com/Morph/logisticspipes/network/PacketChassisSlotsS2C with maxs=true frames=true
[Architectury Transformer DEBUG] Writing com/Morph/logisticspipes/network/PacketNetworkItemsS2C with maxs=true frames=true
[Architectury Transformer DEBUG] Writing com/Morph/logisticspipes/network/PacketSecurityFriendC2S with maxs=true frames=true
[Architectury Transformer DEBUG] Writing com/Morph/logisticspipes/network/PacketModulePropertiesC2S with maxs=true frames=true
[Architectury Transformer DEBUG] Writing com/Morph/logisticspipes/network/PacketMissingItemsS2C with maxs=true frames=true
[Architectury Transformer DEBUG] Writing com/Morph/logisticspipes/network/PacketItemBufferSyncS2C with maxs=true frames=true
[Architectury Transformer DEBUG] Writing com/Morph/logisticspipes/network/PacketComponentListS2C with maxs=true frames=true
[Architectury Transformer DEBUG] Writing com/Morph/logisticspipes/network/PacketPipeManagerContentS2C with maxs=true frames=true
[Architectury Transformer DEBUG] Writing com/Morph/logisticspipes/network/LPNetworking$10 with maxs=true frames=true
[Architectury Transformer DEBUG] Writing com/Morph/logisticspipes/network/PacketSecurityStationS2C with maxs=true frames=true
[Architectury Transformer DEBUG] Writing com/Morph/logisticspipes/network/PacketPipeStateS2C with maxs=true frames=true
[Architectury Transformer DEBUG] Writing com/Morph/logisticspipes/network/PacketOrdererContentS2C with maxs=true frames=true
[Architectury Transformer DEBUG] Writing com/Morph/logisticspipes/network/PacketPipePositionS2C with maxs=true frames=true
[Architectury Transformer DEBUG] Writing com/Morph/logisticspipes/network/PacketFirewallFlagsC2S with maxs=true frames=true
[Architectury Transformer DEBUG] Writing com/Morph/logisticspipes/network/PacketSubmitRequestC2S with maxs=true frames=true
[Architectury Transformer DEBUG] Writing com/Morph/logisticspipes/network/PacketSupplierModeC2S with maxs=true frames=true
[Architectury Transformer DEBUG] Writing com/Morph/logisticspipes/network/PacketPipeStatS2C with maxs=true frames=true
[Architectury Transformer DEBUG] Writing com/Morph/logisticspipes/network/PacketFluidNetworkS2C with maxs=true frames=true
[Architectury Transformer DEBUG] Writing com/Morph/logisticspipes/network/PacketSatelliteNamesS2C with maxs=true frames=true
[Architectury Transformer DEBUG] Writing com/Morph/logisticspipes/network/PacketSecurityLevelC2S with maxs=true frames=true
[Architectury Transformer DEBUG] Writing com/Morph/logisticspipes/network/PacketCraftingPipeUpdateS2C with maxs=true frames=true
[Architectury Transformer DEBUG] Writing com/Morph/logisticspipes/network/PacketPipeSyncS2C with maxs=true frames=true
[Architectury Transformer DEBUG] Writing com/Morph/logisticspipes/network/PacketRequestTableC2S with maxs=true frames=true
[Architectury Transformer DEBUG] Writing com/Morph/logisticspipes/network/PacketRequestItemC2S with maxs=true frames=true
[Architectury Transformer DEBUG] Writing com/Morph/logisticspipes/network/PacketRequestStatC2S with maxs=true frames=true
[Architectury Transformer DEBUG] Writing com/Morph/logisticspipes/network/LPNetworking$3 with maxs=true frames=true
[Architectury Transformer DEBUG] Writing com/Morph/logisticspipes/network/LPNetworking$4 with maxs=true frames=true
[Architectury Transformer DEBUG] Writing com/Morph/logisticspipes/network/LPNetworking$6 with maxs=true frames=true
[Architectury Transformer DEBUG] Writing com/Morph/logisticspipes/network/LPNetworking$9 with maxs=true frames=true
[Architectury Transformer DEBUG] Writing com/Morph/logisticspipes/network/PacketSatelliteSetNameC2S with maxs=true frames=true
[Architectury Transformer DEBUG] Writing com/Morph/logisticspipes/network/LPNetworking$7 with maxs=true frames=true
[Architectury Transformer DEBUG] Writing com/Morph/logisticspipes/network/LPNetworking$2 with maxs=true frames=true
[Architectury Transformer DEBUG] Writing com/Morph/logisticspipes/network/LPNetworking$5 with maxs=true frames=true
[Architectury Transformer DEBUG] Writing com/Morph/logisticspipes/network/LPNetworking$8 with maxs=true frames=true
[Architectury Transformer DEBUG] Writing com/Morph/logisticspipes/network/LPNetworking$1 with maxs=true frames=true
[Architectury Transformer DEBUG] Writing com/Morph/logisticspipes/network/PacketSneakySideC2S with maxs=true frames=true
[Architectury Transformer DEBUG] Writing com/Morph/logisticspipes/network/PacketModuleInvS2C with maxs=true frames=true
[Architectury Transformer DEBUG] Writing com/Morph/logisticspipes/network/PacketOpenGuiC2S with maxs=true frames=true
[Architectury Transformer DEBUG] Writing com/Morph/logisticspipes/network/PacketConnectionSidesC2S with maxs=true frames=true
[Architectury Transformer DEBUG] Writing com/Morph/logisticspipes/network/PacketRequestFluidC2S with maxs=true frames=true
[Architectury Transformer DEBUG] Writing com/Morph/logisticspipes/network/PacketModuleInvRequestC2S with maxs=true frames=true
[Architectury Transformer DEBUG] Writing com/Morph/logisticspipes/modules/ModuleItemSink with maxs=true frames=true
[Architectury Transformer DEBUG] Writing com/Morph/logisticspipes/modules/ModuleTerminus with maxs=true frames=true
[Architectury Transformer DEBUG] Writing com/Morph/logisticspipes/modules/ModulePolymorphicItemSink with maxs=true frames=true
[Architectury Transformer DEBUG] Writing com/Morph/logisticspipes/modules/ModuleEnchantmentSink with maxs=true frames=true
[Architectury Transformer DEBUG] Writing com/Morph/logisticspipes/modules/ModuleSatellite with maxs=true frames=true
[Architectury Transformer DEBUG] Writing com/Morph/logisticspipes/modules/ModuleFluidSupplier with maxs=true frames=true
[Architectury Transformer DEBUG] Writing com/Morph/logisticspipes/modules/ChassisModule with maxs=true frames=true
[Architectury Transformer DEBUG] Writing com/Morph/logisticspipes/modules/ModuleCrafterMk2 with maxs=true frames=true
[Architectury Transformer DEBUG] Writing com/Morph/logisticspipes/modules/ModuleCrafterMk3 with maxs=true frames=true
[Architectury Transformer DEBUG] Writing com/Morph/logisticspipes/modules/ModuleProvider with maxs=true frames=true
[Architectury Transformer DEBUG] Writing com/Morph/logisticspipes/modules/ModuleCrafter with maxs=true frames=true
[Architectury Transformer DEBUG] Writing com/Morph/logisticspipes/modules/ModuleCreativeTabBasedItemSink with maxs=true frames=true
[Architectury Transformer DEBUG] Writing com/Morph/logisticspipes/modules/ModuleExtractor with maxs=true frames=true
[Architectury Transformer DEBUG] Writing com/Morph/logisticspipes/modules/ModuleActiveSupplier with maxs=true frames=true
[Architectury Transformer DEBUG] Writing com/Morph/logisticspipes/modules/ModuleCrafter$LostItem with maxs=true frames=true
[Architectury Transformer DEBUG] Writing com/Morph/logisticspipes/modules/ModuleModBasedItemSink with maxs=true frames=true
[Architectury Transformer DEBUG] Writing com/Morph/logisticspipes/modules/LogisticsModule with maxs=true frames=true
[Architectury Transformer DEBUG] Writing com/Morph/logisticspipes/modules/LogisticsModule$ModulePositionType with maxs=true frames=true
[Architectury Transformer DEBUG] Writing com/Morph/logisticspipes/modules/ModuleOreDictItemSink with maxs=true frames=true
[Architectury Transformer DEBUG] Writing com/Morph/logisticspipes/modules/ModuleActiveSupplier$PatternMode with maxs=true frames=true
[Architectury Transformer DEBUG] Writing com/Morph/logisticspipes/modules/ModuleEnchantmentSinkMK2 with maxs=true frames=true
[Architectury Transformer DEBUG] Writing com/Morph/logisticspipes/modules/ModulePassiveSupplier with maxs=true frames=true
[Architectury Transformer DEBUG] Writing com/Morph/logisticspipes/modules/ModuleActiveSupplier$SupplyMode with maxs=true frames=true
[Architectury Transformer DEBUG] Writing com/Morph/logisticspipes/logisticspipes/ItemModuleInformationManager with maxs=true frames=true
[Architectury Transformer DEBUG] Writing com/Morph/logisticspipes/logisticspipes/IRoutedItem with maxs=true frames=true
[Architectury Transformer DEBUG] Writing com/Morph/logisticspipes/logisticspipes/IRoutedItem$TransportMode with maxs=true frames=true
[Architectury Transformer DEBUG] Writing com/Morph/logisticspipes/items/PipeBlockItem with maxs=true frames=true
[Architectury Transformer DEBUG] Writing com/Morph/logisticspipes/items/ItemUpgrade with maxs=true frames=true
[Architectury Transformer DEBUG] Writing com/Morph/logisticspipes/items/ItemModule with maxs=true frames=true
[Architectury Transformer DEBUG] Writing com/Morph/logisticspipes/items/ItemUpgrade$2 with maxs=true frames=true
[Architectury Transformer DEBUG] Writing com/Morph/logisticspipes/items/ItemUpgrade$1 with maxs=true frames=true
[Architectury Transformer DEBUG] Writing com/Morph/logisticspipes/inventory/ProviderMode with maxs=true frames=true
[Architectury Transformer DEBUG] Writing com/Morph/logisticspipes/interfaces/ILPItemAcceptor with maxs=true frames=true
[Architectury Transformer DEBUG] Writing com/Morph/logisticspipes/interfaces/IRequestWatcher with maxs=true frames=true
[Architectury Transformer DEBUG] Writing com/Morph/logisticspipes/interfaces/IGuiTileEntity with maxs=true frames=true
[Architectury Transformer DEBUG] Writing com/Morph/logisticspipes/interfaces/ISpawnParticles with maxs=true frames=true
[Architectury Transformer DEBUG] Writing com/Morph/logisticspipes/interfaces/IInventoryUtil with maxs=true frames=true
[Architectury Transformer DEBUG] Writing com/Morph/logisticspipes/interfaces/IChangeListener with maxs=true frames=true
[Architectury Transformer DEBUG] Writing com/Morph/logisticspipes/interfaces/ISlotUpgradeManager with maxs=true frames=true
[Architectury Transformer DEBUG] Writing com/Morph/logisticspipes/interfaces/ISpecialInsertion with maxs=true frames=true
[Architectury Transformer DEBUG] Writing com/Morph/logisticspipes/interfaces/ISecurityStationManager with maxs=true frames=true
[Architectury Transformer DEBUG] Writing com/Morph/logisticspipes/interfaces/IPipeUpgradeManager with maxs=true frames=true
[Architectury Transformer DEBUG] Writing com/Morph/logisticspipes/interfaces/ISendRoutedItem with maxs=true frames=true
[Architectury Transformer DEBUG] Writing com/Morph/logisticspipes/interfaces/IStringBasedModule with maxs=true frames=true
[Architectury Transformer DEBUG] Writing com/Morph/logisticspipes/interfaces/IChainAddList with maxs=true frames=true
[Architectury Transformer DEBUG] Writing com/Morph/logisticspipes/interfaces/IItemSpaceControl with maxs=true frames=true
[Architectury Transformer DEBUG] Writing com/Morph/logisticspipes/interfaces/ILPPositionProvider with maxs=true frames=true
[Architectury Transformer DEBUG] Writing com/Morph/logisticspipes/interfaces/IPipeServiceProvider with maxs=true frames=true
[Architectury Transformer DEBUG] Writing com/Morph/logisticspipes/interfaces/ILegacyActiveModule with maxs=true frames=true
[Architectury Transformer DEBUG] Writing com/Morph/logisticspipes/interfaces/routing/IRequestItems with maxs=true frames=true
[Architectury Transformer DEBUG] Writing com/Morph/logisticspipes/interfaces/routing/IProvide with maxs=true frames=true
[Architectury Transformer DEBUG] Writing com/Morph/logisticspipes/interfaces/routing/IFilter with maxs=true frames=true
[Architectury Transformer DEBUG] Writing com/Morph/logisticspipes/interfaces/routing/ICraft with maxs=true frames=true
[Architectury Transformer DEBUG] Writing com/Morph/logisticspipes/interfaces/routing/IItemSpaceControl with maxs=true frames=true
[Architectury Transformer DEBUG] Writing com/Morph/logisticspipes/interfaces/routing/IRequireReliableTransport with maxs=true frames=true
[Architectury Transformer DEBUG] Writing com/Morph/logisticspipes/interfaces/routing/IProvideItems with maxs=true frames=true
[Architectury Transformer DEBUG] Writing com/Morph/logisticspipes/interfaces/routing/IRequest with maxs=true frames=true
[Architectury Transformer DEBUG] Writing com/Morph/logisticspipes/interfaces/routing/IProvideFluids with maxs=true frames=true
[Architectury Transformer DEBUG] Writing com/Morph/logisticspipes/interfaces/routing/IFilteringPipe with maxs=true frames=true
[Architectury Transformer DEBUG] Writing com/Morph/logisticspipes/interfaces/routing/ICraftItems with maxs=true frames=true
[Architectury Transformer DEBUG] Writing com/Morph/logisticspipes/interfaces/routing/IRequestFluid with maxs=true frames=true
[Architectury Transformer DEBUG] Writing com/Morph/logisticspipes/interfaces/routing/IAdditionalTargetInformation with maxs=true frames=true
[Architectury Transformer DEBUG] Writing com/Morph/logisticspipes/gui/GhostSlot with maxs=true frames=true
[Architectury Transformer DEBUG] Writing com/Morph/logisticspipes/gui/screen/ScreenCreativeTabBasedItemSink with maxs=true frames=true
[Architectury Transformer DEBUG] Writing com/Morph/logisticspipes/gui/screen/ScreenOreDictItemSink with maxs=true frames=true
[Architectury Transformer DEBUG] Writing com/Morph/logisticspipes/gui/screen/ScreenProviderFilter with maxs=true frames=true
[Architectury Transformer DEBUG] Writing com/Morph/logisticspipes/gui/screen/ScreenModBasedItemSink with maxs=true frames=true
[Architectury Transformer DEBUG] Writing com/Morph/logisticspipes/gui/screen/ScreenRequestTable with maxs=true frames=true
[Architectury Transformer DEBUG] Writing com/Morph/logisticspipes/gui/screen/ScreenCrafter with maxs=true frames=true
[Architectury Transformer DEBUG] Writing com/Morph/logisticspipes/gui/screen/ScreenSupplier with maxs=true frames=true
[Architectury Transformer DEBUG] Writing com/Morph/logisticspipes/gui/screen/ScreenFluidRequest with maxs=true frames=true
[Architectury Transformer DEBUG] Writing com/Morph/logisticspipes/gui/screen/ScreenSneakyUpgrade with maxs=true frames=true
[Architectury Transformer DEBUG] Writing com/Morph/logisticspipes/gui/screen/ScreenConnectionUpgrade with maxs=true frames=true
[Architectury Transformer DEBUG] Writing com/Morph/logisticspipes/gui/screen/ScreenSecurityStation with maxs=true frames=true
[Architectury Transformer DEBUG] Writing com/Morph/logisticspipes/gui/screen/ScreenFirewall with maxs=true frames=true
[Architectury Transformer DEBUG] Writing com/Morph/logisticspipes/gui/screen/ScreenItemSink with maxs=true frames=true
[Architectury Transformer DEBUG] Writing com/Morph/logisticspipes/gui/screen/ScreenChassis with maxs=true frames=true
[Architectury Transformer DEBUG] Writing com/Morph/logisticspipes/gui/screen/ScreenUpgrade with maxs=true frames=true
[Architectury Transformer DEBUG] Writing com/Morph/logisticspipes/gui/screen/ScreenEnchantmentSinkMK2 with maxs=true frames=true
[Architectury Transformer DEBUG] Writing com/Morph/logisticspipes/gui/screen/ScreenRequest with maxs=true frames=true
[Architectury Transformer DEBUG] Writing com/Morph/logisticspipes/gui/screen/ScreenSatellite with maxs=true frames=true
[Architectury Transformer DEBUG] Writing com/Morph/logisticspipes/gui/screen/ScreenFluidSupplierMk2 with maxs=true frames=true
[Architectury Transformer DEBUG] Writing com/Morph/logisticspipes/gui/menu/MenuRequest with maxs=true frames=true
[Architectury Transformer DEBUG] Writing com/Morph/logisticspipes/gui/menu/MenuConnectionUpgrade with maxs=true frames=true
[Architectury Transformer DEBUG] Writing com/Morph/logisticspipes/gui/menu/MenuFluidSupplierMk2 with maxs=true frames=true
[Architectury Transformer DEBUG] Writing com/Morph/logisticspipes/gui/menu/MenuSecurityStation with maxs=true frames=true
[Architectury Transformer DEBUG] Writing com/Morph/logisticspipes/gui/menu/MenuOreDictItemSink with maxs=true frames=true
[Architectury Transformer DEBUG] Writing com/Morph/logisticspipes/gui/menu/MenuSatellite with maxs=true frames=true
[Architectury Transformer DEBUG] Writing com/Morph/logisticspipes/gui/menu/MenuSupplier with maxs=true frames=true
[Architectury Transformer DEBUG] Writing com/Morph/logisticspipes/gui/menu/MenuSneakyUpgrade with maxs=true frames=true
[Architectury Transformer DEBUG] Writing com/Morph/logisticspipes/gui/menu/MenuUpgrade$UpgradeSlot with maxs=true frames=true
[Architectury Transformer DEBUG] Writing com/Morph/logisticspipes/gui/menu/MenuCrafter with maxs=true frames=true
[Architectury Transformer DEBUG] Writing com/Morph/logisticspipes/gui/menu/MenuModBasedItemSink with maxs=true frames=true
[Architectury Transformer DEBUG] Writing com/Morph/logisticspipes/gui/menu/MenuEnchantmentSinkMK2 with maxs=true frames=true
[Architectury Transformer DEBUG] Writing com/Morph/logisticspipes/gui/menu/MenuRequestTable with maxs=true frames=true
[Architectury Transformer DEBUG] Writing com/Morph/logisticspipes/gui/menu/MenuFirewall with maxs=true frames=true
[Architectury Transformer DEBUG] Writing com/Morph/logisticspipes/gui/menu/MenuProviderFilter with maxs=true frames=true
[Architectury Transformer DEBUG] Writing com/Morph/logisticspipes/gui/menu/MenuItemSink with maxs=true frames=true
[Architectury Transformer DEBUG] Writing com/Morph/logisticspipes/gui/menu/MenuUpgrade with maxs=true frames=true
[Architectury Transformer DEBUG] Writing com/Morph/logisticspipes/gui/menu/MenuChassis with maxs=true frames=true
[Architectury Transformer DEBUG] Writing com/Morph/logisticspipes/gui/menu/MenuCreativeTabBasedItemSink with maxs=true frames=true
[Architectury Transformer DEBUG] Writing com/Morph/logisticspipes/gui/menu/MenuFluidRequest with maxs=true frames=true
[Architectury Transformer DEBUG] Writing com/Morph/logisticspipes/config/LPConfig with maxs=true frames=true
[Architectury Transformer DEBUG] Writing com/Morph/logisticspipes/client/LPPipeRenderer with maxs=true frames=true
[Architectury Transformer DEBUG] Writing com/Morph/logisticspipes/client/LPPipeRenderer$RenderState with maxs=true frames=true
[Architectury Transformer DEBUG] Writing com/Morph/logisticspipes/client/LPPipeRenderer$ItemSnapshot with maxs=true frames=true
[Architectury Transformer DEBUG] Writing com/Morph/logisticspipes/client/LPOverlayRenderer with maxs=true frames=true
[Architectury Transformer DEBUG] Closed File Systems for F:\Minecraft modding\Projects\Fabric-Neoforge\Logistic Pipes 2\common\build\libs\morph-common-1.0.0-transformProductionNeoForge.jar
[Architectury Transformer] Transformed jar with 5 transformer(s) in 1.483 s
